area_px,centroid_error_radii,size_stratum
96,0.0,small
96,0.0778756794638578,small
96,0.0778756794638578,small
96,0.0,small
96,0.0,small
96,0.0,small
123,0.0,small
123,0.0336711042282188,small
123,0.0184146200395472,small
123,0.0184146200395472,small
123,0.0336711042282188,small
123,0.0184146200395472,small
579,0.0,medium
579,0.0240285701753751,medium
579,0.0240285701753751,medium
579,0.0240285701753751,medium
579,0.0157428635088624,medium
579,0.0,medium
1156,0.0,large
1156,0.0271960048158652,large
1156,0.0330088873258218,large
1156,0.0330088873258218,large
1156,0.0271960048158652,large
1156,0.0271960048158652,large
1075,0.0143208932269625,large
1075,0.0143208932269625,large
1075,0.0,large
1075,0.0,large
1075,0.0143208932269625,large
1075,0.0,large
1194,0.0099915443582902,large
1194,0.0115395540302028,large
1194,0.0099915443582902,large
1194,0.0,large
1194,0.0,large
1194,0.0099915443582902,large
672,0.007182850018663,medium
672,0.0074224778469322,medium
672,0.0,medium
672,0.0074224778469322,medium
672,0.007182850018663,medium
672,0.0,medium
1115,0.0109838232179601,large
1115,0.0109838232179601,large
1115,0.0109838232179601,large
1115,0.0,large
1115,0.0141266566986306,large
1115,0.0,large
1975,0.072144420572451,large
1975,0.072144420572451,large
1975,0.099399473914684,large
1975,0.0,large
1975,0.0,large
1975,0.099399473914684,large
3861,0.0025365630726966,large
3861,0.0027556534087522,large
3861,0.0,large
3861,0.0,large
3861,0.0025365630726966,large
3861,0.0,large
685,0.0,medium
685,0.0077389489009928,medium
685,0.0077389489009928,medium
685,0.0,medium
685,0.0,medium
685,0.0077389489009928,medium
3838,0.003599736170332,large
3838,0.003599736170332,large
3838,0.0,large
3838,0.003599736170332,large
3838,0.003599736170332,large
3838,0.003599736170332,large
1237,0.0032941845316473,large
1237,0.0,large
1237,0.0,large
1237,0.0,large
1237,0.0032941845316473,large
1237,0.0042823227930906,large
524,0.0090003907292146,medium
524,0.0,medium
524,0.0090003907292146,medium
524,0.0090003907292146,medium
524,0.0132737988874068,medium
524,0.0,medium
598,0.0231493289488435,medium
598,0.0,medium
598,0.0231493289488435,medium
598,0.014741994270143,medium
598,0.014741994270143,medium
598,0.014741994270143,medium
552,0.0089356917293779,medium
552,0.0123414100372501,medium
552,0.0,medium
552,0.0089356917293779,medium
552,0.0123414100372501,medium
552,0.0123414100372501,medium
511,0.0,medium
511,0.0,medium
511,0.0205458134610034,medium
511,0.0335233463418129,medium
511,0.0335233463418129,medium
511,0.0205458134610034,medium
2204,0.0,large
2204,0.0057261867182194,large
2204,0.0,large
2204,0.0071428816382499,large
2204,0.0071428816382499,large
2204,0.0057261867182194,large
1478,0.1295813122106053,large
1478,0.0,large
1478,0.0,large
1478,0.0836114382023476,large
1478,0.0,large
1478,0.0836114382023476,large
1256,0.0037397557285366,large
1256,0.0,large
1256,0.0047371674629884,large
1256,0.0037397557285366,large
1256,0.0037397557285366,large
1256,0.0037397557285366,large
4930,0.007089397533852,large
4930,0.0065956986660472,large
4930,0.0065956986660472,large
4930,0.0065956986660472,large
4930,0.007089397533852,large
4930,0.007089397533852,large
651,0.0089380663678757,medium
651,0.0,medium
651,0.0089380663678757,medium
651,0.0089380663678757,medium
651,0.0075705181817363,medium
651,0.0,medium
537,0.0,medium
537,0.0630322961743317,medium
537,0.0502823769825268,medium
537,0.0630322961743317,medium
537,0.0630322961743317,medium
537,0.0630322961743317,medium
1092,0.0,large
1092,0.0,large
1092,0.0219605835617521,large
1092,0.0219605835617521,large
1092,0.0179161391963793,large
1092,0.0219605835617521,large
303,0.0082986590605334,small
303,0.0,small
303,0.0068701649649426,small
303,0.0,small
303,0.0068701649649426,small
303,0.0068701649649426,small
1826,0.1264906575241851,large
1826,0.1264906575241851,large
1826,0.1264906575241851,large
1826,0.1264906575241851,large
1826,0.0,large
1826,0.1264906575241851,large
672,0.009412733171649,medium
672,0.0,medium
672,0.0116134982201151,medium
672,0.0,medium
672,0.009412733171649,medium
672,0.0116134982201151,medium
955,0.0,medium
955,0.0317841712647193,medium
955,0.0317841712647193,medium
955,0.0,medium
955,0.0448570695793226,medium
955,0.0317841712647193,medium
251,0.0069194812283936,small
251,0.0069194812283936,small
251,0.0069194812283936,small
251,0.0069194812283936,small
251,0.0069194812283936,small
251,0.0,small
338,0.0,small
338,0.0,small
338,0.0128897692913268,small
338,0.0128897692913268,small
338,0.0,small
338,0.0,small
172,0.0169201639059701,small
172,0.0169201639059701,small
172,0.0,small
172,0.0,small
172,0.0309429019837472,small
172,0.0169201639059701,small
648,0.0,medium
648,0.0,medium
648,0.0,medium
648,0.0,medium
648,0.0446020516805911,medium
648,0.0298391466948942,medium
1022,0.0013847309718747,large
1022,0.0013847309718747,large
1022,0.0010780882068784,large
1022,0.0013847309718747,large
1022,0.0010780882068784,large
1022,0.0013847309718747,large
510,0.0417019188559334,medium
510,0.0,medium
510,0.0,medium
510,0.0417019188559334,medium
510,0.0955374732022076,medium
510,0.0,medium
661,0.0,medium
661,0.0074678254698225,medium
661,0.0,medium
661,0.00747780042426,medium
661,0.0074678254698225,medium
661,0.0,medium
464,0.0126626846646608,medium
464,0.0126626846646608,medium
464,0.0126626846646608,medium
464,0.0126626846646608,medium
464,0.0,medium
464,0.0101553067561948,medium
315,0.011464113235167,small
315,0.0090773948335123,small
315,0.0090773948335123,small
315,0.0090773948335123,small
315,0.0,small
315,0.011464113235167,small
762,0.0253276523304236,medium
762,0.0,medium
762,0.0,medium
762,0.0253276523304236,medium
762,0.0,medium
762,0.0,medium
1179,0.012290371549393,large
1179,0.0093565073764479,large
1179,0.012290371549393,large
1179,0.0,large
1179,0.0,large
1179,0.0,large
110,0.0,small
110,0.0,small
110,0.0,small
110,0.0498040096650572,small
110,0.0,small
110,0.0282725704073781,small
1031,0.0604737937448636,large
1031,0.0,large
1031,0.0,large
1031,0.0449154263466213,large
1031,0.0604737937448636,large
1031,0.0449154263466213,large
57,0.0992841486388114,small
57,0.0527230959796236,small
57,0.0,small
57,0.0,small
57,0.0527230959796236,small
57,0.0992841486388114,small
1298,0.0,large
1298,0.0022176188416528,large
1298,0.0,large
1298,0.0,large
1298,0.001638402761303,large
1298,0.0,large
746,0.1142280989782906,medium
746,0.0,medium
746,0.1142280989782906,medium
746,0.0727542755728458,medium
746,0.0,medium
746,0.0,medium
179,0.0,small
179,0.0155945055507715,small
179,0.0096595539884937,small
179,0.0155945055507715,small
179,0.0096595539884937,small
179,0.0096595539884937,small
667,0.0072904985648544,medium
667,0.0056544277367361,medium
667,0.0056544277367361,medium
667,0.0,medium
667,0.0056544277367361,medium
667,0.0,medium
1139,0.027162291826873,large
1139,0.0071623542925737,large
1139,0.0071623542925737,large
1139,0.0071623542925737,large
1139,0.027162291826873,large
1139,0.0071623542925737,large
1031,0.0162060080393932,large
1031,0.0,large
1031,0.0,large
1031,0.0192518727665358,large
1031,0.0162060080393932,large
1031,0.0162060080393932,large
511,0.0162968567857683,medium
511,0.0,medium
511,0.0,medium
511,0.0,medium
511,0.0,medium
511,0.0,medium
702,0.0,medium
702,0.0,medium
702,0.0,medium
702,0.0113780650635364,medium
702,0.0,medium
702,0.0,medium
452,0.0042407869328682,medium
452,0.0134633820457343,medium
452,0.0134633820457343,medium
452,0.0134633820457343,medium
452,0.0,medium
452,0.0134633820457343,medium
103,0.0,small
103,0.0049920922753236,small
103,0.0063697542774795,small
103,0.0049920922753236,small
103,0.0063697542774795,small
103,0.0063697542774795,small
425,0.012214822288262,small
425,0.012214822288262,small
425,0.0073369066425646,small
425,0.0,small
425,0.0073369066425646,small
425,0.012214822288262,small
67,0.0273633978458506,small
67,0.081517031357936,small
67,0.0273633978458506,small
67,0.0,small
67,0.081517031357936,small
67,0.0273633978458506,small
1537,0.0355834125662121,large
1537,0.0355834125662121,large
1537,0.0,large
1537,0.0,large
1537,0.0,large
1537,0.0,large
230,0.0124487277131216,small
230,0.0193610060150533,small
230,0.0,small
230,0.0124487277131216,small
230,0.0193610060150533,small
230,0.0124487277131216,small
3726,0.0045753589109841,large
3726,0.0050490418963449,large
3726,0.0045753589109841,large
3726,0.0045753589109841,large
3726,0.0050490418963449,large
3726,0.0045753589109841,large
913,0.0,medium
913,0.0,medium
913,0.0,medium
913,0.0121319510158356,medium
913,0.0121319510158356,medium
913,0.0121319510158356,medium
444,0.0,medium
444,0.0,medium
444,0.0,medium
444,0.0,medium
444,0.0012042188117406,medium
444,0.0012042188117406,medium
114,0.0331094919740976,small
114,0.0,small
114,0.0,small
114,0.0,small
114,0.0,small
114,0.0220605534291974,small
1076,0.0,large
1076,0.0031600905342834,large
1076,0.0,large
1076,0.0031600905342834,large
1076,0.0031600905342834,large
1076,0.0038395465129603,large
1303,0.0012091674448967,large
1303,0.0,large
1303,0.0,large
1303,0.0012091674448967,large
1303,0.0,large
1303,0.0012091674448967,large
383,0.0,small
383,0.0025785209286904,small
383,0.0025785209286904,small
383,0.0020103806308608,small
383,0.0025785209286904,small
383,0.0020103806308608,small
273,0.0030655265318112,small
273,0.0,small
273,0.0104365592607755,small
273,0.0,small
273,0.0030655265318112,small
273,0.0,small
1208,0.0,large
1208,0.0088450053506457,large
1208,0.0088450053506457,large
1208,0.0120577127836937,large
1208,0.0088450053506457,large
1208,0.0,large
140,0.022799009669988,small
140,0.0,small
140,0.0,small
140,0.022799009669988,small
140,0.022799009669988,small
140,0.0107580039090673,small
97,0.0,small
97,0.0,small
97,0.0093371478568957,small
97,0.0093371478568957,small
97,0.0,small
97,0.0093371478568957,small
565,0.0,medium
565,0.0,medium
565,0.0442872869299253,medium
565,0.0305649138428518,medium
565,0.0,medium
565,0.0442872869299253,medium
187,0.0157606459835787,small
187,0.0182550068701215,small
187,0.0182550068701215,small
187,0.0157606459835787,small
187,0.0182550068701215,small
187,0.0182550068701215,small
420,0.0095469452458578,small
420,0.0,small
420,0.0095469452458578,small
420,0.012290681369445,small
420,0.0095469452458578,small
420,0.0095469452458578,small
645,0.0040238649093348,medium
645,0.0,medium
645,0.0040238649093348,medium
645,0.0,medium
645,0.0040238649093348,medium
645,0.0,medium
325,0.0366546350909542,small
325,0.0,small
325,0.0366546350909542,small
325,0.0366546350909542,small
325,0.0567970222911952,small
325,0.0,small
1056,0.0,large
1056,0.0175906216039803,large
1056,0.0175906216039803,large
1056,0.0249742791198207,large
1056,0.0249742791198207,large
1056,0.0249742791198207,large
341,0.0272520159680312,small
341,0.0272520159680312,small
341,0.0538399827626239,small
341,0.0,small
341,0.0,small
341,0.0538399827626239,small
172,0.0296959232313572,small
172,0.0,small
172,0.0,small
172,0.0695083925018413,small
172,0.0695083925018413,small
172,0.0,small
5503,0.0073927004307657,large
5503,0.008072733730755,large
5503,0.008072733730755,large
5503,0.008072733730755,large
5503,0.0,large
5503,0.0073927004307657,large
612,0.0075553724077744,medium
612,0.0103205356564706,medium
612,0.0103205356564706,medium
612,0.0,medium
612,0.0,medium
612,0.0075553724077744,medium
2544,0.0108838024474881,large
2544,0.0,large
2544,0.0108838024474881,large
2544,0.0,large
2544,0.0108838024474881,large
2544,0.0,large
210,0.0,small
210,0.0,small
210,0.0,small
210,0.005398361665657,small
210,0.0,small
210,0.0,small
80,0.0919447693803399,small
80,0.0,small
80,0.0,small
80,0.0,small
80,0.0,small
80,0.0919447693803399,small
75,0.0784104622248825,small
75,0.039854718894233,small
75,0.039854718894233,small
75,0.039854718894233,small
75,0.0784104622248825,small
75,0.0,small
233,0.0190206033837138,small
233,0.0190206033837138,small
233,0.0,small
233,0.0,small
233,0.0,small
233,0.0190206033837138,small
1760,0.0,large
1760,0.0907350722994161,large
1760,0.0907350722994161,large
1760,0.0907350722994161,large
1760,0.1238197144688947,large
1760,0.0,large
2112,0.0066003810085667,large
2112,0.0053239384540493,large
2112,0.0066003810085667,large
2112,0.0,large
2112,0.0053239384540493,large
2112,0.0,large
369,0.1533645992864127,small
369,0.0852042210817046,small
369,0.1533645992864127,small
369,0.0,small
369,0.0,small
369,0.0,small
412,0.0,small
412,0.0,small
412,0.015763605311307,small
412,0.015763605311307,small
412,0.015763605311307,small
412,0.015763605311307,small
648,0.0035364002255594,medium
648,0.0035364002255594,medium
648,0.0035364002255594,medium
648,0.0,medium
648,0.0035364002255594,medium
648,0.0035364002255594,medium
529,0.0084204333243082,medium
529,0.0084204333243082,medium
529,0.0066295878155218,medium
529,0.0084204333243082,medium
529,0.0084204333243082,medium
529,0.0,medium
787,0.0,medium
787,0.0,medium
787,0.0028224132268024,medium
787,0.0,medium
787,0.0027131742369999,medium
787,0.0028224132268024,medium
553,0.0039245932210326,medium
553,0.0067932956851366,medium
553,0.0,medium
553,0.0067932956851366,medium
553,0.0039245932210326,medium
553,0.0039245932210326,medium
348,0.0562058965170612,small
348,0.0562058965170612,small
348,0.0562058965170612,small
348,0.0,small
348,0.0,small
348,0.0,small
881,0.0,medium
881,0.020060006372225,medium
881,0.0,medium
881,0.0,medium
881,0.020060006372225,medium
881,0.0,medium
1654,0.0192048395375423,large
1654,0.0225055393268676,large
1654,0.0192048395375423,large
1654,0.0,large
1654,0.0,large
1654,0.0225055393268676,large
387,0.002368613029543,small
387,0.0012946539285217,small
387,0.0012946539285217,small
387,0.002368613029543,small
387,0.002368613029543,small
387,0.002368613029543,small
657,0.0,medium
657,0.0,medium
657,0.0022770366523554,medium
657,0.0026450738295654,medium
657,0.0,medium
657,0.0,medium
219,0.0,small
219,0.0,small
219,0.044193558271054,small
219,0.0,small
219,0.1006071061233115,small
219,0.1006071061233115,small
522,0.0140515777150087,medium
522,0.0321862234644633,medium
522,0.0321862234644633,medium
522,0.0,medium
522,0.0321862234644633,medium
522,0.0321862234644633,medium
2204,0.0077885939399911,large
2204,0.0096550148912037,large
2204,0.0096550148912037,large
2204,0.0077885939399911,large
2204,0.0096550148912037,large
2204,0.0096550148912037,large
273,0.0255414618421418,small
273,0.0378993398677722,small
273,0.0378993398677722,small
273,0.0378993398677722,small
273,0.0255414618421418,small
273,0.0,small
673,0.0047318462290325,medium
673,0.0047318462290325,medium
673,0.0047318462290325,medium
673,0.0060339344336827,medium
673,0.0060339344336827,medium
673,0.0060339344336827,medium
579,0.0239929306301251,medium
579,0.0239929306301251,medium
579,0.0239929306301251,medium
579,0.0239929306301251,medium
579,0.0239929306301251,medium
579,0.0239929306301251,medium
1807,0.0,large
1807,0.0577458867194307,large
1807,0.0577458867194307,large
1807,0.0,large
1807,0.0577458867194307,large
1807,0.0,large
2229,0.0,large
2229,0.0,large
2229,0.0075582273356038,large
2229,0.0067752382704671,large
2229,0.0075582273356038,large
2229,0.0067752382704671,large
269,0.0,small
269,0.0324479105014148,small
269,0.0753703106755083,small
269,0.0,small
269,0.0,small
269,0.0,small
1907,0.0,large
1907,0.0,large
1907,0.0234252052059476,large
1907,0.0321748553789173,large
1907,0.0321748553789173,large
1907,0.0321748553789173,large
499,0.0,medium
499,0.0,medium
499,0.0064121831732764,medium
499,0.0064121831732764,medium
499,0.0064121831732764,medium
499,0.005065410350504,medium
98,0.0,small
98,0.0,small
98,0.0371290617478288,small
98,0.0,small
98,0.0113963723750076,small
98,0.0113963723750076,small
5645,0.0,large
5645,0.0,large
5645,0.0,large
5645,0.0,large
5645,0.0095497193940087,large
5645,0.0095497193940087,large
2230,0.0,large
2230,0.080777550694404,large
2230,0.0,large
2230,0.0,large
2230,0.080777550694404,large
2230,0.0,large
259,0.0,small
259,0.0,small
259,0.0085740689364618,small
259,0.0,small
259,0.0,small
259,0.0159416313827155,small
502,0.1060967962269165,medium
502,0.1060967962269165,medium
502,0.0,medium
502,0.0,medium
502,0.0561198659165452,medium
502,0.1060967962269165,medium
503,0.0,medium
503,0.0333661979893931,medium
503,0.0333661979893931,medium
503,0.0333661979893931,medium
503,0.0333661979893931,medium
503,0.0,medium
75,0.0281643717219785,small
75,0.0,small
75,0.0,small
75,0.0281643717219785,small
75,0.0281643717219785,small
75,0.0281643717219785,small
346,0.0027920937292192,small
346,0.0027920937292192,small
346,0.0,small
346,0.0048298359126891,small
346,0.0027920937292192,small
346,0.0027920937292192,small
76,0.007944274184654,small
76,0.0042787754781974,small
76,0.007944274184654,small
76,0.007944274184654,small
76,0.007944274184654,small
76,0.0042787754781974,small
536,0.0,medium
536,0.0,medium
536,0.0050250766685455,medium
536,0.0055464969723489,medium
536,0.0,medium
536,0.0,medium
1333,0.0,large
1333,0.0027434602023403,large
1333,0.0,large
1333,0.0027434602023403,large
1333,0.0,large
1333,0.0027434602023403,large
4758,9.315792966915038e-05,large
4758,0.0,large
4758,0.0001446697795798,large
4758,9.315792966915038e-05,large
4758,0.0,large
4758,9.315792966915038e-05,large
1610,0.0026335336103097,large
1610,0.0026335336103097,large
1610,0.0026335336103097,large
1610,0.0026335336103097,large
1610,0.0,large
1610,0.0023042571882211,large
661,0.0053111917529159,medium
661,0.0075688610705989,medium
661,0.0075688610705989,medium
661,0.0075688610705989,medium
661,0.0053111917529159,medium
661,0.0053111917529159,medium
630,0.0168239792154101,medium
630,0.0,medium
630,0.0,medium
630,0.0,medium
630,0.0,medium
630,0.0288521106181448,medium
1049,0.0102936211401467,large
1049,0.0,large
1049,0.0120626819896588,large
1049,0.0102936211401467,large
1049,0.0102936211401467,large
1049,0.0,large
82,0.0,small
82,0.0083465374026238,small
82,0.0,small
82,0.0172839523273326,small
82,0.0,small
82,0.0172839523273326,small
247,0.0,small
247,0.0,small
247,0.0083057754124851,small
247,0.0,small
247,0.0,small
247,0.0117214425487978,small
776,0.0429556104487833,medium
776,0.0771608987587522,medium
776,0.0771608987587522,medium
776,0.0429556104487833,medium
776,0.0,medium
776,0.0,medium
2331,0.0108492554313717,large
2331,0.0108492554313717,large
2331,0.0140282488825952,large
2331,0.0108492554313717,large
2331,0.0,large
2331,0.0140282488825952,large
194,0.069602286120434,small
194,0.0,small
194,0.0,small
194,0.0754657941105358,small
194,0.0754657941105358,small
194,0.069602286120434,small
2232,0.0,large
2232,0.0076519589378836,large
2232,0.0,large
2232,0.0068369090575994,large
2232,0.0,large
2232,0.0068369090575994,large
186,0.0,small
186,0.0208850237506137,small
186,0.018763061866384,small
186,0.0,small
186,0.018763061866384,small
186,0.018763061866384,small
105,0.0115819299455675,small
105,0.0115819299455675,small
105,0.0189360405304629,small
105,0.0115819299455675,small
105,0.0115819299455675,small
105,0.0,small
5257,0.008829032414349,large
5257,0.0108168338208087,large
5257,0.0,large
5257,0.008829032414349,large
5257,0.0,large
5257,0.008829032414349,large
738,0.0,medium
738,0.0211494193052017,medium
738,0.0211494193052017,medium
738,0.0211494193052017,medium
738,0.0,medium
738,0.0159532471023914,medium
652,0.0,medium
652,0.007142579783009,medium
652,0.007142579783009,medium
652,0.0049851064299064,medium
652,0.0,medium
652,0.0049851064299064,medium
503,0.0081299051779729,medium
503,0.0,medium
503,0.0081299051779729,medium
503,0.0061339558590421,medium
503,0.0,medium
503,0.0,medium
204,0.0,small
204,0.0193357716048442,small
204,0.0193357716048442,small
204,0.0143383575075659,small
204,0.0193357716048442,small
204,0.0143383575075659,small
1772,0.0063769518809732,large
1772,0.0063769518809732,large
1772,0.0063769518809732,large
1772,0.0077820552633355,large
1772,0.0077820552633355,large
1772,0.0063769518809732,large
563,0.015738514073155,medium
563,0.0095347066079166,medium
563,0.0,medium
563,0.015738514073155,medium
563,0.0095347066079166,medium
563,0.0095347066079166,medium
1982,0.0686622763994658,large
1982,0.0686622763994658,large
1982,0.0,large
1982,0.0,large
1982,0.0489507700481844,large
1982,0.0686622763994658,large
479,0.0047571661875396,medium
479,0.0,medium
479,0.0038965679783654,medium
479,0.0047571661875396,medium
479,0.0,medium
479,0.0,medium
951,0.0,medium
951,0.0104110420883169,medium
951,0.0084707113670316,medium
951,0.0,medium
951,0.0104110420883169,medium
951,0.0,medium
823,0.0,medium
823,0.0027985692440456,medium
823,0.0027985692440456,medium
823,0.003161436050053,medium
823,0.0027985692440456,medium
823,0.0027985692440456,medium
1713,0.0,large
1713,0.0354431967539999,large
1713,0.0354431967539999,large
1713,0.0354431967539999,large
1713,0.0282334404483312,large
1713,0.0354431967539999,large
479,0.00542739566066,medium
479,0.0065778196117197,medium
479,0.0065778196117197,medium
479,0.0,medium
479,0.0,medium
479,0.0065778196117197,medium
2210,0.0081770544413194,large
2210,0.0081770544413194,large
2210,0.0081770544413194,large
2210,0.0081770544413194,large
2210,0.0,large
2210,0.0072826578773842,large
353,0.0403238368434583,small
353,0.0190158520609727,small
353,0.0,small
353,0.0403238368434583,small
353,0.0,small
353,0.0190158520609727,small
887,0.0070292766732253,medium
887,0.0070292766732253,medium
887,0.0095897296229673,medium
887,0.0095897296229673,medium
887,0.0070292766732253,medium
887,0.0095897296229673,medium
961,0.0307121636044855,medium
961,0.020114171084256,medium
961,0.0,medium
961,0.0,medium
961,0.0307121636044855,medium
961,0.020114171084256,medium
557,0.0185143829931161,medium
557,0.0,medium
557,0.0375535137667923,medium
557,0.0,medium
557,0.0,medium
557,0.0375535137667923,medium
271,0.0277888193142202,small
271,0.0,small
271,0.0231615952204419,small
271,0.0277888193142202,small
271,0.0277888193142202,small
271,0.0231615952204419,small
2183,0.0070724973840316,large
2183,0.0,large
2183,0.0,large
2183,0.0070724973840316,large
2183,0.0,large
2183,0.0,large
438,0.0141125175512732,medium
438,0.0141125175512732,medium
438,0.0141125175512732,medium
438,0.0,medium
438,0.0107925622074836,medium
438,0.0,medium
2082,0.0881579521606852,large
2082,0.0660298243461962,large
2082,0.0,large
2082,0.0,large
2082,0.0,large
2082,0.0660298243461962,large
1168,0.0,large
1168,0.0,large
1168,0.0045391761380202,large
1168,0.0045391761380202,large
1168,0.0035432510340833,large
1168,0.0035432510340833,large
657,0.0066157415216034,medium
657,0.0066157415216034,medium
657,0.0066157415216034,medium
657,0.0,medium
657,0.0093382316179033,medium
657,0.0,medium
246,0.0,small
246,0.0,small
246,0.0199164201497588,small
246,0.0113481787970719,small
246,0.0,small
246,0.0113481787970719,small
551,0.0068626649810878,medium
551,0.0087730723636141,medium
551,0.0,medium
551,0.0,medium
551,0.0087730723636141,medium
551,0.0087730723636141,medium
76,0.0,small
76,0.0079061744603738,small
76,0.0192910656833086,small
76,0.0079061744603738,small
76,0.0079061744603738,small
76,0.0192910656833086,small
5483,0.0,large
5483,0.0142754213875506,large
5483,0.0142754213875506,large
5483,0.0,large
5483,0.0,large
5483,0.0126846592529567,large
118,0.0156043852375689,small
118,0.0156043852375689,small
118,0.011596924301688,small
118,0.0,small
118,0.0,small
118,0.0,small
73,0.0,small
73,0.013566805377271,small
73,0.0,small
73,0.0,small
73,0.0,small
73,0.0089108710954085,small
120,0.0,small
120,0.0,small
120,0.0232195427356408,small
120,0.0,small
120,0.0232195427356408,small
120,0.0473660013570075,small
239,0.0,small
239,0.0,small
239,0.0120207940055499,small
239,0.0,small
239,0.0173829255861871,small
239,0.0120207940055499,small
876,0.0,medium
876,0.0081093557814267,medium
876,0.0051239708364272,medium
876,0.0051239708364272,medium
876,0.0,medium
876,0.0081093557814267,medium
572,0.0030008438097917,medium
572,0.0030008438097917,medium
572,0.0,medium
572,0.0041523459905741,medium
572,0.0,medium
572,0.0030008438097917,medium
215,0.0455917367693493,small
215,0.0455917367693493,small
215,0.0,small
215,0.0322291817450692,small
215,0.0455917367693493,small
215,0.0,small
1144,0.0029862390628532,large
1144,0.0029862390628532,large
1144,0.0,large
1144,0.0029862390628532,large
1144,0.0029862390628532,large
1144,0.0029862390628532,large
338,0.0,small
338,0.0092230573378189,small
338,0.0092230573378189,small
338,0.0092230573378189,small
338,0.014229961251572,small
338,0.0092230573378189,small
992,0.0260031264532842,large
992,0.0196773538694286,large
992,0.0,large
992,0.0196773538694286,large
992,0.0,large
992,0.0260031264532842,large
1160,0.0,large
1160,0.0,large
1160,0.0120843242454029,large
1160,0.0,large
1160,0.0084216753574874,large
1160,0.0084216753574874,large
613,0.063174009174518,medium
613,0.063174009174518,medium
613,0.0368540013338415,medium
613,0.0,medium
613,0.0368540013338415,medium
613,0.0,medium
1383,0.0318963264270369,large
1383,0.0318963264270369,large
1383,0.0318963264270369,large
1383,0.0248780373535874,large
1383,0.0318963264270369,large
1383,0.0318963264270369,large
461,0.0063419535691713,medium
461,0.0,medium
461,0.0063419535691713,medium
461,0.0074630745596389,medium
461,0.0,medium
461,0.0,medium
442,0.0,medium
442,0.0096586391272016,medium
442,0.0,medium
442,0.0060747849262868,medium
442,0.0096586391272016,medium
442,0.0060747849262868,medium
414,0.0042819951056336,small
414,0.0037837649704106,small
414,0.0042819951056336,small
414,0.0,small
414,0.0,small
414,0.0,small
2481,0.0075668141239001,large
2481,0.0075668141239001,large
2481,0.0075668141239001,large
2481,0.0,large
2481,0.0075668141239001,large
2481,0.0075668141239001,large
1615,0.0140933581485689,large
1615,0.0184919148702264,large
1615,0.0140933581485689,large
1615,0.0140933581485689,large
1615,0.0184919148702264,large
1615,0.0,large
171,0.0207122369825882,small
171,0.0207122369825882,small
171,0.0207122369825882,small
171,0.0,small
171,0.0,small
171,0.0,small
233,0.0840999878003733,small
233,0.0840999878003733,small
233,0.0,small
233,0.0,small
233,0.0,small
233,0.0,small
1228,0.0,large
1228,0.0047718742020725,large
1228,0.0036325475766615,large
1228,0.0047718742020725,large
1228,0.0047718742020725,large
1228,0.0047718742020725,large
292,0.0229484567042442,small
292,0.0229484567042442,small
292,0.0229484567042442,small
292,0.0,small
292,0.0449868730789817,small
292,0.0,small
682,0.0025390817997363,medium
682,0.0028340461572972,medium
682,0.0028340461572972,medium
682,0.0028340461572972,medium
682,0.0,medium
682,0.0,medium
264,0.0177561583106864,small
264,0.0269846412580641,small
264,0.0177561583106864,small
264,0.0177561583106864,small
264,0.0269846412580641,small
264,0.0269846412580641,small
507,0.0467114887592946,medium
507,0.0,medium
507,0.0,medium
507,0.0467114887592946,medium
507,0.0975746631422922,medium
507,0.0975746631422922,medium
419,0.0,small
419,0.0,small
419,0.0097172592460147,small
419,0.007714043439577,small
419,0.007714043439577,small
419,0.0,small
109,0.0335016904721513,small
109,0.0335016904721513,small
109,0.0,small
109,0.0335016904721513,small
109,0.0335016904721513,small
109,0.0,small
620,0.0059631848469115,medium
620,0.0054912883424877,medium
620,0.0054912883424877,medium
620,0.0059631848469115,medium
620,0.0059631848469115,medium
620,0.0059631848469115,medium
660,0.0443499610592831,medium
660,0.0,medium
660,0.0443499610592831,medium
660,0.0294018094618043,medium
660,0.0294018094618043,medium
660,0.0294018094618043,medium
851,0.0,medium
851,0.002319085024812,medium
851,0.002319085024812,medium
851,0.0030920028859533,medium
851,0.0030920028859533,medium
851,0.002319085024812,medium
2236,0.0,large
2236,0.0,large
2236,0.0067340483820045,large
2236,0.0067340483820045,large
2236,0.0067340483820045,large
2236,0.0067340483820045,large
3715,0.0036811896557302,large
3715,0.0,large
3715,0.0040406567369728,large
3715,0.0040406567369728,large
3715,0.0036811896557302,large
3715,0.0,large
808,0.003472927296329,medium
808,0.0028341092145953,medium
808,0.003472927296329,medium
808,0.003472927296329,medium
808,0.0028341092145953,medium
808,0.0028341092145953,medium
101,0.0060227963773221,small
101,0.004150896838662,small
101,0.0060227963773221,small
101,0.0060227963773221,small
101,0.0060227963773221,small
101,0.0,small
1686,0.0,large
1686,0.0185019277482757,large
1686,0.0220550885352367,large
1686,0.0220550885352367,large
1686,0.0,large
1686,0.0185019277482757,large
95,0.0374590219707849,small
95,0.0374590219707849,small
95,0.0374590219707849,small
95,0.0374590219707849,small
95,0.0374590219707849,small
95,0.0374590219707849,small
698,0.0061986822753961,medium
698,0.0052897367270881,medium
698,0.0052897367270881,medium
698,0.0061986822753961,medium
698,0.0061986822753961,medium
698,0.0052897367270881,medium
217,0.025256747794343,small
217,0.025256747794343,small
217,0.025256747794343,small
217,0.0565720854672369,small
217,0.0,small
217,0.025256747794343,small
1532,0.0143383034848329,large
1532,0.0118442481635714,large
1532,0.0118442481635714,large
1532,0.0,large
1532,0.0,large
1532,0.0143383034848329,large
339,0.0,small
339,0.0152802442974829,small
339,0.0279712512580999,small
339,0.0152802442974829,small
339,0.0,small
339,0.0152802442974829,small
673,0.0264388325968133,medium
673,0.0,medium
673,0.0,medium
673,0.0400501186090102,medium
673,0.0400501186090102,medium
673,0.0400501186090102,medium
1602,0.0,large
1602,0.0,large
1602,0.0,large
1602,0.0,large
1602,0.0073039346475065,large
1602,0.0093567465114967,large
3894,0.0036856840445978,large
3894,0.0,large
3894,0.0,large
3894,0.0,large
3894,0.0,large
3894,0.0036856840445978,large
1399,0.0,large
1399,0.0,large
1399,0.0377593875097537,large
1399,0.0,large
1399,0.0253343057087903,large
1399,0.0,large
475,0.0081689220811863,medium
475,0.0081689220811863,medium
475,0.0150564171647506,medium
475,0.0081689220811863,medium
475,0.0150564171647506,medium
475,0.0150564171647506,medium
537,0.0263275434459658,medium
537,0.0,medium
537,0.0263275434459658,medium
537,0.0263275434459658,medium
537,0.0280625419602831,medium
537,0.0,medium
226,0.0257007842462054,small
226,0.0257007842462054,small
226,0.0164560503941293,small
226,0.0257007842462054,small
226,0.0,small
226,0.0,small
968,0.0021962031215348,large
968,0.0021962031215348,large
968,0.0,large
968,0.0027194726551831,large
968,0.0021962031215348,large
968,0.0021962031215348,large
1447,0.0,large
1447,0.0142861805583349,large
1447,0.0222357460609222,large
1447,0.0142861805583349,large
1447,0.0222357460609222,large
1447,0.0,large
714,0.0114565278245833,medium
714,0.0,medium
714,0.0098292465390511,medium
714,0.0,medium
714,0.0098292465390511,medium
714,0.0114565278245833,medium
563,0.0,medium
563,0.0106458184223888,medium
563,0.0106458184223888,medium
563,0.0,medium
563,0.0,medium
563,0.005823404186149,medium
2279,0.0,large
2279,0.0,large
2279,0.0,large
2279,0.0021426134657522,large
2279,0.0022876975752145,large
2279,0.0022876975752145,large
966,0.0243594851454279,large
966,0.0243594851454279,large
966,0.0243594851454279,large
966,0.0243594851454279,large
966,0.0243594851454279,large
966,0.0182614069274686,large
217,0.0092596476096444,small
217,0.0,small
217,0.0092596476096444,small
217,0.0,small
217,0.0,small
217,0.0,small
319,0.0260620291954216,small
319,0.0260620291954216,small
319,0.0260620291954216,small
319,0.0,small
319,0.0155680782802347,small
319,0.0260620291954216,small
304,0.0,small
304,0.0361716512783897,small
304,0.02433282655932,small
304,0.0,small
304,0.0361716512783897,small
304,0.0,small
146,0.0,small
146,0.0,small
146,0.0588140021514756,small
146,0.1567894385682914,small
146,0.0,small
146,0.0,small
221,0.0209849414433222,small
221,0.0,small
221,0.0209849414433222,small
221,0.0135109327425404,small
221,0.0,small
221,0.0,small
68,0.0514267205568444,small
68,0.0211358170920158,small
68,0.0514267205568444,small
68,0.0211358170920158,small
68,0.0211358170920158,small
68,0.0,small
86,0.0,small
86,0.0047232789817641,small
86,0.0,small
86,0.0,small
86,0.0047232789817641,small
86,0.0,small
694,0.0168880118986911,medium
694,0.0,medium
694,0.0,medium
694,0.0129973036537689,medium
694,0.0168880118986911,medium
694,0.0,medium
680,0.0106778468992968,medium
680,0.0106778468992968,medium
680,0.0106778468992968,medium
680,0.0099015776935848,medium
680,0.0099015776935848,medium
680,0.0099015776935848,medium
2214,0.0,large
2214,0.0066755987556711,large
2214,0.0066755987556711,large
2214,0.0074486289036607,large
2214,0.0066755987556711,large
2214,0.0074486289036607,large
575,0.0117052075195697,medium
575,0.0,medium
575,0.02062550624634,medium
575,0.02062550624634,medium
575,0.02062550624634,medium
575,0.0,medium
1081,0.0086127633324306,large
1081,0.0050030178618778,large
1081,0.0,large
1081,0.0,large
1081,0.0086127633324306,large
1081,0.0,large
854,0.0245843772452488,medium
854,0.0,medium
854,0.0,medium
854,0.0188923555410573,medium
854,0.0245843772452488,medium
854,0.0188923555410573,medium
251,0.0242900757455461,small
251,0.0526363559505199,small
251,0.0526363559505199,small
251,0.0526363559505199,small
251,0.0242900757455461,small
251,0.0526363559505199,small
1043,0.0235898712812325,large
1043,0.0194954542211237,large
1043,0.0194954542211237,large
1043,0.0235898712812325,large
1043,0.0,large
1043,0.0235898712812325,large
1332,0.0073738590611587,large
1332,0.0055372289768145,large
1332,0.0073738590611587,large
1332,0.0055372289768145,large
1332,0.0,large
1332,0.0055372289768145,large
2031,0.0578186348913608,large
2031,0.0578186348913608,large
2031,0.0578771439586771,large
2031,0.0578186348913608,large
2031,0.0578186348913608,large
2031,0.0578186348913608,large
483,0.009047713355677,medium
483,0.0,medium
483,0.0,medium
483,0.0119115186805017,medium
483,0.0119115186805017,medium
483,0.0,medium
210,0.0107003876318857,small
210,0.0,small
210,0.0107003876318857,small
210,0.0,small
210,0.0107003876318857,small
210,0.0155455853288857,small
2076,0.0436594114690116,large
2076,0.0436594114690116,large
2076,0.0436594114690116,large
2076,0.0608207280021134,large
2076,0.0608207280021134,large
2076,0.0608207280021134,large
985,0.007829734100994,large
985,0.0,large
985,0.007829734100994,large
985,0.0,large
985,0.0105073798363545,large
985,0.007829734100994,large
2356,0.0,large
2356,0.0433858343779203,large
2356,0.0582387976550311,large
2356,0.0433858343779203,large
2356,0.0433858343779203,large
2356,0.0,large
301,0.0,small
301,0.0,small
301,0.0076570770223818,small
301,0.0,small
301,0.0098108265645494,small
301,0.0,small
672,0.0021086278853628,medium
672,0.0,medium
672,0.0,medium
672,0.0021086278853628,medium
672,0.0021086278853628,medium
672,0.0018781436596056,medium
343,0.0,small
343,0.0214607963056717,small
343,0.0153435388114839,small
343,0.0214607963056717,small
343,0.0,small
343,0.0,small
639,0.0280312473270379,medium
639,0.0,medium
639,0.0,medium
639,0.0411867518421449,medium
639,0.0411867518421449,medium
639,0.0411867518421449,medium
2156,0.0098033878610658,large
2156,0.0,large
2156,0.0090226835963137,large
2156,0.0090226835963137,large
2156,0.0098033878610658,large
2156,0.0098033878610658,large
262,0.0,small
262,0.1001776380630919,small
262,0.1001776380630919,small
262,0.0,small
262,0.1001776380630919,small
262,0.0,small
991,0.0420300400108459,large
991,0.019426011563613,large
991,0.0420300400108459,large
991,0.0,large
991,0.0,large
991,0.0,large
