source,spatial_tile,raw_file_count,daily_path,time_start,time_end,daily_count,variables
glorys,110_10,32,data\environment\harmonized\daily\glorys\110_10.nc,1995-12-31,2026-06-23,11133,"uo,vo"
glorys,110_15,32,data\environment\harmonized\daily\glorys\110_15.nc,1995-12-31,2026-06-23,11133,"uo,vo"
glorys,110_5,32,data\environment\harmonized\daily\glorys\110_5.nc,1995-12-31,2026-06-23,11133,"uo,vo"
glorys,115_5,32,data\environment\harmonized\daily\glorys\115_5.nc,1995-12-31,2026-06-23,11133,"uo,vo"
glorys,120_-10,32,data\environment\harmonized\daily\glorys\120_-10.nc,1995-12-31,2026-06-23,11133,"uo,vo"
glorys,140_-10,32,data\environment\harmonized\daily\glorys\140_-10.nc,1995-12-31,2026-06-23,11133,"uo,vo"
glorys,140_-15,32,data\environment\harmonized\daily\glorys\140_-15.nc,1995-12-31,2026-06-23,11133,"uo,vo"
glorys,145_-20,32,data\environment\harmonized\daily\glorys\145_-20.nc,1995-12-31,2026-06-23,11133,"uo,vo"
glorys,150_-20,32,data\environment\harmonized\daily\glorys\150_-20.nc,1995-12-31,2026-06-23,11133,"uo,vo"
glorys,150_-25,32,data\environment\harmonized\daily\glorys\150_-25.nc,1995-12-31,2026-06-23,11133,"uo,vo"
glorys,155_-25,32,data\environment\harmonized\daily\glorys\155_-25.nc,1995-12-31,2026-06-23,11133,"uo,vo"
glorys,165_10,32,data\environment\harmonized\daily\glorys\165_10.nc,1995-12-31,2026-06-23,11133,"uo,vo"
glorys,55_-20,32,data\environment\harmonized\daily\glorys\55_-20.nc,1995-12-31,2026-06-23,11133,"uo,vo"
glorys,70_0,32,data\environment\harmonized\daily\glorys\70_0.nc,1995-12-31,2026-06-23,11133,"uo,vo"
glorys,70_10,23,data\environment\harmonized\daily\glorys\70_10.nc,2003-04-10,2025-08-24,8173,"uo,vo"
glorys,70_5,32,data\environment\harmonized\daily\glorys\70_5.nc,1995-12-31,2026-06-23,11133,"uo,vo"
waverys,110_10,366,data\environment\harmonized\daily\waverys\110_10.nc,1995-12-31,2026-05-31,11110,"VHM0,VTM02,VMDR,VSDX,VSDY"
waverys,110_15,366,data\environment\harmonized\daily\waverys\110_15.nc,1995-12-31,2026-05-31,11110,"VHM0,VTM02,VMDR,VSDX,VSDY"
waverys,110_5,366,data\environment\harmonized\daily\waverys\110_5.nc,1995-12-31,2026-05-31,11110,"VHM0,VTM02,VMDR,VSDX,VSDY"
waverys,115_5,366,data\environment\harmonized\daily\waverys\115_5.nc,1995-12-31,2026-05-31,11110,"VHM0,VTM02,VMDR,VSDX,VSDY"
waverys,120_-10,366,data\environment\harmonized\daily\waverys\120_-10.nc,1995-12-31,2026-05-31,11110,"VHM0,VTM02,VMDR,VSDX,VSDY"
waverys,140_-10,366,data\environment\harmonized\daily\waverys\140_-10.nc,1995-12-31,2026-05-31,11110,"VHM0,VTM02,VMDR,VSDX,VSDY"
waverys,140_-15,366,data\environment\harmonized\daily\waverys\140_-15.nc,1995-12-31,2026-05-31,11110,"VHM0,VTM02,VMDR,VSDX,VSDY"
waverys,145_-20,366,data\environment\harmonized\daily\waverys\145_-20.nc,1995-12-31,2026-05-31,11110,"VHM0,VTM02,VMDR,VSDX,VSDY"
waverys,150_-20,366,data\environment\harmonized\daily\waverys\150_-20.nc,1995-12-31,2026-05-31,11110,"VHM0,VTM02,VMDR,VSDX,VSDY"
waverys,150_-25,366,data\environment\harmonized\daily\waverys\150_-25.nc,1995-12-31,2026-05-31,11110,"VHM0,VTM02,VMDR,VSDX,VSDY"
waverys,155_-25,366,data\environment\harmonized\daily\waverys\155_-25.nc,1995-12-31,2026-05-31,11110,"VHM0,VTM02,VMDR,VSDX,VSDY"
waverys,165_10,366,data\environment\harmonized\daily\waverys\165_10.nc,1995-12-31,2026-05-31,11110,"VHM0,VTM02,VMDR,VSDX,VSDY"
waverys,55_-20,366,data\environment\harmonized\daily\waverys\55_-20.nc,1995-12-31,2026-05-31,11110,"VHM0,VTM02,VMDR,VSDX,VSDY"
waverys,70_0,366,data\environment\harmonized\daily\waverys\70_0.nc,1995-12-31,2026-05-31,11110,"VHM0,VTM02,VMDR,VSDX,VSDY"
waverys,70_10,269,data\environment\harmonized\daily\waverys\70_10.nc,2003-04-10,2025-08-24,8173,"VHM0,VTM02,VMDR,VSDX,VSDY"
waverys,70_5,366,data\environment\harmonized\daily\waverys\70_5.nc,1995-12-31,2026-05-31,11110,"VHM0,VTM02,VMDR,VSDX,VSDY"
era5,110_10,369,local://110_10.nc,1995-12-31,2026-08-20,11191,"u10,v10"
era5,110_15,369,local://110_15.nc,1995-12-31,2026-08-20,11191,"u10,v10"
era5,110_5,369,local://110_5.nc,1995-12-31,2026-08-20,11191,"u10,v10"
era5,115_5,369,local://115_5.nc,1995-12-31,2026-08-20,11191,"u10,v10"
era5,120_-10,369,local://120_-10.nc,1995-12-31,2026-08-20,11191,"u10,v10"
era5,140_-10,369,local://140_-10.nc,1995-12-31,2026-08-20,11191,"u10,v10"
era5,140_-15,369,local://140_-15.nc,1995-12-31,2026-08-20,11191,"u10,v10"
era5,145_-20,369,local://145_-20.nc,1995-12-31,2026-08-20,11191,"u10,v10"
era5,150_-20,369,local://150_-20.nc,1995-12-31,2026-08-20,11191,"u10,v10"
era5,150_-25,369,local://150_-25.nc,1995-12-31,2026-08-20,11191,"u10,v10"
era5,155_-25,369,local://155_-25.nc,1995-12-31,2026-08-20,11191,"u10,v10"
era5,165_10,369,local://165_10.nc,1995-12-31,2026-08-20,11191,"u10,v10"
era5,55_-20,369,local://55_-20.nc,1995-12-31,2026-08-20,11191,"u10,v10"
era5,70_0,369,local://70_0.nc,1995-12-31,2026-08-20,11191,"u10,v10"
era5,70_10,269,local://70_10.nc,2003-04-10,2025-08-24,8173,"u10,v10"
era5,70_5,369,local://70_5.nc,1995-12-31,2026-08-20,11191,"u10,v10"
