n_observations,start_date,end_date,span_years,start_area_m2,end_area_m2,relative_change,late_cv,spearman_rho,max_adjacent_area_ratio,perimeter_relative_change,perimeter_max_adjacent_ratio,major_axis_relative_change,minor_axis_relative_change,elongation_relative_change,orientation_max_step_deg,orientation_net_deg,centroid_path_normalized,centroid_net_normalized,centroid_max_step_normalized,reef_id,sand_cay_id,sensor,reference_frame_id,eligible,trajectory_class,track_id
7,1997-12-31,2020-12-31,23.00115676571045,207292.85463963228,169208.3752369095,-0.1837230688386758,0.0456049658830589,-0.9642857142857144,1.1312213797762931,-0.1263541076784606,1.2337580722265438,-0.1492771011343902,-0.0416587801993335,-0.1192356036782388,2.6876452726691724,-2.278099150680063,0.6310959182848137,0.0083129507082525,0.1882069206539868,GBR_003,GBR_003_cay_001,google_earth,GBR_003__frame_712_111_1334_942_622_831,True,Stable-area reworking,GBR_003|GBR_003_cay_001|google_earth|GBR_003__frame_712_111_1334_942_622_831
30,2017-05-10,2025-12-14,8.597028001943913,178300.0,198500.0,0.1132922041503084,0.0510678802797261,-0.1310344827586206,1.3621523579201935,-0.030705936472383,1.3773999596496325,-0.0309626548729554,0.1328612765575511,-0.1458363556535742,5.181306671065244,-0.5397075673557907,2.8060560994549144,0.0630042779058515,0.2948311590981184,GBR_003,GBR_003_cay_001,sentinel2,GBR_003__s2frame_w143.385240_s-9.974385_e143.406766_n-9.945731,True,Stable-area reworking,GBR_003|GBR_003_cay_001|sentinel2|GBR_003__s2frame_w143.385240_s-9.974385_e143.406766_n-9.945731
12,2002-12-31,2020-12-31,18.00173857094944,154501.45375404242,106131.4239008673,-0.3130716810611858,0.0275287346041209,-0.7272727272727274,1.2475591234541117,-0.3464130280196678,1.541994188616959,-0.4032224564022157,-0.0575877263331091,-0.3856194230713915,6.737637605803911,-2.723640737662919,0.9422868656850868,0.6190436694958251,0.5243626203302582,GBR_007,GBR_007_cay_001,google_earth,GBR_007__frame_698_117_1436_844_738_727,True,Contraction,GBR_007|GBR_007_cay_001|google_earth|GBR_007__frame_698_117_1436_844_738_727
35,2017-05-10,2025-12-14,8.597028001943913,228250.0,218700.0,-0.0418400876232201,0.0375747812276945,0.0023811191318284,1.6418118466898954,-0.0980180697136755,1.7787856533484172,-0.1436618466723698,-0.0424227542155963,-0.1123045624984092,4.61158805280985,-2.731204486323577,7.848453175319213,0.1508228030312559,0.6952503308709485,GBR_007,GBR_007_cay_001,sentinel2,GBR_007__s2frame_w143.311154_s-10.125813_e143.335506_n-10.100891,True,Stable-area reworking,GBR_007|GBR_007_cay_001|sentinel2|GBR_007__s2frame_w143.311154_s-10.125813_e143.335506_n-10.100891
3,2000-12-31,2020-12-31,20.000410686051048,42596.7403265771,39446.04118833885,-0.0739657333890512,0.1378168043737784,-0.5,1.292145593869732,-0.0686949520090504,1.2197919763935066,0.0082297278529931,-0.1578287188669416,0.1497935559769566,22.09204159493447,-17.766739042830423,1.0787652889909232,0.6298529574239589,0.7705639071886768,GBR_008,GBR_008_cay_001,google_earth,GBR_008__frame_475_246_1456_717_981_471,False,Not eligible,GBR_008|GBR_008_cay_001|google_earth|GBR_008__frame_475_246_1456_717_981_471
25,2017-05-10,2025-12-14,8.597028001943913,114100.0,49300.0,-0.567922874671341,0.6910808127178792,-0.3561538461538461,4.904255319148936,-0.3587725745793008,2.162418041710305,-0.366497059337792,-0.3111433771676243,-0.0182179673696749,32.2677303324185,7.986316600191969,4.503431057854288,0.2011168599435807,0.4660460556205141,GBR_008,GBR_008_cay_001,sentinel2,GBR_008__s2frame_w143.194687_s-10.645317_e143.234981_n-10.625482,True,Requires review,GBR_008|GBR_008_cay_001|sentinel2|GBR_008__s2frame_w143.194687_s-10.645317_e143.234981_n-10.625482
1,2014-06-13,2014-06-13,0.0,122342.45925231883,122342.45925231883,0.0,,,1.0,0.0,1.0,0.0,0.0,0.0,,,,,,GBR_009,GBR_009_cay_001,google_earth,GBR_009__frame_468_160_1705_734_1237_574,False,Not eligible,GBR_009|GBR_009_cay_001|google_earth|GBR_009__frame_468_160_1705_734_1237_574
33,2017-05-10,2025-12-14,8.597028001943913,20900.0,23700.0,0.1339712918660287,0.1210878624864024,0.1414242807227144,2.091743119266055,-0.0269329040231695,2.0143829175687227,-0.1274390091876502,0.1264528411783602,-0.2920886548101661,23.500816698354186,-3.199480168478317,15.711913020145252,0.5216984299459277,1.2625598671678795,GBR_009,GBR_009_cay_001,sentinel2,GBR_009__s2frame_w143.105363_s-10.259829_e143.118092_n-10.253478,True,Requires review,GBR_009|GBR_009_cay_001|sentinel2|GBR_009__s2frame_w143.105363_s-10.259829_e143.118092_n-10.253478
1,2024-12-27,2024-12-27,0.0,50068.08600398597,50068.08600398597,0.0,,,1.0,0.0,1.0,0.0,0.0,0.0,,,,,,GBR_020,GBR_020_cay_001,google_earth,GBR_020__frame_692_219_1580_1160_888_941,False,Not eligible,GBR_020|GBR_020_cay_001|google_earth|GBR_020__frame_692_219_1580_1160_888_941
32,2017-03-21,2025-12-09,8.720233817258396,107600.0,106500.0,-0.0102230483271375,0.0160931340653131,0.1338099171599194,1.6365079365079365,-0.0057301447085421,1.1683182794241824,0.0520278374840565,-0.1189295028965559,0.1772213102651474,5.625675877140907,5.028812297650404,3.7892970664260495,0.1228126659425905,0.2862868918183737,GBR_020,GBR_020_cay_001,sentinel2,GBR_020__s2frame_w143.175133_s-11.729606_e143.203839_n-11.695801,True,Stable-area reworking,GBR_020|GBR_020_cay_001|sentinel2|GBR_020__s2frame_w143.175133_s-11.729606_e143.203839_n-11.695801
1,2020-12-31,2020-12-31,0.0,3761.188165603575,3761.188165603575,0.0,,,1.0,0.0,1.0,0.0,0.0,0.0,,,,,,GBR_023,GBR_023_cay_001,google_earth,GBR_023__frame_591_371_1456_779_865_408,False,Not eligible,GBR_023|GBR_023_cay_001|google_earth|GBR_023__frame_591_371_1456_779_865_408
1,2009-01-08,2009-01-08,0.0,3618.461021538481,3618.461021538481,0.0,,,1.0,0.0,1.0,0.0,0.0,0.0,,,,,,GBR_026,GBR_026_cay_001,google_earth,GBR_026__frame_460_194_1073_634_613_440,False,Not eligible,GBR_026|GBR_026_cay_001|google_earth|GBR_026__frame_460_194_1073_634_613_440
1,2010-07-18,2010-07-18,0.0,661.3659325384101,661.3659325384101,0.0,,,1.0,0.0,1.0,0.0,0.0,0.0,,,,,,GBR_027,GBR_027_cay_001,google_earth,GBR_027__frame_621_173_1463_973_842_800,False,Not eligible,GBR_027|GBR_027_cay_001|google_earth|GBR_027__frame_621_173_1463_973_842_800
3,2003-11-05,2012-11-18,9.037831030069064,20531.48396776159,20427.5370441953,-0.0050628061629401,0.2162347971640896,-1.0,1.4913446550168186,-0.0059076177763046,1.2039003593191258,-0.035514489128614,-0.0092007256324825,-0.0447006084318368,18.88396757808357,-15.082224261084749,0.5128149687149207,0.49553128042202,0.3592159825306937,GBR_029,GBR_029_cay_001,google_earth,GBR_029__frame_585_94_1421_854_836_760,False,Not eligible,GBR_029|GBR_029_cay_001|google_earth|GBR_029__frame_585_94_1421_854_836_760
3,2003-12-11,2013-03-06,9.234960334572236,8042.757929512865,8441.720895478571,0.0496052435572769,0.0977866407171417,0.5,1.2104050049390846,0.0468245050115633,1.1906622924686467,0.1017509000970293,0.0442596876005903,-0.1058953457441083,15.250715324903185,25.90467006100953,1.2508098417306122,0.9805587802726292,1.1120301130590422,GBR_030,GBR_030_cay_001,google_earth,GBR_030__frame_698_161_1238_842_540_681,False,Not eligible,GBR_030|GBR_030_cay_001|google_earth|GBR_030__frame_698_161_1238_842_540_681
1,2024-10-02,2024-10-02,0.0,24916.92210909677,24916.92210909677,0.0,,,1.0,0.0,1.0,0.0,0.0,0.0,,,,,,GBR_033,GBR_033_cay_001,google_earth,GBR_033__frame_350_123_1702_911_1352_788,False,Not eligible,GBR_033|GBR_033_cay_001|google_earth|GBR_033__frame_350_123_1702_911_1352_788
35,2017-01-27,2025-10-15,8.71475800324442,65300.0,59800.0,-0.0842266462480857,0.0370654672069785,-0.1022910513266611,1.4563106796116505,-0.0428019976649,1.315726556877142,-0.0625069578162065,0.0030391207157009,-0.062577498979708,16.28992263676389,1.466546707251382,3.2194588088098675,0.19904740413044,0.2669461747820667,GBR_033,GBR_033_cay_001,sentinel2,GBR_033__s2frame_w143.951201_s-13.374566_e143.970006_n-13.361995,True,Stable-area reworking,GBR_033|GBR_033_cay_001|sentinel2|GBR_033__s2frame_w143.951201_s-13.374566_e143.970006_n-13.361995
2,2024-10-02,2024-10-17,0.0410686051048276,19659.49129569557,19659.49129569557,0.0,0.0188897626318756,,1.0270758122743682,0.0,1.0436229809476645,0.0,0.0,0.0,0.1807679070535357,-0.1807679070535357,0.0166290585363018,0.0166290585363018,0.0166290585363018,GBR_034,GBR_034_cay_001,google_earth,GBR_034__frame_398_204_1490_829_1092_625,False,Not eligible,GBR_034|GBR_034_cay_001|google_earth|GBR_034__frame_398_204_1490_829_1092_625
35,2017-01-27,2025-10-15,8.71475800324442,53650.0,45200.0,-0.157502329916123,0.0335474062588275,-0.0927235803100253,1.6212534059945505,-0.0004616205564856,1.3381083119479331,0.0082651860089954,-0.1770715185217448,0.2139618594712194,13.69209398386191,0.5518793188036568,3.803889562908696,0.4619288275570111,0.2790060221548335,GBR_034,GBR_034_cay_001,sentinel2,GBR_034__s2frame_w143.967362_s-13.446298_e143.984973_n-13.434812,True,Stable-area reworking,GBR_034|GBR_034_cay_001|sentinel2|GBR_034__s2frame_w143.967362_s-13.446298_e143.984973_n-13.434812
3,2003-11-08,2024-07-03,20.65203255371432,47790.943270612814,38132.8203287322,-0.2020910716742328,0.3317432586027482,-0.5,1.889705882352941,-0.1009924130655086,1.2669422901961194,-0.0285100434077761,-0.166167251543629,0.138312454475309,3.600660737714776,4.686586485234088,0.677491248395253,0.059814808404869,0.3478777744964332,GBR_036,GBR_036_cay_001,google_earth,GBR_036__frame_705_211_1268_1164_563_953,False,Not eligible,GBR_036|GBR_036_cay_001|google_earth|GBR_036__frame_705_211_1268_1164_563_953
32,2017-01-27,2025-10-22,8.733923352293338,86700.0,78500.0,-0.0945790080738177,0.039108398607721,-0.2718606828448187,1.674321503131524,-0.0153747701914041,1.5791927779879718,0.011335422972795,-0.0906258802644295,0.1271595595790081,12.226020936060635,2.949332582883613,4.01952547232161,0.1577426062972185,0.4208691802049611,GBR_036,GBR_036_cay_001,sentinel2,GBR_036__s2frame_w143.830501_s-13.931918_e143.847229_n-13.901650,True,Stable-area reworking,GBR_036|GBR_036_cay_001|sentinel2|GBR_036__s2frame_w143.830501_s-13.931918_e143.847229_n-13.901650
12,1995-12-31,2024-09-08,28.69052752623257,40073.47339510215,33591.84009387764,-0.161743735995111,0.0776968773266048,-0.4545454545454546,1.1972386587771209,-0.0950876520736397,1.1616097213258,-0.0696888214408461,-0.1162264938728164,0.0137216897833424,3.0002452440264165,1.72501944627642,2.127329433227122,0.6835092686128249,0.9574013182752984,GBR_037,GBR_037_cay_001,google_earth,GBR_037__frame_404_200_1642_765_1238_565,True,Stable-area reworking,GBR_037|GBR_037_cay_001|google_earth|GBR_037__frame_404_200_1642_765_1238_565
35,2017-01-27,2025-12-11,8.870818702642765,82850.0,74600.0,-0.0995775497887749,0.2611013993407763,-0.1060298342820078,2.077757685352622,-0.09360069627318,1.4908297712309693,0.000748619977561,-0.1597968803793811,0.1107733879378181,6.135892811519668,-3.1000573050779536,4.538285827527378,0.0383843950269169,0.4001047619258613,GBR_037,GBR_037_cay_001,sentinel2,GBR_037__s2frame_w144.498897_s-13.992049_e144.539268_n-13.969822,True,Requires review,GBR_037|GBR_037_cay_001|sentinel2|GBR_037__s2frame_w144.498897_s-13.992049_e144.539268_n-13.969822
4,2019-09-02,2024-09-08,5.018583543809934,24152.082327446984,29118.02698624329,0.2056114496244861,0.0938927459707478,0.7999999999999999,1.1916299559471366,0.2291400044498078,1.179872307635996,0.2234448455151312,0.0083478138218546,0.20447457903038,0.3783214056711586,-0.3627816417580618,0.1404781949200589,0.109135205226189,0.087878663846029,GBR_038,GBR_038_cay_001,google_earth,GBR_038__frame_667_142_1386_859_719_717,True,Stable-area reworking,GBR_038|GBR_038_cay_001|google_earth|GBR_038__frame_667_142_1386_859_719_717
34,2017-01-27,2025-12-11,8.870818702642765,72100.0,85100.0,0.1803051317614424,0.2503341702725644,0.0279602750190985,2.2519280205655527,0.1655816672657537,1.8682207021016672,0.127078539216713,0.0634639408848778,0.0119715657320414,8.986678353364695,0.80847076423224,7.257461642974046,0.4591953538454369,0.6615284582527635,GBR_038,GBR_038_cay_001,sentinel2,GBR_038__s2frame_w144.844101_s-14.335245_e144.865120_n-14.310763,True,Requires review,GBR_038|GBR_038_cay_001|sentinel2|GBR_038__s2frame_w144.844101_s-14.335245_e144.865120_n-14.310763
4,2012-09-02,2024-08-03,11.918109201420974,11104.335582692,11028.1775289169,-0.0068584070796459,0.1958203366896075,0.1999999999999999,1.3903538426865,-0.0018568330535289,1.3350888777096528,-0.0131440235767864,-0.0080610926558625,-0.0039896468263146,14.0241527587458,12.903313889737449,0.6715042882954513,0.5841389229072184,0.6275644599669632,GBR_039,GBR_039_cay_001,google_earth,GBR_039__frame_333_102_1671_996_1338_894,True,Stable-area reworking,GBR_039|GBR_039_cay_001|google_earth|GBR_039__frame_333_102_1671_996_1338_894
33,2017-01-27,2025-12-11,8.870818702642765,43500.0,59700.0,0.3724137931034483,0.0427174236747389,-0.0708674587869633,4.992537313432836,0.3100098249449145,2.353657191012893,0.2887565499094953,0.2472002676999541,0.0202186617794791,21.18053919119413,7.556710075717419,5.681282039245215,0.3198107998927779,0.6765912557389422,GBR_039,GBR_039_cay_001,sentinel2,GBR_039__s2frame_w144.875835_s-14.209325_e144.900372_n-14.189774,True,Requires review,GBR_039|GBR_039_cay_001|sentinel2|GBR_039__s2frame_w144.875835_s-14.209325_e144.900372_n-14.189774
1,2016-05-27,2016-05-27,0.0,3038.7150585829445,3038.7150585829445,0.0,,,1.0,0.0,1.0,0.0,0.0,0.0,,,,,,GBR_040,GBR_040_cay_001,google_earth,GBR_040__frame_360_388_1273_719_913_331,False,Not eligible,GBR_040|GBR_040_cay_001|google_earth|GBR_040__frame_360_388_1273_719_913_331
1,2016-05-27,2016-05-27,0.0,8086.117230208468,8086.117230208468,0.0,,,1.0,0.0,1.0,0.0,0.0,0.0,,,,,,GBR_041,GBR_041_cay_001,google_earth,GBR_041__frame_446_321_1261_834_815_513,False,Not eligible,GBR_041|GBR_041_cay_001|google_earth|GBR_041__frame_446_321_1261_834_815_513
3,1985-12-31,2025-07-14,39.53537718091405,24678.02943743294,19758.591592415123,-0.1993448406198816,0.3844064837853554,-0.5,2.175717681477418,-0.0923217172888485,1.4687673467850146,-0.1374663695645259,-0.0632421241921332,0.0748751851652234,21.48100593981431,-21.563737843185848,0.9025990131327598,0.1596347795133858,0.5102346940437895,GBR_052,GBR_052_cay_001,google_earth,GBR_052__frame_542_173_1684_884_1142_711,False,Not eligible,GBR_052|GBR_052_cay_001|google_earth|GBR_052__frame_542_173_1684_884_1142_711
34,2017-02-17,2025-10-18,8.665475677118627,28200.0,24200.0,-0.1418439716312056,0.1734216903243877,-0.2033328617470128,1.4285714285714286,-0.2645166240228054,1.3801718105733758,-0.3432531448441493,0.2090536530891964,-0.38008576680595,12.982258670940524,4.84295097284992,3.7723504012100335,0.6532838415724688,0.2439746690617801,GBR_052,GBR_052_cay_001,sentinel2,GBR_052__s2frame_w152.362046_s-21.647462_e152.375800_n-21.639653,True,Stable-area reworking,GBR_052|GBR_052_cay_001|sentinel2|GBR_052__s2frame_w152.362046_s-21.647462_e152.375800_n-21.639653
2,2003-07-12,2025-07-14,22.007296522173625,34944.2770596507,34944.2770596507,0.0,0.7839640691095725,,3.487789605510332,0.0,1.7880834902530105,0.0,0.0,0.0,18.30858742575836,-18.30858742575836,0.915204017405568,0.915204017405568,0.915204017405568,GBR_053,GBR_053_cay_001,google_earth,GBR_053__frame_354_358_1192_717_838_359,False,Not eligible,GBR_053|GBR_053_cay_001|google_earth|GBR_053__frame_354_358_1192_717_838_359
29,2017-02-17,2025-09-18,8.583338466908971,36050.0,42400.0,0.1761442441054091,0.3750596885152615,-0.0724316356054077,2.0384615384615383,0.1213672374689049,1.5340701795860887,0.1571519498639032,0.0765040853781028,0.0581285698858975,8.091723991169943,-6.72374898985025,8.547129630205733,0.5504887238461038,0.7878513065673801,GBR_053,GBR_053_cay_001,sentinel2,GBR_053__s2frame_w152.377053_s-21.637693_e152.397022_n-21.630491,True,Requires review,GBR_053|GBR_053_cay_001|sentinel2|GBR_053__s2frame_w152.377053_s-21.637693_e152.397022_n-21.630491
1,2025-07-14,2025-07-14,0.0,5310.486980737967,5310.486980737967,0.0,,,1.0,0.0,1.0,0.0,0.0,0.0,,,,,,GBR_054,GBR_054_cay_001,google_earth,GBR_054__frame_664_144_1267_817_603_673,False,Not eligible,GBR_054|GBR_054_cay_001|google_earth|GBR_054__frame_664_144_1267_817_603_673
1,2025-07-14,2025-07-14,0.0,29543.73405494916,29543.73405494916,0.0,,,1.0,0.0,1.0,0.0,0.0,0.0,,,,,,GBR_055,GBR_055_cay_001,google_earth,GBR_055__frame_566_163_1586_829_1020_666,False,Not eligible,GBR_055|GBR_055_cay_001|google_earth|GBR_055__frame_566_163_1586_829_1020_666
36,2017-02-04,2025-12-09,8.84343963257288,64950.0,65200.0,0.0038491147036181,0.1933522707253785,0.2086766289556189,2.696774193548387,-0.0494914333293873,1.7273423167985338,-0.0519513882853085,0.0578831148621888,-0.1033239296099586,7.043722296556268,-2.825582049607263,4.350303689443562,0.25499481474683,0.4805077542746876,GBR_055,GBR_055_cay_001,sentinel2,GBR_055__s2frame_w152.443424_s-21.790265_e152.465048_n-21.776997,True,Requires review,GBR_055|GBR_055_cay_001|sentinel2|GBR_055__s2frame_w152.443424_s-21.790265_e152.465048_n-21.776997
1,2025-07-15,2025-07-15,0.0,4955.487868239246,4955.487868239246,0.0,,,1.0,0.0,1.0,0.0,0.0,0.0,,,,,,GBR_056,GBR_056_cay_001,google_earth,GBR_056__frame_237_213_1409_880_1172_667,False,Not eligible,GBR_056|GBR_056_cay_001|google_earth|GBR_056__frame_237_213_1409_880_1172_667
4,2008-10-01,2025-07-01,16.7477771617487,120402.4283772778,113758.42629189938,-0.0551816286010413,0.0550840589420907,-0.7999999999999999,1.1168089661917473,-0.0022503305800385,1.0658046563736954,-0.0040672678736367,-0.0773128245198495,0.0479220064081823,1.0407828349888035,0.5945853572711997,0.1384326022381128,0.0979671859344798,0.0704556737149774,GBR_058,GBR_058_cay_001,google_earth,GBR_058__frame_583_136_1431_892_848_756,True,Stable-area reworking,GBR_058|GBR_058_cay_001|google_earth|GBR_058__frame_583_136_1431_892_848_756
36,2017-01-25,2025-10-03,8.687378933174534,160350.0,156600.0,-0.0233863423760523,0.0221354368419784,-0.2968257532695239,1.1715511079342389,-0.0263179979917716,1.057055117071446,-0.019452546233204,-0.0143765492858518,-0.0119822063550745,1.9456333477169776,0.0962367928913039,0.9477967849315732,0.040659748313968,0.0712019455976216,GBR_058,GBR_058_cay_001,sentinel2,GBR_058__s2frame_w151.772665_s-23.252846_e151.790195_n-23.238778,True,Stable-area reworking,GBR_058|GBR_058_cay_001|sentinel2|GBR_058__s2frame_w151.772665_s-23.252846_e151.790195_n-23.238778
2,2010-06-01,2025-07-01,15.083129701499688,325328.6623078688,325328.6623078688,0.0,0.2020803110079548,,1.3334292014188476,0.0,1.1436007723450012,0.0,0.0,0.0,0.1856895767800352,-0.1856895767800352,0.0932998742289903,0.0932998742289903,0.0932998742289903,GBR_059,GBR_059_cay_001,google_earth,GBR_059__frame_300_146_1615_996_1315_850,False,Not eligible,GBR_059|GBR_059_cay_001|google_earth|GBR_059__frame_300_146_1615_996_1315_850
34,2017-06-24,2025-11-24,8.41906404648966,518500.0,514600.0,-0.0075216972034715,0.0053723669450976,0.1786369214011169,1.0946502057613168,0.0068156633610009,1.0405870182086967,0.0009601192891136,-0.0160905056648425,0.0161696773636561,0.6818906098452686,-0.0665091554214427,0.4376128570058966,0.0300898683718796,0.0337166173220109,GBR_059,GBR_059_cay_001,sentinel2,GBR_059__s2frame_w151.716451_s-23.550821_e151.768015_n-23.527015,True,Stable-area reworking,GBR_059|GBR_059_cay_001|sentinel2|GBR_059__s2frame_w151.716451_s-23.550821_e151.768015_n-23.527015
3,2014-03-15,2025-07-15,11.33493500893242,177782.79300877263,179345.1845106562,0.0087882042769261,0.0172322835792329,0.5,1.035070436410206,0.0058078676149342,1.0142779859602802,0.0037972150800509,0.0072858949194015,-0.0039827175211848,1.9927106294876469,-1.6517218599222474,0.0436309782717842,0.0421125911561437,0.0321756008130499,GBR_060,GBR_060_cay_001,google_earth,GBR_060__frame_406_127_1544_961_1138_834,False,Not eligible,GBR_060|GBR_060_cay_001|google_earth|GBR_060__frame_406_127_1544_961_1138_834
35,2017-02-04,2025-11-01,8.739399166307317,220150.0,220200.0,0.0002271178741766,0.0081862325315998,-0.1689548959567894,1.131578947368421,0.0005927480463055,1.1007242923695075,0.0070014650034794,0.0006168593561058,0.0048061668933124,3.2766115414670764,0.6674729115463833,1.054886369910449,0.0023699918448679,0.0947791919943003,GBR_060,GBR_060_cay_001,sentinel2,GBR_060__s2frame_w152.379468_s-23.918571_e152.431527_n-23.885000,True,Stable-area reworking,GBR_060|GBR_060_cay_001|sentinel2|GBR_060__s2frame_w152.379468_s-23.918571_e152.431527_n-23.885000
1,2025-07-19,2025-07-19,0.0,76935.19892312116,76935.19892312116,0.0,,,1.0,0.0,1.0,0.0,0.0,0.0,,,,,,GBR_061,GBR_061_cay_001,google_earth,GBR_061__frame_360_129_1394_977_1034_848,False,Not eligible,GBR_061|GBR_061_cay_001|google_earth|GBR_061__frame_360_129_1394_977_1034_848
18,2017-05-25,2025-11-01,8.438229395538581,106200.0,103400.0,-0.0263653483992467,0.0141268518854922,-0.2920536635706914,1.2181616832779625,-0.0437609003763391,1.0928749021338997,-0.0431712458754911,0.0084219547275303,-0.0513373414298552,2.563678402726765,0.3235680333587396,0.8263710103124486,0.0733350742448776,0.0784739908367519,GBR_061,GBR_061_cay_001,sentinel2,GBR_061__s2frame_w152.280114_s-23.814134_e152.304587_n-23.796481,True,Stable-area reworking,GBR_061|GBR_061_cay_001|sentinel2|GBR_061__s2frame_w152.280114_s-23.814134_e152.304587_n-23.796481
1,2025-07-19,2025-07-19,0.0,14703.394763157754,14703.394763157754,0.0,,,1.0,0.0,1.0,0.0,0.0,0.0,,,,,,GBR_061,GBR_061_cay_002,google_earth,GBR_061__frame_360_129_1394_977_1034_848,False,Not eligible,GBR_061|GBR_061_cay_002|google_earth|GBR_061__frame_360_129_1394_977_1034_848
16,2017-05-25,2025-11-01,8.438229395538581,15550.0,30900.0,0.9871382636655948,0.1782313266694413,-0.0411764705882353,3.495726495726496,0.4497146018234433,2.1173876725670104,0.4503722618887779,0.2621682768333301,0.3037068357731592,8.751700880216191,0.2993921745632519,9.28827226103338,0.143544430419087,1.7605668063052284,GBR_061,GBR_061_cay_002,sentinel2,GBR_061__s2frame_w152.280114_s-23.814134_e152.304587_n-23.796481,True,Requires review,GBR_061|GBR_061_cay_002|sentinel2|GBR_061__s2frame_w152.280114_s-23.814134_e152.304587_n-23.796481
2,2019-10-28,2025-07-14,5.7112740165780265,141204.43291860173,141204.43291860173,0.0,0.107652474699875,,1.1647875108412835,0.0,1.069441401871407,0.0,0.0,0.0,0.1524432547178804,-0.1524432547178804,0.0330602643964787,0.0330602643964787,0.0330602643964787,GBR_068,GBR_068_cay_001,google_earth,GBR_068__frame_779_167_1613_821_834_654,False,Not eligible,GBR_068|GBR_068_cay_001|google_earth|GBR_068__frame_779_167_1613_821_834_654
32,2017-02-20,2025-09-01,8.528580326769202,262200.0,209900.0,-0.1994660564454614,0.1954899778315585,0.0161305105617437,1.54050550874919,-0.2021342782782386,1.494958584298381,-0.2096492581800818,-0.2015786143180817,0.0002081037174531,9.412577403907122,8.726367929427767,4.840463406152107,0.6936915725208292,0.5571482946360651,GBR_068,GBR_068_cay_001,sentinel2,GBR_068__s2frame_w150.265349_s-16.545567_e150.305599_n-16.510159,True,Stable-area reworking,GBR_068|GBR_068_cay_001|sentinel2|GBR_068__s2frame_w150.265349_s-16.545567_e150.305599_n-16.510159
1,2011-06-29,2011-06-29,0.0,47533.80562913725,47533.80562913725,0.0,,,1.0,0.0,1.0,0.0,0.0,0.0,,,,,,GBR_073,GBR_073_cay_001,google_earth,GBR_073__frame_506_358_1246_800_740_442,False,Not eligible,GBR_073|GBR_073_cay_001|google_earth|GBR_073__frame_506_358_1246_800_740_442
33,2017-09-25,2025-11-07,8.117894275720925,47300.0,45400.0,-0.040169133192389,0.018778030209489,0.0787427971476585,1.285024154589372,-0.0244418879439683,1.1675033265971613,-0.0414826995621619,0.0252723672484557,-0.0641236978768589,7.324608760103672,-0.2752877970784908,2.033596822731433,0.0846212718042724,0.1626653595879833,GBR_073,GBR_073_cay_001,sentinel2,GBR_073__s2frame_w151.838971_s-17.420620_e151.860391_n-17.407771,True,Stable-area reworking,GBR_073|GBR_073_cay_001|sentinel2|GBR_073__s2frame_w151.838971_s-17.420620_e151.860391_n-17.407771
1,2018-08-20,2018-08-20,0.0,15364.019834421792,15364.019834421792,0.0,,,1.0,0.0,1.0,0.0,0.0,0.0,,,,,,GBR_079,GBR_079_cay_001,google_earth,GBR_079__frame_614_202_883_857_269_655,False,Not eligible,GBR_079|GBR_079_cay_001|google_earth|GBR_079__frame_614_202_883_857_269_655
4,2009-01-14,2026-08-19,17.59379042690815,41649.96576347687,45615.58834585004,0.095213105453514,0.0876859277975647,0.6000000000000001,1.1906761130062102,0.0401654933109531,1.1193743907800788,0.0228416004500892,0.069487196946042,-0.044180071057994,17.1332592823739,10.70808604770373,0.1696227478858093,0.0963667387300102,0.1247200617452643,GBR_085,GBR_085_cay_001,google_earth,GBR_085__frame_596_148_1699_1034_1103_886,True,Stable-area reworking,GBR_085|GBR_085_cay_001|google_earth|GBR_085__frame_596_148_1699_1034_1103_886
31,2018-06-02,2025-12-22,7.556623339288281,67200.0,69500.0,0.0342261904761904,0.02857790069959,0.2838995880946565,1.142622950819672,0.0147186256538507,1.0717188859568714,-0.0206098855999726,0.0577650468848321,-0.0755225722459032,63.95229618055859,1.0248321427623353,1.4438146550597215,0.0527664433945839,0.1543676774486142,GBR_085,GBR_085_cay_001,sentinel2,GBR_085__s2frame_w158.596811_s-19.127764_e158.609914_n-19.117239,True,Stable-area reworking,GBR_085|GBR_085_cay_001|sentinel2|GBR_085__s2frame_w158.596811_s-19.127764_e158.609914_n-19.117239
3,2009-01-14,2025-07-03,16.465772740028886,5586.62710755306,6626.25409132885,0.1860920666013712,0.377441943211219,0.5,2.1516245487364625,0.1172563795370139,1.5111693174812473,0.1245656118294722,0.063715522155422,-0.0262330373892404,14.276505954348693,-9.258105809800242,0.3344763904220239,0.1385790527626357,0.2255993217753154,GBR_086,GBR_086_cay_001,google_earth,GBR_086__frame_537_148_1452_973_915_825,False,Not eligible,GBR_086|GBR_086_cay_001|google_earth|GBR_086__frame_537_148_1452_973_915_825
3,2009-06-20,2025-07-14,16.066038317008562,251013.62263230947,238366.9606727775,-0.0503823729840236,0.0640373079542624,-1.0,1.1061108630477772,-0.0472194394879831,1.0991192336304756,-0.026191280193261,-0.0305821085904373,-0.0043943482023035,1.1553783840655996,-1.3965119126713006,0.0546794848336443,0.0523227209902996,0.0470874074631898,GBR_095,GBR_095_cay_001,google_earth,GBR_095__frame_834_228_1660_1151_826_923,False,Not eligible,GBR_095|GBR_095_cay_001|google_earth|GBR_095__frame_834_228_1660_1151_826_923
31,2017-02-20,2025-09-01,8.528580326769202,381700.0,371900.0,-0.0256746135708671,0.0274304161818638,-0.0802419354838709,1.1323147881233786,-0.0059693894957688,1.0631727992950248,-0.0010346204543898,-0.0237941523862115,0.0213736876566572,2.230639301066944,0.4208731399588572,0.7119399511274954,0.0363482391039454,0.0519846959229495,GBR_095,GBR_095_cay_001,sentinel2,GBR_095__s2frame_w150.327781_s-16.615031_e150.343544_n-16.594665,True,Stable-area reworking,GBR_095|GBR_095_cay_001|sentinel2|GBR_095__s2frame_w150.327781_s-16.615031_e150.343544_n-16.594665
1,2025-07-16,2025-07-16,0.0,57711.6778651935,57711.6778651935,0.0,,,1.0,0.0,1.0,0.0,0.0,0.0,,,,,,GBR_098,GBR_098_cay_001,google_earth,GBR_098__frame_650_127_1067_965_417_838,False,Not eligible,GBR_098|GBR_098_cay_001|google_earth|GBR_098__frame_650_127_1067_965_417_838
33,2017-02-20,2025-09-01,8.528580326769202,99700.0,97000.0,-0.0270812437311935,0.0159878215203501,-0.1096531584822581,1.2496815286624203,-0.0134711567527875,1.0855936648517606,0.0138908846462231,-0.0438216997137646,0.062573965968969,6.15664878304095,1.369781365685327,1.3924913493678417,0.0814710630479339,0.1509315775815043,GBR_098,GBR_098_cay_001,sentinel2,GBR_098__s2frame_w149.956310_s-16.315522_e149.972766_n-16.278337,True,Stable-area reworking,GBR_098|GBR_098_cay_001|sentinel2|GBR_098__s2frame_w149.956310_s-16.315522_e149.972766_n-16.278337
3,2006-12-31,2025-07-29,18.576699042417022,561195.9226385867,564043.1115651911,0.0050734312416555,0.018126899125582,1.0,1.0252723166843785,0.0106913992038708,1.0256022369621918,0.0044031403482239,0.001878849183477,-0.0005837001055139,1.0294600677952133,-0.290721835342822,0.0302891696949644,0.0234430739605264,0.0243059338487635,GBR_101,GBR_101_cay_001,google_earth,GBR_101__frame_473_67_1369_915_896_848,False,Not eligible,GBR_101|GBR_101_cay_001|google_earth|GBR_101__frame_473_67_1369_915_896_848
34,2017-02-10,2025-10-26,8.706544282223454,528750.0,546100.0,0.0328132387706855,0.0204492545377139,0.0829640947288005,1.1870698644421271,0.0173640392306973,1.1557059224721404,0.0045464000527528,0.0330871687022289,-0.019954705937545,5.728851326446119,1.3615252325429026,0.8678066167510509,0.010493333599871,0.0926526284808417,GBR_101,GBR_101_cay_001,sentinel2,GBR_101__s2frame_w149.178258_s-16.955359_e149.212373_n-16.920613,True,Stable-area reworking,GBR_101|GBR_101_cay_001|sentinel2|GBR_101__s2frame_w149.178258_s-16.955359_e149.212373_n-16.920613
2,2011-07-26,2025-07-24,13.996180619725251,158600.79107182156,158600.79107182156,0.0,0.0268667313278769,,1.0387310955367026,0.0,1.042984991390487,0.0,0.0,0.0,0.4482671399430415,-0.4482671399430415,0.0070484355312703,0.0070484355312703,0.0070484355312703,GBR_102,GBR_102_cay_001,google_earth,GBR_102__frame_669_181_1359_936_690_755,False,Not eligible,GBR_102|GBR_102_cay_001|google_earth|GBR_102__frame_669_181_1359_936_690_755
35,2017-02-10,2025-10-26,8.706544282223454,241200.0,228200.0,-0.0538971807628524,0.0310201377012038,-0.4982490593775428,1.28150826446281,-0.0489183140751978,1.163000696519464,-0.0510943759090873,-0.0240783041240424,-0.0400557015566574,1.396931274184766,-0.6626866970148058,2.148760246521701,0.0323128059337736,0.1290605731983446,GBR_102,GBR_102_cay_001,sentinel2,GBR_102__s2frame_w149.119644_s-17.026707_e149.168282_n-16.968308,True,Stable-area reworking,GBR_102|GBR_102_cay_001|sentinel2|GBR_102__s2frame_w149.119644_s-17.026707_e149.168282_n-16.968308
2,2012-09-02,2024-03-26,11.562181290512468,84149.62191902858,84149.62191902858,0.0,0.040790374174171,,1.0593995711222302,0.0,1.0350068704658677,0.0,0.0,0.0,0.2878487622224099,0.2878487622224099,0.0115703357002014,0.0115703357002014,0.0115703357002014,GBR_104,GBR_104_cay_001,google_earth,GBR_104__frame_179_65_1652_1034_1473_969,False,Not eligible,GBR_104|GBR_104_cay_001|google_earth|GBR_104__frame_179_65_1652_1034_1473_969
35,2017-01-27,2025-12-11,8.870818702642765,121400.0,130400.0,0.0741350906095551,0.0217872909483087,0.1213140042191802,1.171888988361683,0.0303235946690537,1.0776059001004337,0.0209947454544056,0.0458330012831226,-0.0314003783725602,6.31681388987414,-0.6526970756479358,0.9938683279602164,0.0447910955636638,0.0792668119042107,GBR_104,GBR_104_cay_001,sentinel2,GBR_104__s2frame_w144.870165_s-14.438563_e144.904634_n-14.412680,True,Stable-area reworking,GBR_104|GBR_104_cay_001|sentinel2|GBR_104__s2frame_w144.870165_s-14.438563_e144.904634_n-14.412680
1,2024-03-26,2024-03-26,0.0,78560.05597309543,78560.05597309543,0.0,,,1.0,0.0,1.0,0.0,0.0,0.0,,,,,,GBR_106,GBR_106_cay_001,google_earth,GBR_106__frame_460_188_1421_984_961_796,False,Not eligible,GBR_106|GBR_106_cay_001|google_earth|GBR_106__frame_460_188_1421_984_961_796
1,2005-12-31,2005-12-31,0.0,51683.33074351039,51683.33074351039,0.0,,,1.0,0.0,1.0,0.0,0.0,0.0,,,,,,GBR_108,GBR_108_cay_001,google_earth,GBR_108__frame_275_121_1565_967_1290_846,False,Not eligible,GBR_108|GBR_108_cay_001|google_earth|GBR_108__frame_275_121_1565_967_1290_846
34,2017-01-30,2025-10-20,8.720233817258396,159800.0,135700.0,-0.1508135168961201,0.0948104396668175,-0.119938884644767,1.84796573875803,-0.0485130240296985,1.411768940769328,-0.0924719363059493,-0.0377266112755558,-0.0571569460397747,10.752757317890214,7.664860936939988,3.738319328450719,0.1160850543127976,0.2320108905998144,GBR_108,GBR_108_cay_001,sentinel2,GBR_108__s2frame_w144.013356_s-11.444855_e144.064459_n-11.402310,True,Stable-area reworking,GBR_108|GBR_108_cay_001|sentinel2|GBR_108__s2frame_w144.013356_s-11.444855_e144.064459_n-11.402310
13,2001-06-21,2023-10-07,22.294776757907417,23328.05384332808,29307.476686758564,0.2563189747241012,0.0562128721854808,0.2307692307692307,1.9447257383966243,0.0740841115370299,1.4326966121901783,-0.3311736334041835,0.8173003044996948,-0.6367255602334109,31.543964598014213,-3.710819613618,10.352685213586897,2.8064635329439858,1.6233549953971358,MEDF_001,MEDF_001_cay_001,google_earth,MEDF_001__frame_438_215_1677_1078_1239_863,True,Complex/non-monotonic,MEDF_001|MEDF_001_cay_001|google_earth|MEDF_001__frame_438_215_1677_1078_1239_863
5,2021-09-08,2024-04-10,2.5873221216041395,22650.0,72500.0,2.200883002207505,0.4571053258668196,0.8999999999999998,2.971311475409836,0.5259667420504782,1.568900939176736,0.1755370333628928,1.6477309087184109,-0.5751132435351574,80.49556570060406,-32.186998825582805,4.633022486059309,1.1276142365490516,1.924883970717682,MEDF_001,MEDF_001_cay_001,sentinel2,MEDF_001__s2frame_w73.080983_s6.857961_e73.111420_n6.878947,False,Not eligible,MEDF_001|MEDF_001_cay_001|sentinel2|MEDF_001__s2frame_w73.080983_s6.857961_e73.111420_n6.878947
7,2001-12-31,2023-11-18,21.881352799852152,52965.02111615069,55780.79276364457,0.0531628532974427,0.1492963656974835,0.3214285714285715,1.347314201618837,0.0313906948009286,1.3246079447997077,0.0288783627391653,0.0148153237900469,0.0130556754153734,6.856836205260876,4.0183708194067975,0.9709532291675196,0.2955988163861948,0.3077119503626574,MEDF_002,MEDF_002_cay_001,google_earth,MEDF_002__frame_508_131_1271_934_763_803,True,Stable-area reworking,MEDF_002|MEDF_002_cay_001|google_earth|MEDF_002__frame_508_131_1271_934_763_803
18,2017-01-07,2025-12-26,8.966645447887363,73750.0,78000.0,0.0576271186440678,0.2982858319992866,-0.2250903758920171,2.647382920110193,0.0722334052570035,1.5163632152728403,0.0365165636366585,0.0373402650443903,0.0361280808951953,6.185838092943072,3.7428262185897694,1.821147040349951,0.1389590465233266,0.2225990446375383,MEDF_002,MEDF_002_cay_001,sentinel2,MEDF_002__s2frame_w72.885163_s6.365366_e72.929443_n6.411732,True,Requires review,MEDF_002|MEDF_002_cay_001|sentinel2|MEDF_002__s2frame_w72.885163_s6.365366_e72.929443_n6.411732
3,2011-02-22,2023-10-07,12.62175130221702,34328.88494471779,32348.3723517533,-0.0576923076923078,0.602277188783054,-1.0,4.083333333333333,-0.0410474639140991,2.231270175771025,-0.0606891408299747,-0.0157085765350387,-0.0450234869866309,45.87712233257008,42.86700073503749,3.3188285749456137,1.7175220845593662,2.4595650284101365,MEDF_004,MEDF_004_cay_001,google_earth,MEDF_004__frame_579_140_1244_1009_665_869,False,Not eligible,MEDF_004|MEDF_004_cay_001|google_earth|MEDF_004__frame_579_140_1244_1009_665_869
4,2017-03-18,2021-03-02,3.956275625098393,51350.0,135100.0,1.6309639727361247,0.4479731689339579,1.0,2.25542570951586,0.6821378380827156,1.750592147668968,0.3497052173160061,0.7931893701714864,-0.1958506580766123,23.88192089828792,29.57896699904296,2.404598623018473,2.402709731800258,2.244959600393833,MEDF_004,MEDF_004_cay_001,sentinel2,MEDF_004__s2frame_w73.093826_s5.972070_e73.117139_n6.002849,True,Requires review,MEDF_004|MEDF_004_cay_001|sentinel2|MEDF_004__s2frame_w73.093826_s5.972070_e73.117139_n6.002849
3,2017-03-18,2020-08-24,3.436073293770577,46050.0,58900.0,0.2790445168295331,0.6941131449256062,1.0,2.271646859083192,0.3134303483640697,1.9130329242407973,0.3485846339983295,0.2668002426530543,-0.0901704670448675,21.156443605011265,26.78616339792744,2.4867288169525974,2.485861472753169,2.465504400439637,MEDF_004,MEDF_004_cay_002,sentinel2,MEDF_004__s2frame_w73.093826_s5.972070_e73.117139_n6.002849,False,Not eligible,MEDF_004|MEDF_004_cay_002|sentinel2|MEDF_004__s2frame_w73.093826_s5.972070_e73.117139_n6.002849
6,2005-07-27,2016-08-08,11.033765238163683,16831.075918374554,17793.727031927876,0.0571948649166505,0.0228231306268559,0.7142857142857143,1.0784718130033393,0.0207791368743312,1.263961702924746,0.1536912660676818,-0.1131715370652309,0.3109443811911283,6.456318307814115,-2.245030322778817,1.385258086336178,0.4642398157567083,0.3943330563132127,MEDF_005,MEDF_005_cay_001,google_earth,MEDF_005__frame_491_288_1467_842_976_554,True,Stable-area reworking,MEDF_005|MEDF_005_cay_001|google_earth|MEDF_005__frame_491_288_1467_842_976_554
36,2017-03-18,2025-11-01,8.624407072013799,41000.0,36900.0,-0.1,0.1153705862561107,-0.0654091355931879,1.2941176470588236,0.0321253899674807,1.4264283031704807,0.0583367083216094,-0.093938388722482,0.1852935256923066,28.16314540408564,8.201407680129165,11.870739106322574,0.0388230473787282,0.798575831061626,MEDF_005,MEDF_005_cay_001,sentinel2,MEDF_005__s2frame_w73.150891_s5.914388_e73.163292_n5.921777,True,Stable-area reworking,MEDF_005|MEDF_005_cay_001|sentinel2|MEDF_005__s2frame_w73.150891_s5.914388_e73.163292_n5.921777
8,2010-03-24,2025-07-05,15.28299691300985,40722.16687954331,43831.62549264831,0.0763578869047617,0.1265947337625501,0.80511756018254,1.2112964083066908,0.1330234802949521,1.0888277897423488,0.1828786395948935,-0.0566369528593394,0.2146036584212282,33.03094379697178,-10.6513310457169,1.2152972422025965,0.8897129933958984,0.6073042536466243,MEDF_006,MEDF_006_cay_001,google_earth,MEDF_006__frame_339_169_1727_980_1388_811,True,Stable-area reworking,MEDF_006|MEDF_006_cay_001|google_earth|MEDF_006__frame_339_169_1727_980_1388_811
36,2017-03-18,2025-11-01,8.624407072013799,64650.0,69400.0,0.0734725444702242,0.0108828711930378,0.603980375278041,1.1068580542264752,-0.0837907898376348,1.2475729411102805,-0.0981708811070662,0.089408248992507,-0.1723632301152454,11.293267109865,-19.09553068101563,6.337681920726869,0.6703373513003997,0.420672946828639,MEDF_006,MEDF_006_cay_001,sentinel2,MEDF_006__s2frame_w73.196873_s5.859425_e73.212508_n5.869042,True,Stable-area reworking,MEDF_006|MEDF_006_cay_001|sentinel2|MEDF_006__s2frame_w73.196873_s5.859425_e73.212508_n5.869042
5,2006-01-23,2025-08-11,19.548656029897945,11188.279806153085,3127.038688249881,-0.7205076434958178,0.0429325490607203,-0.7999999999999999,4.00407747196738,-0.5472876152639091,2.5357792634763454,-0.5037018318393435,-0.4748533569791849,-0.0219675093824121,37.12452148740714,-88.92328218865978,2.0403791217987943,1.3260080557549925,0.6654161273222104,MEDF_007,MEDF_007_cay_001,google_earth,MEDF_007__frame_456_225_1621_963_1165_738,True,Requires review,MEDF_007|MEDF_007_cay_001|google_earth|MEDF_007__frame_456_225_1621_963_1165_738
25,2017-06-29,2025-11-01,8.342402650293982,13400.0,17900.0,0.3358208955223881,0.5163347388080721,0.0434698988614352,5.173333333333333,0.0857864371707262,2.9805658762324416,0.08580282564772,-0.1193314212290253,-0.1034355056695228,89.56855154117494,52.23200551813716,14.679675715568402,0.793195044657344,1.2321095989969542,MEDF_007,MEDF_007_cay_001,sentinel2,MEDF_007__s2frame_w72.815287_s5.587752_e72.836456_n5.602445,True,Requires review,MEDF_007|MEDF_007_cay_001|sentinel2|MEDF_007__s2frame_w72.815287_s5.587752_e72.836456_n5.602445
6,2006-01-23,2023-06-17,17.39666112240498,9857.235096911474,6713.8813047647245,-0.3188879803761242,0.291368648489927,-1.0,1.588761737089202,-0.2624593146485637,1.1800864967486158,-0.3137918136112473,-0.2116961145792014,0.1445875979232257,23.58328203939953,-11.48373846810398,1.7107900900398472,0.184614285807439,0.5432578729861238,MEDF_008,MEDF_008_cay_001,google_earth,MEDF_008__frame_423_81_1544_1059_1121_978,True,Contraction,MEDF_008|MEDF_008_cay_001|google_earth|MEDF_008__frame_423_81_1544_1059_1121_978
30,2017-03-18,2025-11-01,8.624407072013799,26750.0,22800.0,-0.1476635514018691,0.127286499829586,-0.1622704758766757,2.2115384615384617,-0.1509031860222533,1.5388188942646346,-0.1141882112991644,-0.0518914802066042,-0.0309078016667737,28.71358900927196,1.2527854500074227,4.9519987264425245,0.1122017334837296,0.4226703357063862,MEDF_008,MEDF_008_cay_001,sentinel2,MEDF_008__s2frame_w72.853663_s5.584525_e72.862829_n5.593249,True,Requires review,MEDF_008|MEDF_008_cay_001|sentinel2|MEDF_008__s2frame_w72.853663_s5.584525_e72.862829_n5.593249
5,2006-01-23,2023-06-17,17.39666112240498,3539.2159843729924,3540.8119511769128,0.000450937950938,0.1313501816355214,-0.3,1.3992210321324248,-0.0513627978282298,1.1502016996158837,-0.0837556876849259,0.0133762112536,-0.1621837484256451,29.158240600749025,-9.075749020332978,3.221006398241144,0.356384111129403,1.0514374088239833,MEDF_009,MEDF_009_cay_001,google_earth,MEDF_009__frame_410_340_1727_796_1317_456,True,Stable-area reworking,MEDF_009|MEDF_009_cay_001|google_earth|MEDF_009__frame_410_340_1727_796_1317_456
6,2011-03-08,2023-06-17,12.276775019336467,9594.874100249206,8002.278791000361,-0.1659839715048977,0.2217680577004631,-0.4285714285714286,1.4337675279379314,-0.3049515925033557,1.2860391140151657,-0.2762320193440588,-0.0388753864964435,-0.2608200783959992,32.09145535227672,-50.14514600561866,1.8541613986326388,0.9681658035959376,0.7271293047861662,MEDF_010,MEDF_010_cay_001,google_earth,MEDF_010__frame_652_375_1359_980_707_605,True,Stable-area reworking,MEDF_010|MEDF_010_cay_001|google_earth|MEDF_010__frame_652_375_1359_980_707_605
35,2017-03-18,2025-11-01,8.624407072013799,10250.0,7900.0,-0.2292682926829268,0.0695970545353752,-0.5743326138385265,1.4722222222222223,-0.2269054710100345,1.9796091598612413,-0.1585509349610836,-0.1756156444763038,0.0177559531709507,67.51673246012302,22.23149008354888,21.606695185852075,1.5965930349909423,1.8413449712916563,MEDF_010,MEDF_010_cay_001,sentinel2,MEDF_010__s2frame_w72.910556_s5.599843_e72.915839_n5.604707,True,Stable-area reworking,MEDF_010|MEDF_010_cay_001|sentinel2|MEDF_010__s2frame_w72.910556_s5.599843_e72.915839_n5.604707
7,2010-03-21,2023-06-17,13.240518285796425,18160.33268222361,16259.602501535626,-0.1046638414586166,0.0308186215080464,-0.5714285714285715,1.1995189264463852,0.0097284845751251,1.0683064856249465,0.0037545667537723,-0.0685318575926963,0.0622644582037933,17.342207217535773,-21.89533290467776,1.4470043072644532,1.36530754046869,0.4455266595728419,MEDF_011,MEDF_011_cay_001,google_earth,MEDF_011__frame_279_273_1694_1003_1415_730,True,Stable-area reworking,MEDF_011|MEDF_011_cay_001|google_earth|MEDF_011__frame_279_273_1694_1003_1415_730
35,2017-03-18,2025-11-01,8.624407072013799,36100.0,29200.0,-0.1911357340720221,0.0296836747952008,-0.7902187340100213,1.1917808219178083,-0.1304493789109464,1.2517013899770486,-0.110730052089507,-0.0686458957022784,-0.0452367322144807,3.686275155149645,-21.51309928859547,6.972406713626878,0.5950575695422878,0.5357540250693851,MEDF_011,MEDF_011_cay_001,sentinel2,MEDF_011__s2frame_w72.924238_s5.561088_e72.933735_n5.566497,True,Stable-area reworking,MEDF_011|MEDF_011_cay_001|sentinel2|MEDF_011__s2frame_w72.924238_s5.561088_e72.933735_n5.566497
7,2010-03-21,2023-06-17,13.240518285796425,1736.9649090766393,736.5720398146829,-0.5759430510278758,0.7798934696835279,-0.4642857142857144,2.69344210856605,-0.5467055887922679,2.6505025529026227,-0.5989723170417881,-0.0779728212447786,-0.3451945277598576,30.451671946295303,28.936793341684307,10.76354534179722,2.7717914321740604,3.6863212335526345,MEDF_012,MEDF_012_cay_001,google_earth,MEDF_012__frame_183_302_1507_982_1324_680,True,Requires review,MEDF_012|MEDF_012_cay_001|google_earth|MEDF_012__frame_183_302_1507_982_1324_680
5,2014-02-04,2023-06-17,9.363641963900696,1554.249844439272,406.542215094334,-0.7384318766066839,0.4884035006796412,-0.6,4.85995085995086,-0.6159465608933797,2.976667486367268,-0.6165650604397421,-0.4405531166675861,-0.3096605389637425,57.78754307779116,38.13291908718304,9.74539324336993,3.157390481392702,5.334822556375605,MEDF_013,MEDF_013_cay_001,google_earth,MEDF_013__frame_344_363_1657_740_1313_377,True,Requires review,MEDF_013|MEDF_013_cay_001|google_earth|MEDF_013__frame_344_363_1657_740_1313_377
9,2010-03-21,2023-06-17,13.240518285796425,13898.464971011135,13967.39232719457,0.0049593502827254,0.0545720360352856,-0.3166666666666666,1.1438279007231364,-0.0114514710935682,1.087722696652932,-0.0525844207382787,0.0691955740027858,-0.1193733965115401,20.705830711086293,-8.352656341805599,1.174554194155126,0.7491565065794779,0.361626302169266,MEDF_014,MEDF_014_cay_001,google_earth,MEDF_014__frame_333_311_1415_809_1082_498,True,Stable-area reworking,MEDF_014|MEDF_014_cay_001|google_earth|MEDF_014__frame_333_311_1415_809_1082_498
35,2017-03-18,2025-11-01,8.624407072013799,20950.0,18900.0,-0.0978520286396181,0.1209212935646317,-0.3607569210959932,1.1693121693121693,-0.043526854352988,1.13834660283623,-0.0344017045777266,-0.0491200878625962,0.0964457202870949,17.4216277853682,-40.28394634044736,9.461523451639898,0.6419023646463552,0.6939234912595643,MEDF_014,MEDF_014_cay_001,sentinel2,MEDF_014__s2frame_w72.943388_s5.554565_e72.948995_n5.557399,True,Stable-area reworking,MEDF_014|MEDF_014_cay_001|sentinel2|MEDF_014__s2frame_w72.943388_s5.554565_e72.948995_n5.557399
9,2010-03-21,2023-11-15,13.653942243851688,6933.4886974178335,5734.734334086737,-0.1728933896982533,0.051682072085768,-0.8166666666666667,1.4894858924633052,-0.1547824158892213,1.4535757586597586,-0.0027261829821252,-0.2741495585654454,0.3612393838696383,89.44613416988511,-69.20919616719321,1.821874786365856,0.8092702106911972,0.6190772929745688,MEDF_015,MEDF_015_cay_001,google_earth,MEDF_015__frame_298_186_1552_892_1254_706,True,Stable-area reworking,MEDF_015|MEDF_015_cay_001|google_earth|MEDF_015__frame_298_186_1552_892_1254_706
36,2017-03-18,2025-11-01,8.624407072013799,11600.0,8600.0,-0.2586206896551724,0.0264435237796775,-0.7535116521229603,1.3037974683544304,-0.1197191646480956,1.3349363263551035,0.1046154613473644,-0.3597242250470346,0.7406969042611803,89.6330821353146,-27.51992654823175,10.03837438451522,0.361002701355991,0.7095006653326852,MEDF_015,MEDF_015_cay_001,sentinel2,MEDF_015__s2frame_w72.941386_s5.535943_e72.946042_n5.538869,True,Contraction,MEDF_015|MEDF_015_cay_001|sentinel2|MEDF_015__s2frame_w72.941386_s5.535943_e72.946042_n5.538869
11,2006-04-05,2023-11-15,17.61295577595707,41478.68166716732,44498.19299760037,0.0727967044531975,0.0260490702884999,0.7727272727272727,1.0932206848700052,-0.0626071037853952,1.210583286957111,-0.1637033355320833,0.20310641370343,-0.3069759492795627,8.396523059511011,-14.077174909194357,1.6400185480142764,0.609913597443143,0.265925802627835,MEDF_017,MEDF_017_cay_001,google_earth,MEDF_017__frame_291_277_1673_811_1382_534,True,Stable-area reworking,MEDF_017|MEDF_017_cay_001|google_earth|MEDF_017__frame_291_277_1673_811_1382_534
35,2017-03-18,2025-11-01,8.624407072013799,68900.0,67300.0,-0.02322206095791,0.0242028703731865,-0.080997770572405,1.1899350649350648,-0.0593961248893863,1.1780744650529682,-0.0358392626885953,-0.0207924474048078,-0.0153569091690077,14.210173257014674,-11.906662879583152,4.367078970581495,0.2218170052836049,0.3239937943788217,MEDF_017,MEDF_017_cay_001,sentinel2,MEDF_017__s2frame_w72.991228_s5.491815_e73.004682_n5.497654,True,Stable-area reworking,MEDF_017|MEDF_017_cay_001|sentinel2|MEDF_017__s2frame_w72.991228_s5.491815_e73.004682_n5.497654
4,2014-02-04,2023-06-17,9.363641963900696,21624.2171780625,29985.58115358,0.3866666666666666,0.1724288926312854,1.0,1.2892561983471074,0.1553386567086948,1.187986051993557,0.2498046317525669,-0.2763224842143176,0.4211226245188654,8.407848580043137,-3.0903602263454104,2.5836147829642244,2.233624855224289,2.2202482785130533,MEDF_018,MEDF_018_cay_001,google_earth,MEDF_018__frame_567_265_1198_990_631_725,True,Sustained growth,MEDF_018|MEDF_018_cay_001|google_earth|MEDF_018__frame_567_265_1198_990_631_725
4,2018-05-07,2021-06-20,3.1212139879668985,33400.0,34300.0,0.0269461077844311,0.1759149818888374,0.7999999999999999,1.3636363636363635,0.106200075236094,1.2423992642441015,0.1204810803428225,-0.118532989733427,0.1612939744188323,4.534318981326635,12.512777917757006,1.239310557659025,0.3273788248405564,0.4687726384764277,MEDF_018,MEDF_018_cay_001,sentinel2,MEDF_018__s2frame_w72.829311_s5.454988_e72.861906_n5.494073,True,Stable-area reworking,MEDF_018|MEDF_018_cay_001|sentinel2|MEDF_018__s2frame_w72.829311_s5.454988_e72.861906_n5.494073
8,2014-02-04,2024-02-25,10.056332436668788,27493.36771881521,28537.632003452163,0.0379824070778459,0.0461979309054195,0.0952380952380952,1.1539777587681783,0.1194512919273223,1.2170391713459718,0.3027149176945353,-0.0739261465280241,0.4558215616164867,44.036094377269016,3.74305863671232,1.2438306038813516,0.2388079445829861,0.3760575913085029,MEDF_019,MEDF_019_cay_001,google_earth,MEDF_019__frame_461_368_1697_1076_1236_708,True,Stable-area reworking,MEDF_019|MEDF_019_cay_001|google_earth|MEDF_019__frame_461_368_1697_1076_1236_708
35,2017-03-18,2025-11-01,8.624407072013799,90950.0,82300.0,-0.0951072017592083,0.0926026016011041,0.0312346803763378,2.424317617866005,-0.0599195145415392,1.5338445708497404,-0.016910020121881,-0.0853453315873048,0.0991072228569595,19.2457529599983,3.356680244100147,3.436154753235,0.1342152021014897,0.3681289181623216,MEDF_019,MEDF_019_cay_001,sentinel2,MEDF_019__s2frame_w72.935162_s5.366845_e72.956813_n5.380359,True,Requires review,MEDF_019|MEDF_019_cay_001|sentinel2|MEDF_019__s2frame_w72.935162_s5.366845_e72.956813_n5.380359
2,2006-04-05,2023-06-17,17.199531817901804,3364.432587597312,3364.432587597312,0.0,0.5781103845244392,,2.382868525896414,0.0,1.6364868951821872,0.0,0.0,0.0,43.547186018260845,43.547186018260845,4.970473353027511,4.970473353027511,4.970473353027511,MEDF_020,MEDF_020_cay_001,google_earth,MEDF_020__frame_412_181_1596_923_1184_742,False,Not eligible,MEDF_020|MEDF_020_cay_001|google_earth|MEDF_020__frame_412_181_1596_923_1184_742
8,2006-04-05,2023-06-17,17.199531817901804,22896.37962580112,9328.83213746418,-0.5925630038492264,0.053782659052912,-0.9047619047619048,1.924267860473792,-0.4617850394025686,1.3690468644427374,-0.4802808371693559,-0.2446717836236137,-0.31856723780795,9.303912716366796,2.5998321463127496,2.5656279784264178,1.4420080730029383,0.9661124389358338,MEDF_022,MEDF_022_cay_001,google_earth,MEDF_022__frame_308_204_1561_903_1253_699,True,Contraction,MEDF_022|MEDF_022_cay_001|google_earth|MEDF_022__frame_308_204_1561_903_1253_699
34,2017-03-18,2025-11-01,8.624407072013799,25900.0,24000.0,-0.0733590733590733,0.0508955205794058,-0.3697700670991451,1.7061611374407584,-0.1687544465505043,1.4710291748476485,-0.196601330040923,-0.1270158704759026,-0.0951887638481787,22.30218275104872,-8.435648569962225,13.23733461980994,0.7037522415278328,0.8996968441749839,MEDF_022,MEDF_022_cay_001,sentinel2,MEDF_022__s2frame_w72.935240_s5.169249_e72.947272_n5.176617,True,Stable-area reworking,MEDF_022|MEDF_022_cay_001|sentinel2|MEDF_022__s2frame_w72.935240_s5.169249_e72.947272_n5.176617
10,2011-03-16,2023-06-17,12.25487176328056,3063.9458846258585,4664.853074195024,0.5224985198342217,0.074285577527902,0.8909090909090909,1.1704951505870342,0.473090911005933,1.321235721648056,0.4345940352507227,0.4141256654853235,-0.0748003435150199,19.900423809372995,-19.553475601211204,2.673795008314816,0.979010424839604,0.7048488010619969,MEDF_023,MEDF_023_cay_001,google_earth,MEDF_023__frame_121_192_1732_975_1611_783,True,Growth then stable,MEDF_023|MEDF_023_cay_001|google_earth|MEDF_023__frame_121_192_1732_975_1611_783
8,2011-03-16,2023-06-17,12.25487176328056,5421.259394581155,2221.3680454526084,-0.5902487072149717,0.220400963156966,-0.6190476190476191,3.495508982035928,-0.4342919171948326,2.1173100932775384,-0.4570677514201923,-0.478683484510125,0.0154213327980736,11.749669401547123,-5.3583517938201055,8.423964516427581,0.9543082451970408,2.6778924329567544,MEDF_025,MEDF_025_cay_001,google_earth,MEDF_025__frame_371_342_1698_886_1327_544,True,Requires review,MEDF_025|MEDF_025_cay_001|google_earth|MEDF_025__frame_371_342_1698_886_1327_544
7,2005-07-27,2019-09-08,14.116648528032744,42397.11944572903,25454.61401426969,-0.3996145411045391,0.579081389150907,-0.8829187134416479,4.099303135888501,0.5506378675830893,2.592200721475532,0.9017269235491008,-0.6909836735189081,4.749490582338223,15.705341851294406,-14.21497636260699,5.46780025241985,1.4396024514375525,2.280319759250561,MEDF_026,MEDF_026_cay_001,google_earth,MEDF_026__frame_277_388_1698_967_1421_579,True,Requires review,MEDF_026|MEDF_026_cay_001|google_earth|MEDF_026__frame_277_388_1698_967_1421_579
27,2017-03-18,2023-08-04,6.379323326283223,71950.0,102800.0,0.428769979152189,0.0604663400873707,0.4999999999999999,2.920918367346939,0.2109936048840728,1.7933091680025306,0.1528661829893466,0.2460145529071935,-0.0319580829254964,23.747422656722307,-9.314325238248372,6.528605033000438,0.291466530098013,0.8606259313368206,MEDF_026,MEDF_026_cay_001,sentinel2,MEDF_026__s2frame_w73.129679_s5.225928_e73.163570_n5.240336,True,Requires review,MEDF_026|MEDF_026_cay_001|sentinel2|MEDF_026__s2frame_w73.129679_s5.225928_e73.163570_n5.240336
9,2005-07-27,2023-06-17,17.889484383662907,21168.974439806087,30362.953355963047,0.4343138559829628,0.0412305913089066,0.6666666666666667,1.5502376103190767,0.2354504998755791,1.5242684495329013,0.1302942336471567,0.4436662345807158,-0.1809887516376342,15.50598858114806,9.807059836572066,8.847463109483863,1.5015650867012962,3.187960242190314,MEDF_026,MEDF_026_cay_002,google_earth,MEDF_026__frame_277_388_1698_967_1421_579,True,Growth then stable,MEDF_026|MEDF_026_cay_002|google_earth|MEDF_026__frame_277_388_1698_967_1421_579
11,2017-03-18,2022-12-17,5.749604714675866,28150.0,24600.0,-0.1261101243339254,1.0010534451266824,0.1545454545454545,13.5,-0.2554173752984972,4.8446250705400695,-0.2028590650486216,0.0814646326861216,0.1799838413147791,16.17984502907308,3.6850151255527663,4.913186548245204,2.312004492836076,1.361800828689132,MEDF_026,MEDF_026_cay_002,sentinel2,MEDF_026__s2frame_w73.129679_s5.225928_e73.163570_n5.240336,True,Requires review,MEDF_026|MEDF_026_cay_002|sentinel2|MEDF_026__s2frame_w73.129679_s5.225928_e73.163570_n5.240336
8,2011-02-22,2023-06-17,12.315105717434308,32496.807305928647,17032.162921915555,-0.4758819609085646,0.2549609660917948,-0.9523809523809524,1.3837238389060291,-0.2572303235224883,1.1369597320341216,-0.3394930061703642,-0.1781138985317354,-0.1578285238833514,23.855885490302,1.9274528099198,1.174178528912278,0.3330393143606899,0.3699698833159876,MEDF_027,MEDF_027_cay_001,google_earth,MEDF_027__frame_581_233_1096_971_515_738,True,Contraction,MEDF_027|MEDF_027_cay_001|google_earth|MEDF_027__frame_581_233_1096_971_515_738
35,2017-03-18,2025-11-01,8.624407072013799,30200.0,20100.0,-0.3344370860927152,0.0076122519849764,-0.7954052147303758,1.5129533678756475,-0.1479469979869399,1.1934292712323238,-0.1473005524407425,-0.2154714272303168,0.0858402731949657,39.67555635694796,-8.528889674345606,6.408718350129401,0.2732280527073602,0.4126374764585904,MEDF_027,MEDF_027_cay_001,sentinel2,MEDF_027__s2frame_w73.166479_s5.231743_e73.170571_n5.237482,True,Contraction,MEDF_027|MEDF_027_cay_001|sentinel2|MEDF_027__s2frame_w73.166479_s5.231743_e73.170571_n5.237482
7,2005-08-19,2023-06-17,17.826512522502174,27329.275909668097,26948.65319409715,-0.0139272887005504,0.0765321607867973,0.0,1.2759938837920488,-0.142996128375665,1.0985432015771397,-0.1334581764692331,0.1753431758911162,-0.2733546574225428,6.898160364814075,7.432972705319358,1.6285948001547874,0.449281327021012,0.452410762173044,MEDF_028,MEDF_028_cay_001,google_earth,MEDF_028__frame_264_185_1621_990_1357_805,True,Stable-area reworking,MEDF_028|MEDF_028_cay_001|google_earth|MEDF_028__frame_264_185_1621_990_1357_805
36,2017-03-18,2025-11-01,8.624407072013799,61450.0,50400.0,-0.1798209926769731,0.0679827229842232,-0.6131170867978272,1.2352941176470589,-0.2705203659479133,1.1429097826190806,-0.2642359659670902,0.0098566512927656,-0.2714666815253417,4.83944979094106,14.732944030594382,3.8146809487942734,0.5657565446101923,0.2563513861784736,MEDF_028,MEDF_028_cay_001,sentinel2,MEDF_028__s2frame_w72.870724_s5.072468_e72.882575_n5.080100,True,Stable-area reworking,MEDF_028|MEDF_028_cay_001|sentinel2|MEDF_028__s2frame_w72.870724_s5.072468_e72.882575_n5.080100
10,2014-07-01,2023-10-17,9.295194288725984,2010.7509689881,1407.8048200273,-0.2998611753817677,0.5544717606303956,-0.6484848484848483,4.765133171912833,-0.1977216096436144,2.1743182835081627,-0.2850570476310082,-0.0337252627639919,-0.2605706179032265,52.17361530280368,-33.3906650837783,10.0577274846797,0.9886639584989938,3.0582750890160795,MEDF_029,MEDF_029_cay_001,google_earth,MEDF_029__frame_414_100_1175_1023_761_923,True,Requires review,MEDF_029|MEDF_029_cay_001|google_earth|MEDF_029__frame_414_100_1175_1023_761_923
10,2001-01-21,2023-06-15,22.39607931716599,14712.464271225395,16160.325990172503,0.0984105512343592,0.1842176975973558,-0.3212121212121211,1.5156375300721727,1.0118018554479418,1.873017816536653,2.0667848732641656,-0.370225689243478,4.142818112116357,40.165982188727824,-17.06622656127486,8.803743066512524,3.186286557362244,1.981030361338362,MEDF_030,MEDF_030_cay_001,google_earth,MEDF_030__frame_221_219_1559_1034_1338_815,True,Stable-area reworking,MEDF_030|MEDF_030_cay_001|google_earth|MEDF_030__frame_221_219_1559_1034_1338_815
3,2019-01-22,2023-06-15,4.394340746216555,1097.039185326234,1107.520451428077,0.0095541401273884,0.1873822801698249,-0.5,1.4627450980392158,-0.0484401863224135,1.2875331466365332,-0.14771331401509,0.0169656543179366,-0.2202623110929464,73.33463720931701,-67.66239052930013,0.6920719782969723,0.3964102520049199,0.5068039035796545,MEDF_031,MEDF_031_cay_001,google_earth,MEDF_031__frame_387_135_1321_1019_934_884,False,Not eligible,MEDF_031|MEDF_031_cay_001|google_earth|MEDF_031__frame_387_135_1321_1019_934_884
13,2014-07-13,2023-06-15,8.922838935775546,3678.6271317901474,6363.81274660498,0.7299423177766126,0.0606042754740867,0.7692307692307693,1.5119274809160306,0.5253543628035358,1.7021937516257957,0.7770128444537675,0.1916265886542117,0.6368872441184769,35.811104786372866,-29.84873416658957,6.185385131683726,0.7548480985561328,1.7742626145806644,MEDF_032,MEDF_032_cay_001,google_earth,MEDF_032__frame_346_104_1525_1011_1179_907,True,Growth then stable,MEDF_032|MEDF_032_cay_001|google_earth|MEDF_032__frame_346_104_1525_1011_1179_907
18,2018-04-07,2025-09-07,7.419727988938855,8800.0,8100.0,-0.0795454545454545,0.5335286640496457,-0.1197728605663944,2.936170212765957,0.1629245454637745,2.0585786513656017,0.3248480344807974,0.0975011097729188,-0.127481838626342,36.81771331321731,-7.509535716499414,8.753780975756337,0.1465709316066636,1.3110145494220524,MEDF_032,MEDF_032_cay_001,sentinel2,MEDF_032__s2frame_w73.413165_s5.495371_e73.430570_n5.510266,True,Requires review,MEDF_032|MEDF_032_cay_001|sentinel2|MEDF_032__s2frame_w73.413165_s5.495371_e73.430570_n5.510266
12,2005-06-26,2023-10-17,18.30838415573215,26614.12710519231,20580.774930597505,-0.2266973532796318,0.1669275219574424,-0.5384615384615385,1.2958257713248638,-0.3922739203626335,1.8758542828923697,-0.4649725410958437,0.0991756271987083,-0.5228919159947999,15.762279789657043,-12.10931294950241,1.614724312008226,1.230907993545146,0.6838967293397162,MEDF_033,MEDF_033_cay_001,google_earth,MEDF_033__frame_275_113_1338_994_1063_881,True,Stable-area reworking,MEDF_033|MEDF_033_cay_001|google_earth|MEDF_033__frame_275_113_1338_994_1063_881
11,2017-03-18,2025-11-01,8.624407072013799,23700.0,47000.0,0.9831223628691984,0.4722923002825376,0.1818181818181818,2.841201716738197,0.5398052485762462,2.268347430994583,0.3280958473545067,0.4843087437554743,-0.1004010156115362,25.22078938352756,-37.54821873143196,3.579717119174929,0.4905286025370414,0.7716424575805406,MEDF_033,MEDF_033_cay_001,sentinel2,MEDF_033__s2frame_w73.349101_s5.420558_e73.365500_n5.435230,True,Requires review,MEDF_033|MEDF_033_cay_001|sentinel2|MEDF_033__s2frame_w73.349101_s5.420558_e73.365500_n5.435230
13,2013-02-11,2025-01-12,11.918109201420974,226.86191099796807,707.3383168380041,2.117924528301886,0.3219988900144436,0.8076923076923077,1.9568181818181816,0.8932880059357585,1.4693277671834035,0.8687576973822223,0.5845363027315353,-0.153139049376471,71.56164237664925,-48.75081630316608,17.413489705877144,10.248790064506291,9.867453383123008,MEDF_034,MEDF_034_cay_001,google_earth,MEDF_034__frame_377_213_1613_894_1236_681,True,Sustained growth,MEDF_034|MEDF_034_cay_001|google_earth|MEDF_034__frame_377_213_1613_894_1236_681
4,2015-07-03,2023-07-08,8.013853809455362,1481.57802706944,1950.404813369344,0.3164374590700721,0.2373648505553459,0.7999999999999999,1.5309977151561311,0.1598206656710562,1.6340208732056027,0.2311644402291466,0.26252054555992,-0.115329363684767,73.63689684635563,2.3375399182278898,5.062266215549071,1.8382161173478475,2.99053911843868,MEDF_035,MEDF_035_cay_001,google_earth,MEDF_035__frame_552_142_1390_930_838_788,True,Sustained growth,MEDF_035|MEDF_035_cay_001|google_earth|MEDF_035__frame_552_142_1390_930_838_788
14,2011-02-28,2023-11-17,12.717578047461618,9282.83641885634,9686.582779106124,0.0434938570531791,0.0520056719724629,0.1428571428571428,1.587301587301587,-0.0725246759251925,1.3485445819203663,-0.1296522925365678,0.1252627556014975,-0.2315511932352557,20.743332874775064,15.632953788926445,3.708722861583165,0.5629818387168967,0.4572690447364598,MEDF_036,MEDF_036_cay_001,google_earth,MEDF_036__frame_329_142_1444_950_1115_808,True,Stable-area reworking,MEDF_036|MEDF_036_cay_001|google_earth|MEDF_036__frame_329_142_1444_950_1115_808
10,2011-02-28,2023-10-17,12.632702930244974,1550.8916822287124,825.664231084725,-0.4676196664500758,0.3043336165894738,-0.5636363636363636,5.878453038674034,-0.3583955866476612,2.7853017120482244,-0.3869312836652193,-0.2753854683212283,-0.2862581309916866,66.14046556282203,-40.507965870327766,17.653647823016605,1.9124592267607308,6.717505289323413,MEDF_037,MEDF_037_cay_001,google_earth,MEDF_037__frame_508_136_1506_961_998_825,True,Requires review,MEDF_037|MEDF_037_cay_001|google_earth|MEDF_037__frame_508_136_1506_961_998_825
6,2007-11-05,2023-05-07,15.50202947356893,3184.0331252342767,2704.0138583613125,-0.1507582515611061,0.4247333985040295,0.2,2.2035225048923683,-0.1978866140668533,1.4174220344148472,-0.1992809627998674,-0.5025264516303924,0.2563598178709679,17.579208935836874,18.362933349722667,4.159415009456458,1.69228549653638,1.4465716191923013,MEDF_038,MEDF_038_cay_001,google_earth,MEDF_038__frame_360_311_1525_884_1165_573,True,Requires review,MEDF_038|MEDF_038_cay_001|google_earth|MEDF_038__frame_360_311_1525_884_1165_573
5,2014-08-31,2023-05-07,8.681903119160557,4307.557338073183,5005.8319607112935,0.1621045450669395,0.22328316490042,0.4999999999999999,1.7212217514124295,0.1125179627021311,1.5765013920151385,0.1931275992496905,0.5528116516998092,-0.0741140196921356,45.44572641569987,-48.019042838617146,4.248129471712183,2.120823047667878,2.678598584133154,MEDF_039,MEDF_039_cay_001,google_earth,MEDF_039__frame_425_238_1348_905_923_667,True,Stable-area reworking,MEDF_039|MEDF_039_cay_001|google_earth|MEDF_039__frame_425_238_1348_905_923_667
7,2011-02-22,2023-05-27,12.257609670287549,4874.682043282119,5420.87111613262,0.1120460920324462,0.4278279642700491,0.0357142857142857,1.699502351898562,0.084010993234326,1.4065793767442425,0.0333803052141798,0.0921291795993671,0.1169826227757489,19.543733346404053,35.133404960844246,1.839947022073969,0.4246370153205794,0.765113273118975,MEDF_040,MEDF_040_cay_001,google_earth,MEDF_040__frame_410_138_1438_928_1028_790,True,Stable-area reworking,MEDF_040|MEDF_040_cay_001|google_earth|MEDF_040__frame_410_138_1438_928_1028_790
36,2017-03-08,2025-11-16,8.69285474718851,13250.0,13400.0,0.0113207547169811,0.1797896521983558,-0.0620974305599028,1.7234042553191489,-2.6366035018465993e-09,1.6719388904512318,-0.0992708308463228,0.0462737615591771,-0.1119431476404374,78.13210076120944,20.199713024904145,10.692492134743102,0.554435306448397,0.8525512705402883,MEDF_040,MEDF_040_cay_001,sentinel2,MEDF_040__s2frame_w72.896281_s3.598538_e72.903159_n3.604493,True,Stable-area reworking,MEDF_040|MEDF_040_cay_001|sentinel2|MEDF_040__s2frame_w72.896281_s3.598538_e72.903159_n3.604493
5,2016-02-28,2026-08-20,10.47523220873803,1280.423071251072,2362.21784836416,0.8448729184925506,0.2390112699838388,0.6,1.6420331651045423,0.1793382796139716,1.3813727195352017,-0.1397750301462149,1.3398529617321446,-0.6765690482411905,31.14670590108225,29.509044655927823,5.9082415307972,4.348891969953404,4.372556000864776,MEDF_041,MEDF_041_cay_001,google_earth,MEDF_041__frame_352_333_1690_846_1338_513,True,Sustained growth,MEDF_041|MEDF_041_cay_001|google_earth|MEDF_041__frame_352_333_1690_846_1338_513
3,2011-02-22,2023-11-30,12.7695982805944,3192.847833726976,4005.05260015616,0.2543825477210751,0.3216210735922946,0.5,1.971786833855799,0.1139261882189593,1.565019575815522,0.2050201256738676,0.0729053952388845,-0.1580505587525862,53.62276928726156,-23.31868392585216,3.746036093408208,1.668575712641427,2.6935679269336994,MEDF_043,MEDF_043_cay_001,google_earth,MEDF_043__frame_677_258_1371_867_694_609,False,Not eligible,MEDF_043|MEDF_043_cay_001|google_earth|MEDF_043__frame_677_258_1371_867_694_609
6,2010-04-15,2023-11-10,13.571805033642033,7376.323552537589,6431.54130608535,-0.1280830809173517,0.7609825431822258,-0.4857142857142857,9.829268292682926,-0.2010085152988218,2.153436486350264,-0.2068739274502445,-0.1945195680069573,0.4832031121086815,52.810943972866845,44.48765067582681,4.322736419527292,1.18611327773492,1.807395497865805,MEDF_044,MEDF_044_cay_001,google_earth,MEDF_044__frame_171_173_1498_827_1327_654,True,Requires review,MEDF_044|MEDF_044_cay_001|google_earth|MEDF_044__frame_171_173_1498_827_1327_654
22,2017-03-08,2023-02-10,5.927568670130119,11500.0,19400.0,0.6869565217391305,0.2702247087720542,0.2397514411361097,1.725,0.0893840933885153,1.6881924912800292,0.0016909595325057,0.4078134567922939,-0.2883722795268252,84.29674955232909,-0.1943394268924976,6.224384008542684,0.3579655683097842,0.6100554868489787,MEDF_044,MEDF_044_cay_001,sentinel2,MEDF_044__s2frame_w72.953617_s2.921276_e72.961804_n2.925740,True,Complex/non-monotonic,MEDF_044|MEDF_044_cay_001|sentinel2|MEDF_044__s2frame_w72.953617_s2.921276_e72.961804_n2.925740
3,2010-10-16,2023-11-10,13.068030144356149,1762.3430269144656,2389.4241984127043,0.3558224261233303,0.3862599444215455,-0.5,2.2263822377013494,0.0699006460748067,1.7109990295931436,0.0116828996135265,0.0529510058570589,0.1915793460036104,12.143515658259346,-14.209495697256074,10.211833456568044,10.056004066328564,6.122462279659168,MEDF_045,MEDF_045_cay_001,google_earth,MEDF_045__frame_275_198_1513_925_1238_727,False,Not eligible,MEDF_045|MEDF_045_cay_001|google_earth|MEDF_045__frame_275_198_1513_925_1238_727
2,2004-12-15,2023-10-10,18.81763485903201,994.116716451504,994.116716451504,0.0,0.1929314653041064,,1.3159490600363857,0.0,1.9780919772110872,0.0,0.0,0.0,5.88721255313024,-5.88721255313024,1.0959970997557476,1.0959970997557476,1.0959970997557476,MEDF_046,MEDF_046_cay_001,google_earth,MEDF_046__frame_258_427_1531_873_1273_446,False,Not eligible,MEDF_046|MEDF_046_cay_001|google_earth|MEDF_046__frame_258_427_1531_873_1273_446
3,2004-12-15,2023-10-10,18.81763485903201,1065.236684010148,814.902304493296,-0.2350035285815103,0.3679337428424623,-1.0,1.6143911439114391,-0.150286304391589,1.470925098799898,-0.1838774716373995,-0.0418824462090915,-0.0089810180604033,19.11657766031708,10.783256150119016,1.6811880065554987,1.3676618250833048,1.3030039377642222,MEDF_047,MEDF_047_cay_001,google_earth,MEDF_047__frame_387_331_1456_880_1069_549,False,Not eligible,MEDF_047|MEDF_047_cay_001|google_earth|MEDF_047__frame_387_331_1456_880_1069_549
3,2004-12-15,2023-10-10,18.81763485903201,2122.262288102803,914.1993211051948,-0.5692335833180904,0.881351197058353,-0.5,4.670114316820904,-0.2405123522513113,3.653471081004788,-0.2367044389973942,0.1142891851614569,-0.2104151473912286,8.960580327803385,-13.464915693598172,9.194873683452242,7.297559106392448,6.510392366166291,MEDF_048,MEDF_048_cay_001,google_earth,MEDF_048__frame_116_227_1713_980_1597_753,False,Not eligible,MEDF_048|MEDF_048_cay_001|google_earth|MEDF_048__frame_116_227_1713_980_1597_753
5,2014-09-22,2023-06-17,8.733923352293338,4525.771874313794,6017.179023783265,0.3295365278868813,0.0843167965355844,0.7999999999999999,1.190744466800805,0.1474554164805105,1.7272547891996275,0.3496985971042841,0.0560677480656583,-0.010614825002743,36.61667873413356,29.22437136402546,3.038375786134842,1.4076776826560111,0.8835929163231396,MEDF_050,MEDF_050_cay_001,google_earth,MEDF_050__frame_143_208_1694_604_1551_396,True,Growth then stable,MEDF_050|MEDF_050_cay_001|google_earth|MEDF_050__frame_143_208_1694_604_1551_396
13,2017-03-08,2025-11-01,8.651786142083685,56050.0,50300.0,-0.1025869759143621,0.1080299401575914,-0.3516483516483516,3.835616438356164,0.138526273373654,2.192270344779105,0.4982316002868878,-0.0249463279227381,0.5211178856142019,65.92278641996634,31.165264496320688,4.7461241352234325,0.5444645078580811,0.9081435704573853,MEDF_050,MEDF_050_cay_001,sentinel2,MEDF_050__s2frame_w73.485338_s3.549621_e73.508159_n3.556353,True,Requires review,MEDF_050|MEDF_050_cay_001|sentinel2|MEDF_050__s2frame_w73.485338_s3.549621_e73.508159_n3.556353
2,2011-02-28,2023-06-17,12.298678275392376,1067.757968764476,1067.757968764476,0.0,0.4907104665119965,,2.062715368711234,0.0,1.6660670330372125,0.0,0.0,0.0,87.77486227110566,87.77486227110566,1.2069167343455844,1.2069167343455844,1.2069167343455844,MEDF_051,MEDF_051_cay_001,google_earth,MEDF_051__frame_366_290_1463_1005_1097_715,False,Not eligible,MEDF_051|MEDF_051_cay_001|google_earth|MEDF_051__frame_366_290_1463_1005_1097_715
2,2011-02-28,2023-06-17,12.298678275392376,324.73957045782146,324.73957045782146,0.0,0.2148721470569659,,1.3583168967784351,0.0,1.256095857917129,0.0,0.0,0.0,39.251138405220665,-39.251138405220665,4.360082905536526,4.360082905536526,4.360082905536526,MEDF_052,MEDF_052_cay_001,google_earth,MEDF_052__frame_327_119_1352_911_1025_792,False,Not eligible,MEDF_052|MEDF_052_cay_001|google_earth|MEDF_052__frame_327_119_1352_911_1025_792
4,2014-11-30,2025-08-21,10.724381746373984,5663.6375340314025,4918.2370358364815,-0.1316116177484864,0.1422508090295512,-1.0,1.291438730853392,-0.1458919301616063,1.1742990741129375,-0.1849355422985503,-0.1219449587411319,-0.1288924338860569,76.68854291693012,-44.99526561269937,2.1963130859888857,1.4078420502735192,1.7457295723259805,MEDF_053,MEDF_053_cay_001,google_earth,MEDF_053__frame_304_196_1417_861_1113_665,True,Stable-area reworking,MEDF_053|MEDF_053_cay_001|google_earth|MEDF_053__frame_304_196_1417_861_1113_665
48,2017-03-08,2024-11-01,7.6524500845328784,7300.0,5900.0,-0.1917808219178082,0.0759985913397117,-0.4706657568893737,1.339622641509434,-0.2362076823091946,1.39052429315894,-0.2922185536493001,0.044861771073599,-0.3226081493525763,85.06064680088656,81.09804879781814,18.21327977495381,0.8919499487731181,1.5368723338916386,MEDF_053,MEDF_053_cay_001,sentinel2,MEDF_053__s2frame_w72.980380_s2.313185_e72.985146_n2.316168,True,Stable-area reworking,MEDF_053|MEDF_053_cay_001|sentinel2|MEDF_053__s2frame_w72.980380_s2.313185_e72.985146_n2.316168
15,2004-05-04,2023-05-27,19.06130858265399,18306.3090268713,13077.770238143848,-0.2856140350877192,0.2988829036188158,0.0428571428571428,1.829268292682927,-0.4210305662215439,1.9252958265864069,-0.4471062945420509,-0.0117504829217503,-0.4383450121596145,86.1106720080711,13.898734336828596,2.9987177170214445,0.8608786020030846,0.4957318311770046,NH_002,NH_002_cay_001,google_earth,NH_002__frame_339_71_1552_1034_1213_963,True,Complex/non-monotonic,NH_002|NH_002_cay_001|google_earth|NH_002__frame_339_71_1552_1034_1213_963
5,2004-05-04,2023-05-27,19.06130858265399,1894.86356593931,4008.118186936032,1.1152542372881356,0.3137526513626539,0.7,1.8461538461538465,0.637014569634419,1.6962047657791948,0.9133818265615532,0.1478576384918621,0.7269550931426734,63.2002563769988,72.3145469741309,9.239415891283558,3.56435224876463,3.943155709004836,NH_002,NH_002_cay_002,google_earth,NH_002__frame_339_71_1552_1034_1213_963,True,Sustained growth,NH_002|NH_002_cay_002|google_earth|NH_002__frame_339_71_1552_1034_1213_963
3,2019-04-16,2023-06-19,4.175308185657474,350.8534453954395,375.866118766598,0.071290944123314,0.7510552198919566,0.5,3.5435684647302907,0.0095474359733337,1.8041865645918995,0.0023130804229929,0.0685335508427274,-0.0662309695924441,29.53548048434681,31.317623521923807,3.834121735439388,3.727140417593036,3.22884682679647,NH_014,NH_014_cay_001,google_earth,NH_014__frame_160_161_1698_1002_1538_841,False,Not eligible,NH_014|NH_014_cay_001|google_earth|NH_014__frame_160_161_1698_1002_1538_841
30,2014-01-08,2023-06-19,9.443041267103364,2331.268103298712,2998.627265090256,0.2862644415917843,0.2291445709498327,0.4618978780389806,3.419686316928069,0.0673742929133306,1.7774461868200164,-0.0440521255022111,0.3016211155960746,-0.2740423428486405,61.44330733637989,-19.33620445083713,28.24063973511941,0.8146252498803077,3.720858588903268,NH_015,NH_015_cay_001,google_earth,NH_015__frame_321_221_977_1011_656_790,True,Requires review,NH_015|NH_015_cay_001|google_earth|NH_015__frame_321_221_977_1011_656_790
21,2017-02-08,2025-12-03,8.816060562502994,9600.0,11900.0,0.2395833333333333,0.9806310905276826,0.133853179653715,4.5638297872340425,0.0746510993425198,2.67898239488924,0.1744848357565969,0.2168438868946623,0.030521276831974,73.11041236213686,-29.11200699807869,57.14249268428272,0.4735783235201314,6.442751758870781,NH_015,NH_015_cay_001,sentinel2,NH_015__s2frame_w114.249838_s11.068810_e114.262112_n11.082607,True,Requires review,NH_015|NH_015_cay_001|sentinel2|NH_015__s2frame_w114.249838_s11.068810_e114.262112_n11.082607
13,2017-04-20,2019-04-10,1.9712930450317248,1251.754143368876,801.952678881864,-0.3593369088249634,0.767088614822107,-0.2747252747252747,3.4397905759162306,-0.2882394059336529,2.1454699949377924,-0.3057950965386872,-0.1434982934635373,-0.3403988783996483,72.31749762603214,-43.62339833336843,55.85417155924528,3.7777009472598326,14.70532707883603,NH_BK_006,NH_BK_006_cay_001,google_earth,NH_BK_006__frame_517_23_1769_1067_1252_1044,False,Not eligible,NH_BK_006|NH_BK_006_cay_001|google_earth|NH_BK_006__frame_517_23_1769_1067_1252_1044
3,2019-03-16,2019-04-29,0.1204679083074943,750.615065503094,565.762101610541,-0.2462686567164179,0.316311103235563,-1.0,1.6534653465346536,-0.1261529924223451,1.28873015831924,-0.1174038775154228,-0.0649807618079407,-0.0213513415522371,7.527746204083371,-9.64620454808852,0.7291368745193652,0.0900474600472955,0.4084988531746376,NH_CX_007,NH_CX_007_cay_001,google_earth,NH_CX_007__frame_150_404_1475_932_1325_528,False,Not eligible,NH_CX_007|NH_CX_007_cay_001|google_earth|NH_CX_007__frame_150_404_1475_932_1325_528
10,2015-02-22,2018-12-05,3.783787483658117,1605.3288680892042,691.8165543185601,-0.5690499510284035,0.0824862759662725,-0.3454545454545454,2.210691823899371,-0.3936471454233953,1.3689291936908148,-0.3555398373214139,-0.3596303078812868,-0.0351155142169652,83.72404250740595,30.461843662019987,5.013030669228826,1.60882694011292,1.186411068301551,NH_JY_010,NH_JY_010_cay_001,google_earth,NH_JY_010__frame_481_92_1654_1011_1173_919,True,Requires review,NH_JY_010|NH_JY_010_cay_001|google_earth|NH_JY_010__frame_481_92_1654_1011_1173_919
7,2014-02-18,2018-04-25,4.180783999671451,1662.670318091472,931.701362757408,-0.4396355353075171,0.5808575717446365,-0.4642857142857144,1.956639566395664,-0.2293649395606165,1.3890032223266566,-0.1295536532492583,-0.3483457348853798,0.3260102471404944,15.568422049946804,-8.250247464385978,2.695152550695174,1.3909041551250971,0.6194084741255876,NH_KG_012,NH_KG_012_cay_001,google_earth,NH_KG_012__frame_437_150_1359_1053_922_903,True,Contraction,NH_KG_012|NH_KG_012_cay_001|google_earth|NH_KG_012__frame_437_150_1359_1053_922_903
9,2012-01-15,2019-04-29,7.285570545596419,473.9873422287285,484.808971046736,0.0228310502283106,0.6905295666785675,0.0499999999999999,4.897222222222222,-0.0945797961193709,2.8759990054852254,-0.236915959750816,0.2039887619564529,-0.2423679138734527,46.49136686395967,-26.40169380520979,54.509186538360936,5.6139727487957165,19.99301601814184,NH_NE_008,NH_NE_008_cay_001,google_earth,NH_NE_008__frame_385_171_1713_1027_1328_856,True,Requires review,NH_NE_008|NH_NE_008_cay_001|google_earth|NH_NE_008__frame_385_171_1713_1027_1328_856
8,2012-01-15,2018-05-06,6.305399837094533,466.7729230167234,313.105793801017,-0.329211746522411,0.7928717600447105,-0.0476190476190476,4.758017492711371,-0.2597170675681906,3.242367491547915,-0.3115040026878654,-0.0511966437429709,-0.232366680946867,48.38243605006994,9.877484822262929,45.882314468972645,4.6387893228703465,20.11220478444563,NH_NE_008,NH_NE_008_cay_002,google_earth,NH_NE_008__frame_385_171_1713_1027_1328_856,True,Requires review,NH_NE_008|NH_NE_008_cay_002|google_earth|NH_NE_008__frame_385_171_1713_1027_1328_856
3,2005-05-02,2015-04-22,9.971457319452144,2927.49685827578,3019.878422246956,0.0315565031982941,0.1308060746726363,0.5,1.278731836195509,0.0295378335134277,1.2191690624473164,0.0386633782096294,0.0017952863611898,0.0368706511080121,11.022308444192063,-14.786395677074822,0.2665223084997986,0.1209830972322003,0.1878471870641292,NH_PSY_003,NH_PSY_003_cay_001,google_earth,NH_PSY_003__frame_298_163_1821_917_1523_754,False,Not eligible,NH_PSY_003|NH_PSY_003_cay_001|google_earth|NH_PSY_003__frame_298_163_1821_917_1523_754
17,2004-05-04,2022-04-22,17.966145779858586,38433.47272260653,31773.75601821456,-0.1732790776534416,0.0559210054982991,-0.3848039215686274,1.8757450710683168,-0.0057850612850501,1.7156298016713991,-0.0085835978872007,-0.3226619082431546,0.2817453331659567,18.99044079390839,-13.663566056800503,4.22038122290765,1.4269754329384774,0.8067523989070843,NH_QF_001,NH_QF_001_cay_001,google_earth,NH_QF_001__frame_148_169_1705_1053_1557_884,True,Stable-area reworking,NH_QF_001|NH_QF_001_cay_001|google_earth|NH_QF_001__frame_148_169_1705_1053_1557_884
11,2017-06-14,2025-12-29,8.542269861804144,141400.0,101200.0,-0.2842998585572843,0.2112068965517241,-0.2545454545454546,7.212418300653595,-0.041209595073638,2.398217422776737,-0.1549672511827678,0.0426830714758184,-0.1008611963590634,30.05170064657318,-33.98686308245048,2.509308968146288,0.5366352196262687,0.7563020956963675,NH_QF_001,NH_QF_001_cay_001,sentinel2,NH_QF_001__s2frame_w111.640857_s16.556175_e111.694292_n16.584995,True,Requires review,NH_QF_001|NH_QF_001_cay_001|sentinel2|NH_QF_001__s2frame_w111.640857_s16.556175_e111.694292_n16.584995
18,2004-05-04,2022-04-22,17.966145779858586,20428.77873607519,19288.416286693,-0.0558213716108454,0.0859165091013681,-0.4481157024639239,1.193841847445766,-0.0157904426208711,1.1135919869570177,0.0486768961303431,-0.111793250927004,0.17718512795834,19.870560659098143,-22.190800854220782,1.718162003520983,0.5238743368970168,0.2982228924846081,NH_QF_001,NH_QF_001_cay_002,google_earth,NH_QF_001__frame_148_169_1705_1053_1557_884,True,Stable-area reworking,NH_QF_001|NH_QF_001_cay_002|google_earth|NH_QF_001__frame_148_169_1705_1053_1557_884
11,2017-06-14,2025-12-29,8.542269861804144,142900.0,101500.0,-0.2897130860741777,0.1662220653226118,-0.2545454545454546,7.447712418300654,-0.0345449041237185,2.4812430947937165,-0.1604114924917195,0.0282155939632682,-0.088882177863621,30.869906018300355,-33.70799832702528,2.579197108174589,0.5249577837765247,0.7686798919810829,NH_QF_001,NH_QF_001_cay_002,sentinel2,NH_QF_001__s2frame_w111.640857_s16.556175_e111.694292_n16.584995,True,Requires review,NH_QF_001|NH_QF_001_cay_002|sentinel2|NH_QF_001__s2frame_w111.640857_s16.556175_e111.694292_n16.584995
13,2018-05-12,2023-05-09,4.99120447374005,10912.134416644258,10461.82560674435,-0.0412667946257197,0.1455829948442784,-0.0714285714285714,1.5318435754189947,0.0402778796651026,1.30345633433137,0.1007575530107327,0.0088485954138327,0.3307951522456385,4.253818479114145,-10.534048217892687,1.4179814389059873,0.1752162219788432,0.3698817531608284,NH_QLY_004,NH_QLY_004_cay_001,google_earth,NH_QLY_004__frame_546_12_1556_1076_1010_1064,True,Stable-area reworking,NH_QLY_004|NH_QLY_004_cay_001|google_earth|NH_QLY_004__frame_546_12_1556_1076_1010_1064
12,2018-05-12,2023-05-09,4.99120447374005,30348.7193276728,30935.168010333146,0.0193236714975846,0.0335523185783626,-0.1328671328671329,1.1816838995568686,-0.0470300072965839,1.1061530531306187,-0.0157709693247893,0.0106697575868227,-0.0184059583600959,6.443006263078445,3.2584433642660287,0.4904281582051315,0.0252227033875703,0.1350106274061695,NH_QLY_004,NH_QLY_004_cay_002,google_earth,NH_QLY_004__frame_546_12_1556_1076_1010_1064,True,Stable-area reworking,NH_QLY_004|NH_QLY_004_cay_002|google_earth|NH_QLY_004__frame_546_12_1556_1076_1010_1064
14,2018-05-12,2023-05-09,4.99120447374005,44695.76745704193,46622.67027149734,0.04311152764761,0.0392728883924189,0.0176017708272223,1.10270393092479,0.0936204796191597,1.1630808649558777,0.0657447908720175,0.0520167295900027,0.0026410439081326,36.88947851244379,16.823579176720173,0.9663391547053748,0.0672176574219683,0.1375874739448979,NH_QLY_004,NH_QLY_004_cay_003,google_earth,NH_QLY_004__frame_546_12_1556_1076_1010_1064,True,Stable-area reworking,NH_QLY_004|NH_QLY_004_cay_003|google_earth|NH_QLY_004__frame_546_12_1556_1076_1010_1064
14,2018-05-12,2023-05-09,4.99120447374005,63378.34691893574,61524.75018981287,-0.0292465300727032,0.0238958340491041,-0.4505494505494505,1.059673580414825,-0.0104528242712662,1.0280689585600389,-0.0092679344690524,-0.0149995032100784,0.0185730518028166,1.2030050934535126,0.1698151292870875,0.6140002786386349,0.045407496478747,0.1529109068647331,NH_QLY_004,NH_QLY_004_cay_004,google_earth,NH_QLY_004__frame_546_12_1556_1076_1010_1064,True,Stable-area reworking,NH_QLY_004|NH_QLY_004_cay_004|google_earth|NH_QLY_004__frame_546_12_1556_1076_1010_1064
14,2018-05-12,2023-05-09,4.99120447374005,48607.17072442833,48444.85010690628,-0.0033394376817838,0.0233051499201131,0.0681318681318681,1.166867324825427,0.0017197913231407,1.085596388487026,0.0124106536257952,-0.0093715875520754,0.021815478014686,1.1171392099852966,0.3786347538580514,0.3843404381898687,0.044657405251699,0.0562994514032632,NH_QLY_004,NH_QLY_004_cay_005,google_earth,NH_QLY_004__frame_546_12_1556_1076_1010_1064,True,Stable-area reworking,NH_QLY_004|NH_QLY_004_cay_005|google_earth|NH_QLY_004__frame_546_12_1556_1076_1010_1064
13,2014-03-03,2019-04-23,5.139051452117429,758.3796261951077,580.4881089394651,-0.234567901234568,0.1082584775395612,0.3406593406593406,2.681818181818182,-0.0465046159909456,2.15430050763044,0.1311708239664967,-0.3435114492907933,0.8334027728469158,21.8679578639682,13.453018443983993,9.079933886103095,0.5715190594388198,1.595712854292419,NH_TX_013,NH_TX_013_cay_001,google_earth,NH_TX_013__frame_291_271_1152_971_861_700,True,Requires review,NH_TX_013|NH_TX_013_cay_001|google_earth|NH_TX_013__frame_291_271_1152_971_861_700
6,2018-03-20,2021-03-09,2.9706291025825307,1837.056532030687,1736.2232403926391,-0.0548885077186963,0.1986145148209739,-0.4857142857142857,1.6923076923076923,-0.1098726450146841,1.2612038699287114,0.0120175372822901,-0.1262365788782085,0.2119698256913923,8.641588080707294,7.253549656416368,1.5483148212925797,0.8459685901211321,0.8475426696062673,NH_XM_005,NH_XM_005_cay_001,google_earth,NH_XM_005__frame_294_27_1490_1055_1196_1028,False,Not eligible,NH_XM_005|NH_XM_005_cay_001|google_earth|NH_XM_005__frame_294_27_1490_1055_1196_1028
2,2014-11-23,2017-03-16,2.3107935138983,2579.772712601408,2579.772712601408,0.0,0.1434226018444413,,1.225721784776903,0.0,1.0751867447133407,0.0,0.0,0.0,10.881604990164972,-10.881604990164972,0.5267085203369781,0.5267085203369781,0.5267085203369781,NH_YSY_017,NH_YSY_017_cay_001,google_earth,NH_YSY_017__frame_368_192_1340_1002_972_810,False,Not eligible,NH_YSY_017|NH_YSY_017_cay_001|google_earth|NH_YSY_017__frame_368_192_1340_1002_972_810
17,2014-10-04,2019-04-14,4.525760282552003,636.0018704439119,661.1326434401759,0.0395136778115501,0.0170477441689849,0.283435796180438,2.104895104895105,-2.570008999971607e-09,1.6169033439465137,0.0238781537262427,0.0083886547621869,0.0152118829219173,80.81386598307162,68.56113622768382,5.013791934803844,0.6564639662514871,1.0098361076492293,NH_YSZ_011,NH_YSZ_011_cay_001,google_earth,NH_YSZ_011__frame_298_265_1179_1011_881_746,True,Requires review,NH_YSZ_011|NH_YSZ_011_cay_001|google_earth|NH_YSZ_011__frame_298_265_1179_1011_881_746
10,2017-03-16,2022-05-16,5.166430522187314,1603.7063938503125,1489.810511185025,-0.0710204081632652,0.3551827324486202,-0.4666666666666666,2.0807017543859647,0.0416870415649073,1.4887613552968493,0.0859953924140129,-0.3866626685309368,0.8869782387251902,13.209621197778516,17.683166545702406,3.967869354771732,1.7205768809488484,1.2377507603207945,NH_YSZ_016,NH_YSZ_016_cay_001,google_earth,NH_YSZ_016__frame_379_267_1540_961_1161_694,True,Requires review,NH_YSZ_016|NH_YSZ_016_cay_001|google_earth|NH_YSZ_016__frame_379_267_1540_961_1161_694
1,2024-03-21,2024-03-21,0.0,1905.939217639053,1905.939217639053,0.0,,,1.0,0.0,1.0,0.0,0.0,0.0,,,,,,OTHER_003,OTHER_003_cay_001,google_earth,OTHER_003__frame_596_73_1160_1036_564_963,False,Not eligible,OTHER_003|OTHER_003_cay_001|google_earth|OTHER_003__frame_596_73_1160_1036_564_963
7,2004-03-16,2025-07-16,21.33377139845445,44638.90203064069,35888.00665182163,-0.1960374243258119,0.0867387292380701,-0.6071428571428572,1.8520028783881028,0.0301757399006075,1.2922269633384835,-0.0337528321520734,-0.1956849672327911,0.2587120154922102,4.896198326488815,6.348311925857061,2.059658778314636,0.0962214233237756,0.772206769762253,OTHER_004,OTHER_004_cay_001,google_earth,OTHER_004__frame_598_177_1077_971_479_794,True,Stable-area reworking,OTHER_004|OTHER_004_cay_001|google_earth|OTHER_004__frame_598_177_1077_971_479_794
36,2017-03-09,2025-12-22,8.78868149243311,62050.0,52800.0,-0.1490733279613215,0.0676426098157781,-0.5801801801801801,2.118226600985221,-0.0698420539877847,2.3600522533695028,-0.1381310356671772,0.0997576261657471,-0.2408758649480046,24.27704159627757,5.209852327725997,10.102032695648935,0.0475992766583939,1.058718546534993,OTHER_004,OTHER_004_cay_001,sentinel2,OTHER_004__s2frame_w165.244839_s11.671312_e165.260501_n11.695443,True,Requires review,OTHER_004|OTHER_004_cay_001|sentinel2|OTHER_004__s2frame_w165.244839_s11.671312_e165.260501_n11.695443
6,2004-03-16,2024-03-30,20.03874138414889,31071.075414470928,24942.468682634524,-0.1972447573855808,0.0055522620589299,-0.8857142857142858,1.2527970542416087,-0.1394254107766209,1.1150637661998848,-0.1385118151215426,-0.0799729187126161,-0.0635323988438989,2.93293686228472,-1.441794958852782,0.8538313479186699,0.1340832608897221,0.389347800646762,OTHER_005,OTHER_005_cay_001,google_earth,OTHER_005__frame_683_133_1156_955_473_822,True,Stable-area reworking,OTHER_005|OTHER_005_cay_001|google_earth|OTHER_005__frame_683_133_1156_955_473_822
34,2017-03-09,2025-12-22,8.78868149243311,39950.0,45500.0,0.1389236545682102,0.0899764646067356,0.3486897404935406,1.7404129793510323,0.0529516917500264,1.3287710262211463,0.0696760092105213,0.0849044509239405,0.0079224046067928,3.684762559854505,-2.063434298805376,2.870212277338763,0.0941217436981723,0.2951085165941716,OTHER_005,OTHER_005_cay_001,sentinel2,OTHER_005__s2frame_w165.216334_s11.573557_e165.223212_n11.585293,True,Stable-area reworking,OTHER_005|OTHER_005_cay_001|sentinel2|OTHER_005__s2frame_w165.216334_s11.573557_e165.223212_n11.585293
6,2004-03-16,2024-03-30,20.03874138414889,29610.663590532386,30268.72528271309,0.0222238076552634,0.0174312451929326,0.0285714285714285,1.105528015622653,0.0030438395061459,1.100655337308709,0.0222140514286072,0.005538379303803,0.0147239953441006,9.26026111642406,-8.934531567467914,1.071208864288667,0.5492328176443743,0.6327269826624496,OTHER_006,OTHER_006_cay_001,google_earth,OTHER_006__frame_533_65_1079_980_546_915,True,Stable-area reworking,OTHER_006|OTHER_006_cay_001|google_earth|OTHER_006__frame_533_65_1079_980_546_915
40,2017-03-09,2025-12-22,8.78868149243311,46600.0,45600.0,-0.0214592274678111,0.0669146988828745,0.1504458166585401,1.2808398950131237,-0.0081856734552296,1.172329231574535,-0.0526709028740698,-0.0244714564956787,-0.0299262102350106,23.97900002651528,-9.813669849861355,3.63537529710916,0.0799519082598708,0.2081154164056524,OTHER_006,OTHER_006_cay_001,sentinel2,OTHER_006__s2frame_w165.222268_s11.563763_e165.231191_n11.577866,True,Stable-area reworking,OTHER_006|OTHER_006_cay_001|sentinel2|OTHER_006__s2frame_w165.222268_s11.563763_e165.231191_n11.577866
7,2004-03-16,2026-08-20,22.428934201249856,46927.00434153345,44552.78826611777,-0.0505938128531751,0.0102561881812061,-0.7142857142857144,1.1167846309403435,-0.0135675760711744,1.0609174882084522,-0.005307864249068,-0.0372677784301878,0.0332206373705983,18.33430612989017,-2.5463428515559485,0.770746260458815,0.1244782668989028,0.3217836174807625,OTHER_007,OTHER_007_cay_001,google_earth,OTHER_007__frame_731_169_1240_940_509_771,True,Stable-area reworking,OTHER_007|OTHER_007_cay_001|google_earth|OTHER_007__frame_731_169_1240_940_509_771
14,2017-03-09,2020-03-08,2.998008172652416,65300.0,64900.0,-0.006125574272588,0.0393722448870439,0.2574258983481262,1.0810810810810811,0.0062448239054154,1.1078160557951218,-0.0136940205947666,-0.0063814590269669,-0.0345500492834989,27.15963154824593,-1.4902462666431262,1.0300997131438128,0.02549247654784,0.1600979994693804,OTHER_007,OTHER_007_cay_001,sentinel2,OTHER_007__s2frame_w165.231054_s11.557911_e165.236732_n11.566824,False,Not eligible,OTHER_007|OTHER_007_cay_001|sentinel2|OTHER_007__s2frame_w165.231054_s11.557911_e165.236732_n11.566824
6,2004-03-16,2024-03-30,20.03874138414889,7132.545693407019,6726.105904357851,-0.0569838324940366,0.0743547985959433,-0.2898855178262242,1.3610763454317902,-0.0300031719086921,1.130721816113961,-0.1166078790989911,0.0112811955387298,-0.1854445618888521,9.007947153723135,10.659707651508713,1.0569116554596227,0.3795374474884841,0.3525469318630313,OTHER_008,OTHER_008_cay_001,google_earth,OTHER_008__frame_500_81_1367_1036_867_955,True,Stable-area reworking,OTHER_008|OTHER_008_cay_001|google_earth|OTHER_008__frame_500_81_1367_1036_867_955
39,2017-03-09,2025-11-07,8.665475677118627,9700.0,10500.0,0.0824742268041237,0.1105198103134335,0.1124977441331337,1.3333333333333333,0.0548304226133177,1.1952621480173626,0.0109010892496701,0.0020983536023418,0.0145072843170267,38.28164549990527,-29.56995819318192,8.253905500085516,0.1300228601763852,0.4048189445621172,OTHER_008,OTHER_008_cay_001,sentinel2,OTHER_008__s2frame_w165.241721_s11.543741_e165.258432_n11.561354,True,Stable-area reworking,OTHER_008|OTHER_008_cay_001|sentinel2|OTHER_008__s2frame_w165.241721_s11.543741_e165.258432_n11.561354
6,2004-03-16,2024-03-30,20.03874138414889,21785.17269303538,21429.77417982029,-0.0163137799375218,0.1310179392992652,-0.2,1.3006654567453113,0.0050109683465246,1.2165010643063223,0.0189072090801504,-0.0459417222283563,-0.0456864776674675,15.85014238165185,8.280459289859124,0.7383333830554194,0.1985177444434251,0.3511076676581265,OTHER_008,OTHER_008_cay_002,google_earth,OTHER_008__frame_500_81_1367_1036_867_955,True,Stable-area reworking,OTHER_008|OTHER_008_cay_002|google_earth|OTHER_008__frame_500_81_1367_1036_867_955
22,2017-03-09,2025-01-26,7.885172180126902,23250.0,34400.0,0.4795698924731182,0.1750302083797262,0.4316384869671106,1.4153846153846157,0.3959105314410318,1.2512907267732456,0.2370363751554868,0.260721925670787,-0.0578843470653169,31.01020264050554,12.27293366806957,3.96602472426298,0.249933575443824,0.6134556508956327,OTHER_008,OTHER_008_cay_002,sentinel2,OTHER_008__s2frame_w165.241721_s11.543741_e165.258432_n11.561354,True,Sustained growth,OTHER_008|OTHER_008_cay_002|sentinel2|OTHER_008__s2frame_w165.241721_s11.543741_e165.258432_n11.561354
2,2005-01-06,2024-03-14,19.184514397968474,9581.425457179535,9581.425457179535,0.0,0.0960268468278027,,1.145695364238411,0.0,1.27071330212778,0.0,0.0,0.0,0.6690175976589074,0.6690175976589074,0.1999762140244728,0.1999762140244728,0.1999762140244728,OTHER_009,OTHER_009_cay_001,google_earth,OTHER_009__frame_125_350_1598_927_1473_577,False,Not eligible,OTHER_009|OTHER_009_cay_001|google_earth|OTHER_009__frame_125_350_1598_927_1473_577
2,2005-01-06,2024-03-14,19.184514397968474,85408.50122998966,85408.50122998966,0.0,0.0888129789657372,,1.1340168098272834,0.0,1.0308642729147088,0.0,0.0,0.0,0.6538524245017499,0.6538524245017499,0.0706016426102977,0.0706016426102977,0.0706016426102977,OTHER_009,OTHER_009_cay_002,google_earth,OTHER_009__frame_125_350_1598_927_1473_577,False,Not eligible,OTHER_009|OTHER_009_cay_002|google_earth|OTHER_009__frame_125_350_1598_927_1473_577
2,2005-01-06,2024-03-14,19.184514397968474,245457.4896634397,245457.4896634397,0.0,0.0388897015887062,,1.056553518334985,0.0,1.0055921604165263,0.0,0.0,0.0,1.3860704186574535,-1.3860704186574535,0.0119968552408836,0.0119968552408836,0.0119968552408836,OTHER_009,OTHER_009_cay_003,google_earth,OTHER_009__frame_125_350_1598_927_1473_577,False,Not eligible,OTHER_009|OTHER_009_cay_003|google_earth|OTHER_009__frame_125_350_1598_927_1473_577
2,2005-01-06,2024-03-14,19.184514397968474,30137.88377003492,30137.88377003492,0.0,0.0766841424326114,,1.1146653543307088,0.0,1.0368430828817403,0.0,0.0,0.0,3.826634281169902,3.826634281169902,0.0453005627234444,0.0453005627234444,0.0453005627234444,OTHER_010,OTHER_010_cay_001,google_earth,OTHER_010__frame_454_163_1261_982_807_819,False,Not eligible,OTHER_010|OTHER_010_cay_001|google_earth|OTHER_010__frame_454_163_1261_982_807_819
2,2005-01-06,2024-03-14,19.184514397968474,49053.84200317064,49053.84200317064,0.0,0.0537862178426142,,1.079072532699168,0.0,1.014782350219933,0.0,0.0,0.0,17.599675665150414,-17.599675665150414,0.3250511703848271,0.3250511703848271,0.3250511703848271,OTHER_010,OTHER_010_cay_002,google_earth,OTHER_010__frame_454_163_1261_982_807_819,False,Not eligible,OTHER_010|OTHER_010_cay_002|google_earth|OTHER_010__frame_454_163_1261_982_807_819
1,2005-01-06,2005-01-06,0.0,2129.5305827475745,2129.5305827475745,0.0,,,1.0,0.0,1.0,0.0,0.0,0.0,,,,,,OTHER_011,OTHER_011_cay_001,google_earth,OTHER_011__frame_437_81_1129_955_692_874,False,Not eligible,OTHER_011|OTHER_011_cay_001|google_earth|OTHER_011__frame_437_81_1129_955_692_874
1,2005-01-06,2005-01-06,0.0,1902.13852536512,1902.13852536512,0.0,,,1.0,0.0,1.0,0.0,0.0,0.0,,,,,,OTHER_012,OTHER_012_cay_001,google_earth,OTHER_012__frame_527_148_1006_942_479_794,False,Not eligible,OTHER_012|OTHER_012_cay_001|google_earth|OTHER_012__frame_527_148_1006_942_479_794
1,2005-01-06,2005-01-06,0.0,2170.5118733964164,2170.5118733964164,0.0,,,1.0,0.0,1.0,0.0,0.0,0.0,,,,,,OTHER_013,OTHER_013_cay_001,google_earth,OTHER_013__frame_525_81_1113_1015_588_934,False,Not eligible,OTHER_013|OTHER_013_cay_001|google_earth|OTHER_013__frame_525_81_1113_1015_588_934
2,2006-01-09,2024-03-11,18.168750898375738,2162.1848528135924,2162.1848528135924,0.0,0.9563870216940972,,5.177944862155389,0.0,2.998099020554699,0.0,0.0,0.0,2.714088900458208,2.714088900458208,0.3163526034470547,0.3163526034470546,0.3163526034470547,OTHER_014,OTHER_014_cay_001,google_earth,OTHER_014__frame_589_94_1194_1063_605_969,False,Not eligible,OTHER_014|OTHER_014_cay_001|google_earth|OTHER_014__frame_589_94_1194_1063_605_969
2,2006-01-09,2024-03-11,18.168750898375738,4882.239712276047,4882.239712276047,0.0,0.2749153924699404,,1.4826048171275643,0.0,1.176852177780532,0.0,0.0,0.0,11.014471806252146,11.014471806252146,0.426686314449864,0.426686314449864,0.426686314449864,OTHER_014,OTHER_014_cay_002,google_earth,OTHER_014__frame_589_94_1194_1063_605_969,False,Not eligible,OTHER_014|OTHER_014_cay_002|google_earth|OTHER_014__frame_589_94_1194_1063_605_969
3,2005-11-06,2024-03-28,18.390521365941805,50747.42307934476,53709.56168945203,0.0583702271044561,0.0732076291144989,-0.5,1.1426813869912908,-0.0208938288565872,1.1340851497938316,0.0134958274427248,0.0128785404257841,-0.0020413216249997,1.980735818189217,-2.7937549514359006,0.1675645434225279,0.1454486714498657,0.1475361510947202,OTHER_017,OTHER_017_cay_001,google_earth,OTHER_017__frame_592_188_1388_1042_796_854,False,Not eligible,OTHER_017|OTHER_017_cay_001|google_earth|OTHER_017__frame_592_188_1388_1042_796_854
11,2017-02-14,2018-04-02,1.128017686879265,87250.0,77600.0,-0.1106017191977077,0.189167355136202,-0.7363636363636363,1.46286701208981,-0.1529852882643661,1.2396433302722845,-0.1076235473394057,-0.0794178197848322,-0.0406083522761512,2.4777203679047943,-2.235351928752465,2.528133200010779,0.6230436927408286,0.8820597091598796,OTHER_017,OTHER_017_cay_001,sentinel2,OTHER_017__s2frame_w169.614307_s11.078504_e169.624885_n11.091831,False,Not eligible,OTHER_017|OTHER_017_cay_001|sentinel2|OTHER_017__s2frame_w169.614307_s11.078504_e169.624885_n11.091831
2,2005-11-06,2024-03-28,18.390521365941805,6287.696282617113,6287.696282617113,0.0,0.132710603457977,,1.2071171237409015,0.0,1.1410658985323097,0.0,0.0,0.0,66.98920036362392,-66.98920036362392,0.26425099160844,0.26425099160844,0.26425099160844,OTHER_018,OTHER_018_cay_001,google_earth,OTHER_018__frame_391_323_1559_969_1168_646,False,Not eligible,OTHER_018|OTHER_018_cay_001|google_earth|OTHER_018__frame_391_323_1559_969_1168_646
10,2014-10-10,2022-02-21,7.367707755806074,25155.896094104308,51571.555372889896,1.050078247261346,0.2414827379500401,0.5636363636363636,2.893448047650562,1.2198287426119656,2.2882320278764587,1.3715055970847774,0.1765789452361907,1.0157294998157802,9.9750935136462,9.613222476381992,8.182377048952489,2.703974549541184,3.02130588951122,OTHER_023,OTHER_023_cay_001,google_earth,OTHER_023__frame_487_88_1448_884_961_796,True,Requires review,OTHER_023|OTHER_023_cay_001|google_earth|OTHER_023__frame_487_88_1448_884_961_796
5,2003-04-10,2025-08-24,22.374176061110084,9931.307863293116,8481.928915104398,-0.1459403905447072,1.0051872331038267,0.0999999999999999,5.930599369085174,-0.1307565277767668,4.374501094232904,-0.068363826032973,-0.1174644954109502,0.0843462941663259,33.2451989911556,-56.44166506708518,10.455524042560222,8.060235311104751,5.7308490142804445,OTHER_024,OTHER_024_cay_001,google_earth,OTHER_024__frame_362_117_1115_994_753_877,True,Requires review,OTHER_024|OTHER_024_cay_001|google_earth|OTHER_024__frame_362_117_1115_994_753_877
15,2021-12-20,2025-12-29,4.024723300273106,96550.0,140900.0,0.4593474883480062,0.0628788253026305,0.0928571428571428,14.401515151515152,0.3873410985487971,2.8801589637457146,0.2204381117479189,0.5849517513083146,-0.460665009458053,15.917846056569374,-4.96067119932674,6.462652338319999,0.4127912803624409,1.0567807302134855,OTHER_024,OTHER_024_cay_001,sentinel2,OTHER_024__s2frame_w72.078356_s11.190752_e72.101006_n11.216810,True,Requires review,OTHER_024|OTHER_024_cay_001|sentinel2|OTHER_024__s2frame_w72.078356_s11.190752_e72.101006_n11.216810
10,2005-03-15,2024-03-08,18.98190927945132,25672.29704267668,16590.140306123165,-0.3537726570184066,0.0318601075670162,-0.5515151515151515,1.8276110790536644,-0.1889493857527449,1.2592915488178014,-0.1621354226203262,-0.2213490541174913,0.071070882504976,9.648779437149614,2.1254307651753663,1.621741681958306,0.1525300636939446,0.3184213861755389,OTHER_025,OTHER_025_cay_001,google_earth,OTHER_025__frame_469_117_1052_1007_583_890,True,Contraction,OTHER_025|OTHER_025_cay_001|google_earth|OTHER_025__frame_469_117_1052_1007_583_890
9,2021-12-30,2025-11-09,3.860448879853796,32000.0,30100.0,-0.059375,0.092762416064483,-0.0999999999999999,1.198581560283688,-0.0131713187682747,1.073820063721998,-0.0474696737058432,-0.016063814025383,-0.040558297374357,7.203149537317685,1.804164806217344,0.7403538679767759,0.1344161961419193,0.1817887514804473,OTHER_025,OTHER_025_cay_001,sentinel2,OTHER_025__s2frame_w72.914403_s7.010571_e72.921648_n7.021384,True,Stable-area reworking,OTHER_025|OTHER_025_cay_001|sentinel2|OTHER_025__s2frame_w72.914403_s7.010571_e72.921648_n7.021384
