interval_bin,from_state,to_state,n_origin_pairs,observed_pairs,expected_pairs,observed_minus_expected
30-89 d,low_cover,low_cover,289,267,275.05023183570506,-8.050231835705063
30-89 d,low_cover,partial_cover,289,13,9.458619523280516,3.5413804767194854
30-89 d,low_cover,dominant_cover,289,9,4.4911486410144175,4.508851358985583
30-89 d,partial_cover,low_cover,137,14,9.435123790110238,4.564876209889762
30-89 d,partial_cover,partial_cover,137,116,122.54497115774596,-6.544971157745948
30-89 d,partial_cover,dominant_cover,137,7,5.019905052143797,1.9800949478562029
30-89 d,dominant_cover,low_cover,109,9,4.754219540370837,4.245780459629163
30-89 d,dominant_cover,partial_cover,109,5,4.087920610148039,0.9120793898519608
30-89 d,dominant_cover,dominant_cover,109,95,100.15785984948108,-5.157859849481071
90-179 d,low_cover,low_cover,457,421,417.1086391641164,3.891360835883632
90-179 d,low_cover,partial_cover,457,26,26.693915907817644,-0.6939159078176438
90-179 d,low_cover,dominant_cover,457,10,13.19744492806663,-3.1974449280666306
90-179 d,partial_cover,low_cover,201,22,25.06300619363305,-3.063006193633054
90-179 d,partial_cover,partial_cover,201,167,162.77560370808817,4.22439629191183
90-179 d,partial_cover,dominant_cover,201,12,13.16139009827868,-1.1613900982786802
90-179 d,dominant_cover,low_cover,157,15,12.949885853980804,2.0501141460191974
90-179 d,dominant_cover,partial_cover,157,13,10.690539625554834,2.309460374445166
90-179 d,dominant_cover,dominant_cover,157,129,133.35957452046432,-4.359574520464321
180-365 d,low_cover,low_cover,88,79,74.72357928815005,4.276420711849951
180-365 d,low_cover,partial_cover,88,6,8.669670894834447,-2.6696708948344465
180-365 d,low_cover,dominant_cover,88,3,4.606749817015511,-1.606749817015511
180-365 d,partial_cover,low_cover,24,4,5.28545479667358,-1.28545479667358
180-365 d,partial_cover,partial_cover,24,18,16.014213347488315,1.9857866525116847
180-365 d,partial_cover,dominant_cover,24,2,2.700331855838105,-0.7003318558381055
180-365 d,dominant_cover,low_cover,41,0,6.195287837322864,-6.195287837322864
180-365 d,dominant_cover,partial_cover,41,2,4.737007523098499,-2.737007523098499
180-365 d,dominant_cover,dominant_cover,41,39,30.06770463957864,8.93229536042136
