sand_cay_id,sensor,multimetric_class,bare_cay,vegetation_fraction_median,centroid_net_normalized,centroid_path_normalized,perimeter_max_adjacent_ratio,orientation_max_step_deg
GBR_003_cay_001,sentinel2,Persistent reworking,False,0.2459174251418018,0.0630042779058515,2.8060560994549144,1.3773999596496325,5.181306671065244
GBR_007_cay_001,sentinel2,Persistent reworking,False,0.222173144876325,0.1508228030312559,7.848453175319213,1.7787856533484172,4.61158805280985
GBR_008_cay_001,sentinel2,Complex,False,0.0952380952380952,0.2011168599435807,4.503431057854288,2.162418041710305,32.2677303324185
GBR_009_cay_001,sentinel2,Persistent reworking,False,0.0395256916996047,0.5216984299459277,15.711913020145252,2.0143829175687227,23.500816698354186
GBR_020_cay_001,sentinel2,Persistent reworking,False,0.0917812794882714,0.1228126659425905,3.7892970664260495,1.1683182794241824,5.625675877140907
GBR_033_cay_001,sentinel2,Persistent reworking,False,0.0889967637540453,0.19904740413044,3.2194588088098675,1.315726556877142,16.28992263676389
GBR_034_cay_001,sentinel2,Persistent reworking,False,0.0575815738963531,0.4619288275570111,3.803889562908696,1.3381083119479331,13.69209398386191
GBR_036_cay_001,sentinel2,Persistent reworking,False,0.046325801700153,0.1577426062972185,4.01952547232161,1.5791927779879718,12.226020936060635
GBR_037_cay_001,sentinel2,Persistent reworking,False,0.046259842519685,0.0383843950269169,4.538285827527378,1.4908297712309693,6.135892811519668
GBR_038_cay_001,sentinel2,Persistent reworking,False,0.0622326598133049,0.4591953538454369,7.257461642974046,1.8682207021016672,8.986678353364695
GBR_039_cay_001,sentinel2,Complex,True,0.0159313725490196,0.3198107998927779,5.681282039245215,2.353657191012893,21.18053919119413
GBR_052_cay_001,sentinel2,Persistent reworking,True,0.0128343254235461,0.6532838415724688,3.7723504012100335,1.3801718105733758,12.982258670940524
GBR_053_cay_001,sentinel2,Persistent reworking,False,0.0559210526315789,0.5504887238461038,8.547129630205733,1.5340701795860887,8.091723991169943
GBR_055_cay_001,sentinel2,Persistent reworking,True,0.0258760183015288,0.25499481474683,4.350303689443562,1.7273423167985338,7.043722296556268
GBR_058_cay_001,sentinel2,Persistent reworking,False,0.4712528006683628,0.040659748313968,0.9477967849315732,1.057055117071446,1.9456333477169776
GBR_059_cay_001,sentinel2,Persistent reworking,False,0.3552134028171437,0.0300898683718796,0.4376128570058966,1.0405870182086967,0.6818906098452686
GBR_060_cay_001,sentinel2,Persistent reworking,False,0.3422632794457275,0.0023699918448679,1.054886369910449,1.1007242923695075,3.2766115414670764
GBR_061_cay_001,sentinel2,Persistent reworking,False,0.424390443239709,0.0733350742448776,0.8263710103124486,1.0928749021338997,2.563678402726765
GBR_061_cay_002,sentinel2,Complex,False,0.4015912315353158,0.143544430419087,9.28827226103338,2.1173876725670104,8.751700880216191
GBR_068_cay_001,sentinel2,Persistent reworking,False,0.1364097185806676,0.6936915725208292,4.840463406152107,1.494958584298381,9.412577403907122
GBR_073_cay_001,sentinel2,Persistent reworking,False,0.0334029227557411,0.0846212718042724,2.033596822731433,1.1675033265971613,7.324608760103672
GBR_085_cay_001,sentinel2,Persistent reworking,False,0.2403100775193798,0.0527664433945839,1.4438146550597215,1.0717188859568714,63.95229618055859
GBR_095_cay_001,sentinel2,Persistent reworking,False,0.4655483870967742,0.0363482391039454,0.7119399511274954,1.0631727992950248,2.230639301066944
GBR_098_cay_001,sentinel2,Persistent reworking,False,0.093,0.0814710630479339,1.3924913493678417,1.0855936648517606,6.15664878304095
GBR_101_cay_001,sentinel2,Persistent reworking,False,0.5005401695958828,0.010493333599871,0.8678066167510509,1.1557059224721404,5.728851326446119
GBR_102_cay_001,sentinel2,Persistent reworking,False,0.0363716038562664,0.0323128059337736,2.148760246521701,1.163000696519464,1.396931274184766
GBR_104_cay_001,sentinel2,Persistent reworking,False,0.3458588957055215,0.0447910955636638,0.9938683279602164,1.0776059001004337,6.31681388987414
GBR_108_cay_001,sentinel2,Persistent reworking,False,0.0669367623169173,0.1160850543127976,3.738319328450719,1.411768940769328,10.752757317890214
MEDF_002_cay_001,sentinel2,Persistent reworking,False,0.2684832380364896,0.1389590465233266,1.821147040349951,1.5163632152728403,6.185838092943072
MEDF_004_cay_001,sentinel2,Net growth,False,0.0505103523177708,2.402709731800258,2.404598623018473,1.750592147668968,23.88192089828792
MEDF_005_cay_001,sentinel2,Persistent reworking,False,0.1396482254445435,0.0388230473787282,11.870739106322574,1.4264283031704807,28.16314540408564
MEDF_006_cay_001,sentinel2,Persistent reworking,False,0.2617326686974983,0.6703373513003997,6.337681920726869,1.2475729411102805,11.293267109865
MEDF_007_cay_001,sentinel2,Complex,True,0.0055865921787709,0.793195044657344,14.679675715568402,2.9805658762324416,89.56855154117494
MEDF_008_cay_001,sentinel2,Persistent reworking,True,0.0136997727130554,0.1122017334837296,4.9519987264425245,1.5388188942646346,28.71358900927196
MEDF_010_cay_001,sentinel2,Persistent reworking,True,0.0,1.5965930349909423,21.606695185852075,1.9796091598612413,67.51673246012302
MEDF_011_cay_001,sentinel2,Persistent reworking,False,0.2901234567901234,0.5950575695422878,6.972406713626878,1.2517013899770486,3.686275155149645
MEDF_014_cay_001,sentinel2,Persistent reworking,False,0.3380952380952381,0.6419023646463552,9.461523451639898,1.13834660283623,17.4216277853682
MEDF_015_cay_001,sentinel2,Net contraction,False,0.3066454577589254,0.361002701355991,10.03837438451522,1.3349363263551035,89.6330821353146
MEDF_017_cay_001,sentinel2,Persistent reworking,False,0.5487106017191977,0.2218170052836049,4.367078970581495,1.1780744650529682,14.210173257014674
MEDF_019_cay_001,sentinel2,Persistent reworking,True,0.0104046242774566,0.1342152021014897,3.436154753235,1.5338445708497404,19.2457529599983
MEDF_022_cay_001,sentinel2,Persistent reworking,True,0.0,0.7037522415278328,13.23733461980994,1.4710291748476485,22.30218275104872
MEDF_026_cay_001,sentinel2,Complex,True,0.0056022408963585,0.291466530098013,6.528605033000438,1.7933091680025306,23.747422656722307
MEDF_026_cay_002,sentinel2,Complex,True,0.0034423407917383,2.312004492836076,4.913186548245204,4.8446250705400695,16.17984502907308
MEDF_027_cay_001,sentinel2,Net contraction,False,0.4556213017751479,0.2732280527073602,6.408718350129401,1.1934292712323238,39.67555635694796
MEDF_028_cay_001,sentinel2,Persistent reworking,False,0.3990476190476191,0.5657565446101923,3.8146809487942734,1.1429097826190806,4.83944979094106
MEDF_032_cay_001,sentinel2,Persistent reworking,True,0.0,0.1465709316066636,8.753780975756337,2.0585786513656017,36.81771331321731
MEDF_040_cay_001,sentinel2,Persistent reworking,False,0.0307856254810253,0.554435306448397,10.692492134743102,1.6719388904512318,78.13210076120944
MEDF_044_cay_001,sentinel2,Complex,True,0.0,0.3579655683097842,6.224384008542684,1.6881924912800292,84.29674955232909
MEDF_050_cay_001,sentinel2,Persistent reworking,True,0.0033726812816188,0.5444645078580811,4.7461241352234325,2.192270344779105,65.92278641996634
MEDF_053_cay_001,sentinel2,Persistent reworking,True,0.0080645161290322,0.8919499487731181,18.21327977495381,1.39052429315894,85.06064680088656
OTHER_004_cay_001,sentinel2,Persistent reworking,True,0.0037044882043993,0.0475992766583939,10.102032695648935,2.3600522533695028,24.27704159627757
OTHER_005_cay_001,sentinel2,Persistent reworking,False,0.3227672433253298,0.0941217436981723,2.870212277338763,1.3287710262211463,3.684762559854505
OTHER_006_cay_001,sentinel2,Persistent reworking,False,0.4242527841306517,0.0799519082598708,3.63537529710916,1.172329231574535,23.97900002651528
OTHER_008_cay_001,sentinel2,Persistent reworking,False,0.0673076923076923,0.1300228601763852,8.253905500085516,1.1952621480173626,38.28164549990527
OTHER_008_cay_002,sentinel2,Net growth,False,0.1950800915331806,0.249933575443824,3.96602472426298,1.2512907267732456,31.01020264050554
OTHER_024_cay_001,sentinel2,Complex,True,0.0047343503419253,0.4127912803624409,6.462652338319999,2.8801589637457146,15.917846056569374
