n_observations,start_date,end_date,span_years,start_area_m2,end_area_m2,relative_change,late_cv,spearman_rho,max_adjacent_area_ratio,perimeter_relative_change,perimeter_max_adjacent_ratio,major_axis_relative_change,minor_axis_relative_change,elongation_relative_change,orientation_max_step_deg,orientation_net_deg,centroid_path_normalized,centroid_net_normalized,centroid_max_step_normalized,centroid_envelope_normalized,reef_id,sand_cay_id,sensor,reference_frame_id,eligible,trajectory_class,track_id,trajectory_class_reviewed,review_verdict,review_basis,reviewed_date,multimetric_class,absolute_net_area_change_pct,cumulative_centroid_path_radii,net_area_type,strict_morphological_stability
30,2017-05-10,2025-12-14,8.597028001943913,178300.0,198500.0,0.1132922041503084,0.0510678802797261,-0.1310344827586206,1.3621523579201935,-0.030705936472383,1.3773999596496325,-0.0309626548729554,0.1328612765575511,-0.1458363556535742,5.181306671065244,-0.5397075673557907,2.8060560994549144,0.0630042779058515,0.2948311590981184,0.1598338328314793,GBR_003,GBR_003_cay_001,sentinel2,GBR_003__s2frame_w143.385240_s-9.974385_e143.406766_n-9.945731,True,Stable-area reworking,GBR_003|GBR_003_cay_001|sentinel2|GBR_003__s2frame_w143.385240_s-9.974385_e143.406766_n-9.945731,Stable-area reworking,not_required,,,Persistent reworking,11.32922041503084,2.8060560994549144,Net-area stable,False
35,2017-05-10,2025-12-14,8.597028001943913,228250.0,218700.0,-0.0418400876232201,0.0375747812276945,0.0023811191318284,1.6418118466898954,-0.0980180697136755,1.7787856533484172,-0.1436618466723698,-0.0424227542155963,-0.1123045624984092,4.61158805280985,-2.731204486323577,7.848453175319213,0.1508228030312559,0.6952503308709485,0.4082201546491758,GBR_007,GBR_007_cay_001,sentinel2,GBR_007__s2frame_w143.311154_s-10.125813_e143.335506_n-10.100891,True,Stable-area reworking,GBR_007|GBR_007_cay_001|sentinel2|GBR_007__s2frame_w143.311154_s-10.125813_e143.335506_n-10.100891,Stable-area reworking,not_required,,,Persistent reworking,4.1840087623220095,7.848453175319213,Net-area stable,False
25,2017-05-10,2025-12-14,8.597028001943913,114100.0,49300.0,-0.567922874671341,0.6910808127178792,-0.3561538461538461,4.904255319148936,-0.3587725745793008,2.162418041710305,-0.366497059337792,-0.3111433771676243,-0.0182179673696749,32.2677303324185,7.986316600191969,4.503431057854288,0.2011168599435807,0.4660460556205141,0.3397383858796133,GBR_008,GBR_008_cay_001,sentinel2,GBR_008__s2frame_w143.194687_s-10.645317_e143.234981_n-10.625482,True,Requires review,GBR_008|GBR_008_cay_001|sentinel2|GBR_008__s2frame_w143.194687_s-10.645317_e143.234981_n-10.625482,Complex/non-monotonic,real_with_tide_optical_modulation,双峰大幅振荡；低值期部分受水色/分割调制，沙洲动态幅度真实,2026-09-07,Complex,56.792287467134095,4.503431057854288,Major net change,False
33,2017-05-10,2025-12-14,8.597028001943913,20900.0,23700.0,0.1339712918660287,0.1210878624864024,0.1414242807227144,2.091743119266055,-0.0269329040231695,2.0143829175687227,-0.1274390091876502,0.1264528411783602,-0.2920886548101661,23.500816698354186,-3.199480168478317,15.711913020145252,0.5216984299459277,1.2625598671678795,1.0495623609195726,GBR_009,GBR_009_cay_001,sentinel2,GBR_009__s2frame_w143.105363_s-10.259829_e143.118092_n-10.253478,True,Requires review,GBR_009|GBR_009_cay_001|sentinel2|GBR_009__s2frame_w143.105363_s-10.259829_e143.118092_n-10.253478,Stable-area reworking,confirmed_real_large_amplitude,孤立低值一期，其余稳定于20-27k m2，真实动态平衡,2026-09-07,Persistent reworking,13.397129186602871,15.711913020145252,Net-area stable,False
32,2017-03-21,2025-12-09,8.720233817258396,107600.0,106500.0,-0.0102230483271375,0.0160931340653131,0.1338099171599194,1.6365079365079365,-0.0057301447085421,1.1683182794241824,0.0520278374840565,-0.1189295028965559,0.1772213102651474,5.625675877140907,5.028812297650404,3.7892970664260495,0.1228126659425905,0.2862868918183737,0.1666216951481362,GBR_020,GBR_020_cay_001,sentinel2,GBR_020__s2frame_w143.175133_s-11.729606_e143.203839_n-11.695801,True,Stable-area reworking,GBR_020|GBR_020_cay_001|sentinel2|GBR_020__s2frame_w143.175133_s-11.729606_e143.203839_n-11.695801,Stable-area reworking,not_required,,,Persistent reworking,1.02230483271375,3.7892970664260495,Net-area stable,False
35,2017-01-27,2025-10-15,8.71475800324442,65300.0,59800.0,-0.0842266462480857,0.0370654672069785,-0.1022910513266611,1.4563106796116505,-0.0428019976649,1.315726556877142,-0.0625069578162065,0.0030391207157009,-0.062577498979708,16.28992263676389,1.466546707251382,3.2194588088098675,0.19904740413044,0.2669461747820667,0.2091882272190314,GBR_033,GBR_033_cay_001,sentinel2,GBR_033__s2frame_w143.951201_s-13.374566_e143.970006_n-13.361995,True,Stable-area reworking,GBR_033|GBR_033_cay_001|sentinel2|GBR_033__s2frame_w143.951201_s-13.374566_e143.970006_n-13.361995,Stable-area reworking,not_required,,,Persistent reworking,8.422664624808569,3.2194588088098675,Net-area stable,False
35,2017-01-27,2025-10-15,8.71475800324442,53650.0,45200.0,-0.157502329916123,0.0335474062588275,-0.0927235803100253,1.6212534059945505,-0.0004616205564856,1.3381083119479331,0.0082651860089954,-0.1770715185217448,0.2139618594712194,13.69209398386191,0.5518793188036568,3.803889562908696,0.4619288275570111,0.2790060221548335,0.3554643442018677,GBR_034,GBR_034_cay_001,sentinel2,GBR_034__s2frame_w143.967362_s-13.446298_e143.984973_n-13.434812,True,Stable-area reworking,GBR_034|GBR_034_cay_001|sentinel2|GBR_034__s2frame_w143.967362_s-13.446298_e143.984973_n-13.434812,Stable-area reworking,not_required,,,Persistent reworking,15.7502329916123,3.803889562908696,Net-area stable,False
32,2017-01-27,2025-10-22,8.733923352293338,86700.0,78500.0,-0.0945790080738177,0.039108398607721,-0.2718606828448187,1.674321503131524,-0.0153747701914041,1.5791927779879718,0.011335422972795,-0.0906258802644295,0.1271595595790081,12.226020936060635,2.949332582883613,4.01952547232161,0.1577426062972185,0.4208691802049611,0.2402610726680203,GBR_036,GBR_036_cay_001,sentinel2,GBR_036__s2frame_w143.830501_s-13.931918_e143.847229_n-13.901650,True,Stable-area reworking,GBR_036|GBR_036_cay_001|sentinel2|GBR_036__s2frame_w143.830501_s-13.931918_e143.847229_n-13.901650,Stable-area reworking,not_required,,,Persistent reworking,9.457900807381767,4.01952547232161,Net-area stable,False
35,2017-01-27,2025-12-11,8.870818702642765,82850.0,74600.0,-0.0995775497887749,0.2611013993407763,-0.1060298342820078,2.077757685352622,-0.09360069627318,1.4908297712309693,0.000748619977561,-0.1597968803793811,0.1107733879378181,6.135892811519668,-3.1000573050779536,4.538285827527378,0.0383843950269169,0.4001047619258613,0.2977467028837472,GBR_037,GBR_037_cay_001,sentinel2,GBR_037__s2frame_w144.498897_s-13.992049_e144.539268_n-13.969822,True,Requires review,GBR_037|GBR_037_cay_001|sentinel2|GBR_037__s2frame_w144.498897_s-13.992049_e144.539268_n-13.969822,Stable-area reworking,confirmed_real_large_amplitude,55-130k m2反复振荡、净面积稳定，真实大幅边界重塑,2026-09-07,Persistent reworking,9.957754978877489,4.538285827527378,Net-area stable,False
34,2017-01-27,2025-12-11,8.870818702642765,72100.0,85100.0,0.1803051317614424,0.2503341702725644,0.0279602750190985,2.2519280205655527,0.1655816672657537,1.8682207021016672,0.127078539216713,0.0634639408848778,0.0119715657320414,8.986678353364695,0.80847076423224,7.257461642974046,0.4591953538454369,0.6615284582527635,0.37787643255734,GBR_038,GBR_038_cay_001,sentinel2,GBR_038__s2frame_w144.844101_s-14.335245_e144.865120_n-14.310763,True,Requires review,GBR_038|GBR_038_cay_001|sentinel2|GBR_038__s2frame_w144.844101_s-14.335245_e144.865120_n-14.310763,Stable-area reworking,confirmed_real_large_amplitude,39-101k m2反复振荡、净面积稳定，真实大幅边界重塑,2026-09-07,Persistent reworking,18.03051317614424,7.257461642974046,Net-area stable,False
33,2017-01-27,2025-12-11,8.870818702642765,43500.0,59700.0,0.3724137931034483,0.0427174236747389,-0.0708674587869633,4.992537313432836,0.3100098249449145,2.353657191012893,0.2887565499094953,0.2472002676999541,0.0202186617794791,21.18053919119413,7.556710075717419,5.681282039245215,0.3198107998927779,0.6765912557389422,0.6320152698289446,GBR_039,GBR_039_cay_001,sentinel2,GBR_039__s2frame_w144.875835_s-14.209325_e144.900372_n-14.189774,True,Requires review,GBR_039|GBR_039_cay_001|sentinel2|GBR_039__s2frame_w144.875835_s-14.209325_e144.900372_n-14.189774,Complex/non-monotonic,confirmed_real_large_amplitude,基线约60k m2并反复深降至13-31k，非单调真实大幅变化,2026-09-07,Complex,37.24137931034483,5.681282039245215,Moderate net change,False
34,2017-02-17,2025-10-18,8.665475677118627,28200.0,24200.0,-0.1418439716312056,0.1734216903243877,-0.2033328617470128,1.4285714285714286,-0.2645166240228054,1.3801718105733758,-0.3432531448441493,0.2090536530891964,-0.38008576680595,12.982258670940524,4.84295097284992,3.7723504012100335,0.6532838415724688,0.2439746690617801,0.4947212177291712,GBR_052,GBR_052_cay_001,sentinel2,GBR_052__s2frame_w152.362046_s-21.647462_e152.375800_n-21.639653,True,Stable-area reworking,GBR_052|GBR_052_cay_001|sentinel2|GBR_052__s2frame_w152.362046_s-21.647462_e152.375800_n-21.639653,Stable-area reworking,not_required,,,Persistent reworking,14.18439716312056,3.7723504012100335,Net-area stable,False
29,2017-02-17,2025-09-18,8.583338466908971,36050.0,42400.0,0.1761442441054091,0.3750596885152615,-0.0724316356054077,2.0384615384615383,0.1213672374689049,1.5340701795860887,0.1571519498639032,0.0765040853781028,0.0581285698858975,8.091723991169943,-6.72374898985025,8.547129630205733,0.5504887238461038,0.7878513065673801,0.8122501107968096,GBR_053,GBR_053_cay_001,sentinel2,GBR_053__s2frame_w152.377053_s-21.637693_e152.397022_n-21.630491,True,Requires review,GBR_053|GBR_053_cay_001|sentinel2|GBR_053__s2frame_w152.377053_s-21.637693_e152.397022_n-21.630491,Stable-area reworking,confirmed_real_large_amplitude,孤立低值两期(18.6/20.8k)，其余稳定，真实动态平衡,2026-09-07,Persistent reworking,17.61442441054091,8.547129630205733,Net-area stable,False
36,2017-02-04,2025-12-09,8.84343963257288,64950.0,65200.0,0.0038491147036181,0.1933522707253785,0.2086766289556189,2.696774193548387,-0.0494914333293873,1.7273423167985338,-0.0519513882853085,0.0578831148621888,-0.1033239296099586,7.043722296556268,-2.825582049607263,4.350303689443562,0.25499481474683,0.4805077542746876,0.303075178542737,GBR_055,GBR_055_cay_001,sentinel2,GBR_055__s2frame_w152.443424_s-21.790265_e152.465048_n-21.776997,True,Requires review,GBR_055|GBR_055_cay_001|sentinel2|GBR_055__s2frame_w152.443424_s-21.790265_e152.465048_n-21.776997,Stable-area reworking,confirmed_real_large_amplitude,两期孤立低值，其余稳定于60-66k m2，真实动态平衡,2026-09-07,Persistent reworking,0.38491147036181,4.350303689443562,Net-area stable,False
36,2017-01-25,2025-10-03,8.687378933174534,160350.0,156600.0,-0.0233863423760523,0.0221354368419784,-0.2968257532695239,1.1715511079342389,-0.0263179979917716,1.057055117071446,-0.019452546233204,-0.0143765492858518,-0.0119822063550745,1.9456333477169776,0.0962367928913039,0.9477967849315732,0.040659748313968,0.0712019455976216,0.0770345909585531,GBR_058,GBR_058_cay_001,sentinel2,GBR_058__s2frame_w151.772665_s-23.252846_e151.790195_n-23.238778,True,Stable-area reworking,GBR_058|GBR_058_cay_001|sentinel2|GBR_058__s2frame_w151.772665_s-23.252846_e151.790195_n-23.238778,Stable-area reworking,not_required,,,Persistent reworking,2.33863423760523,0.9477967849315732,Net-area stable,True
34,2017-06-24,2025-11-24,8.41906404648966,518500.0,514600.0,-0.0075216972034715,0.0053723669450976,0.1786369214011169,1.0946502057613168,0.0068156633610009,1.0405870182086967,0.0009601192891136,-0.0160905056648425,0.0161696773636561,0.6818906098452686,-0.0665091554214427,0.4376128570058966,0.0300898683718796,0.0337166173220109,0.0250887810403474,GBR_059,GBR_059_cay_001,sentinel2,GBR_059__s2frame_w151.716451_s-23.550821_e151.768015_n-23.527015,True,Stable-area reworking,GBR_059|GBR_059_cay_001|sentinel2|GBR_059__s2frame_w151.716451_s-23.550821_e151.768015_n-23.527015,Stable-area reworking,not_required,,,Persistent reworking,0.75216972034715,0.4376128570058966,Net-area stable,True
35,2017-02-04,2025-11-01,8.739399166307317,220150.0,220200.0,0.0002271178741766,0.0081862325315998,-0.1689548959567894,1.131578947368421,0.0005927480463055,1.1007242923695075,0.0070014650034794,0.0006168593561058,0.0048061668933124,3.2766115414670764,0.6674729115463833,1.054886369910449,0.0023699918448679,0.0947791919943003,0.0641290843624343,GBR_060,GBR_060_cay_001,sentinel2,GBR_060__s2frame_w152.379468_s-23.918571_e152.431527_n-23.885000,True,Stable-area reworking,GBR_060|GBR_060_cay_001|sentinel2|GBR_060__s2frame_w152.379468_s-23.918571_e152.431527_n-23.885000,Stable-area reworking,not_required,,,Persistent reworking,0.0227117874176599,1.054886369910449,Net-area stable,False
18,2017-05-25,2025-11-01,8.438229395538581,106200.0,103400.0,-0.0263653483992467,0.0141268518854922,-0.2920536635706914,1.2181616832779625,-0.0437609003763391,1.0928749021338997,-0.0431712458754911,0.0084219547275303,-0.0513373414298552,2.563678402726765,0.3235680333587396,0.8263710103124486,0.0733350742448776,0.0784739908367519,0.0837826633237594,GBR_061,GBR_061_cay_001,sentinel2,GBR_061__s2frame_w152.280114_s-23.814134_e152.304587_n-23.796481,True,Stable-area reworking,GBR_061|GBR_061_cay_001|sentinel2|GBR_061__s2frame_w152.280114_s-23.814134_e152.304587_n-23.796481,Stable-area reworking,not_required,,,Persistent reworking,2.63653483992467,0.8263710103124486,Net-area stable,True
16,2017-05-25,2025-11-01,8.438229395538581,15550.0,30900.0,0.9871382636655948,0.1782313266694413,-0.0411764705882353,3.495726495726496,0.4497146018234433,2.1173876725670104,0.4503722618887779,0.2621682768333301,0.3037068357731592,8.751700880216191,0.2993921745632519,9.28827226103338,0.143544430419087,1.7605668063052284,1.2107368917671255,GBR_061,GBR_061_cay_002,sentinel2,GBR_061__s2frame_w152.280114_s-23.814134_e152.304587_n-23.796481,True,Requires review,GBR_061|GBR_061_cay_002|sentinel2|GBR_061__s2frame_w152.280114_s-23.814134_e152.304587_n-23.796481,Complex/non-monotonic,confirmed_real_large_amplitude,11-47k m2反复振荡、无单调趋势，真实大幅变化,2026-09-07,Complex,98.71382636655947,9.28827226103338,Major net change,False
32,2017-02-20,2025-09-01,8.528580326769202,262200.0,209900.0,-0.1994660564454614,0.1954899778315585,0.0161305105617437,1.54050550874919,-0.2021342782782386,1.494958584298381,-0.2096492581800818,-0.2015786143180817,0.0002081037174531,9.412577403907122,8.726367929427767,4.840463406152107,0.6936915725208292,0.5571482946360651,0.6952562487550384,GBR_068,GBR_068_cay_001,sentinel2,GBR_068__s2frame_w150.265349_s-16.545567_e150.305599_n-16.510159,True,Stable-area reworking,GBR_068|GBR_068_cay_001|sentinel2|GBR_068__s2frame_w150.265349_s-16.545567_e150.305599_n-16.510159,Stable-area reworking,not_required,,,Persistent reworking,19.94660564454614,4.840463406152107,Net-area stable,False
33,2017-09-25,2025-11-07,8.117894275720925,47300.0,45400.0,-0.040169133192389,0.018778030209489,0.0787427971476585,1.285024154589372,-0.0244418879439683,1.1675033265971613,-0.0414826995621619,0.0252723672484557,-0.0641236978768589,7.324608760103672,-0.2752877970784908,2.033596822731433,0.0846212718042724,0.1626653595879833,0.1041477758179502,GBR_073,GBR_073_cay_001,sentinel2,GBR_073__s2frame_w151.838971_s-17.420620_e151.860391_n-17.407771,True,Stable-area reworking,GBR_073|GBR_073_cay_001|sentinel2|GBR_073__s2frame_w151.838971_s-17.420620_e151.860391_n-17.407771,Stable-area reworking,not_required,,,Persistent reworking,4.0169133192389,2.033596822731433,Net-area stable,False
31,2018-06-02,2025-12-22,7.556623339288281,67200.0,69500.0,0.0342261904761904,0.02857790069959,0.2838995880946565,1.142622950819672,0.0147186256538507,1.0717188859568714,-0.0206098855999726,0.0577650468848321,-0.0755225722459032,63.95229618055859,1.0248321427623353,1.4438146550597215,0.0527664433945839,0.1543676774486142,0.1337599302026472,GBR_085,GBR_085_cay_001,sentinel2,GBR_085__s2frame_w158.596811_s-19.127764_e158.609914_n-19.117239,True,Stable-area reworking,GBR_085|GBR_085_cay_001|sentinel2|GBR_085__s2frame_w158.596811_s-19.127764_e158.609914_n-19.117239,Stable-area reworking,not_required,,,Persistent reworking,3.4226190476190403,1.4438146550597215,Net-area stable,False
31,2017-02-20,2025-09-01,8.528580326769202,381700.0,371900.0,-0.0256746135708671,0.0274304161818638,-0.0802419354838709,1.1323147881233786,-0.0059693894957688,1.0631727992950248,-0.0010346204543898,-0.0237941523862115,0.0213736876566572,2.230639301066944,0.4208731399588572,0.7119399511274954,0.0363482391039454,0.0519846959229495,0.0402067812560768,GBR_095,GBR_095_cay_001,sentinel2,GBR_095__s2frame_w150.327781_s-16.615031_e150.343544_n-16.594665,True,Stable-area reworking,GBR_095|GBR_095_cay_001|sentinel2|GBR_095__s2frame_w150.327781_s-16.615031_e150.343544_n-16.594665,Stable-area reworking,not_required,,,Persistent reworking,2.5674613570867098,0.7119399511274954,Net-area stable,True
33,2017-02-20,2025-09-01,8.528580326769202,99700.0,97000.0,-0.0270812437311935,0.0159878215203501,-0.1096531584822581,1.2496815286624203,-0.0134711567527875,1.0855936648517606,0.0138908846462231,-0.0438216997137646,0.062573965968969,6.15664878304095,1.369781365685327,1.3924913493678417,0.0814710630479339,0.1509315775815043,0.1491115197644929,GBR_098,GBR_098_cay_001,sentinel2,GBR_098__s2frame_w149.956310_s-16.315522_e149.972766_n-16.278337,True,Stable-area reworking,GBR_098|GBR_098_cay_001|sentinel2|GBR_098__s2frame_w149.956310_s-16.315522_e149.972766_n-16.278337,Stable-area reworking,not_required,,,Persistent reworking,2.70812437311935,1.3924913493678417,Net-area stable,False
34,2017-02-10,2025-10-26,8.706544282223454,528750.0,546100.0,0.0328132387706855,0.0204492545377139,0.0829640947288005,1.1870698644421271,0.0173640392306973,1.1557059224721404,0.0045464000527528,0.0330871687022289,-0.019954705937545,5.728851326446119,1.3615252325429026,0.8678066167510509,0.010493333599871,0.0926526284808417,0.0775952680997563,GBR_101,GBR_101_cay_001,sentinel2,GBR_101__s2frame_w149.178258_s-16.955359_e149.212373_n-16.920613,True,Stable-area reworking,GBR_101|GBR_101_cay_001|sentinel2|GBR_101__s2frame_w149.178258_s-16.955359_e149.212373_n-16.920613,Stable-area reworking,not_required,,,Persistent reworking,3.28132387706855,0.8678066167510509,Net-area stable,True
35,2017-02-10,2025-10-26,8.706544282223454,241200.0,228200.0,-0.0538971807628524,0.0310201377012038,-0.4982490593775428,1.28150826446281,-0.0489183140751978,1.163000696519464,-0.0510943759090873,-0.0240783041240424,-0.0400557015566574,1.396931274184766,-0.6626866970148058,2.148760246521701,0.0323128059337736,0.1290605731983446,0.1140500300021122,GBR_102,GBR_102_cay_001,sentinel2,GBR_102__s2frame_w149.119644_s-17.026707_e149.168282_n-16.968308,True,Stable-area reworking,GBR_102|GBR_102_cay_001|sentinel2|GBR_102__s2frame_w149.119644_s-17.026707_e149.168282_n-16.968308,Stable-area reworking,not_required,,,Persistent reworking,5.389718076285241,2.148760246521701,Net-area stable,False
35,2017-01-27,2025-12-11,8.870818702642765,121400.0,130400.0,0.0741350906095551,0.0217872909483087,0.1213140042191802,1.171888988361683,0.0303235946690537,1.0776059001004337,0.0209947454544056,0.0458330012831226,-0.0314003783725602,6.31681388987414,-0.6526970756479358,0.9938683279602164,0.0447910955636638,0.0792668119042107,0.0605969872130888,GBR_104,GBR_104_cay_001,sentinel2,GBR_104__s2frame_w144.870165_s-14.438563_e144.904634_n-14.412680,True,Stable-area reworking,GBR_104|GBR_104_cay_001|sentinel2|GBR_104__s2frame_w144.870165_s-14.438563_e144.904634_n-14.412680,Stable-area reworking,not_required,,,Persistent reworking,7.41350906095551,0.9938683279602164,Net-area stable,True
34,2017-01-30,2025-10-20,8.720233817258396,159800.0,135700.0,-0.1508135168961201,0.0948104396668175,-0.119938884644767,1.84796573875803,-0.0485130240296985,1.411768940769328,-0.0924719363059493,-0.0377266112755558,-0.0571569460397747,10.752757317890214,7.664860936939988,3.738319328450719,0.1160850543127976,0.2320108905998144,0.188732856131334,GBR_108,GBR_108_cay_001,sentinel2,GBR_108__s2frame_w144.013356_s-11.444855_e144.064459_n-11.402310,True,Stable-area reworking,GBR_108|GBR_108_cay_001|sentinel2|GBR_108__s2frame_w144.013356_s-11.444855_e144.064459_n-11.402310,Stable-area reworking,not_required,,,Persistent reworking,15.08135168961201,3.738319328450719,Net-area stable,False
13,2001-06-21,2023-10-07,22.294776757907417,23328.05384332808,29307.476686758564,0.2563189747241012,0.0562128721854808,0.2307692307692307,1.9447257383966243,0.0740841115370299,1.4326966121901783,-0.3311736334041835,0.8173003044996948,-0.6367255602334109,31.543964598014213,-3.710819613618,10.352685213586897,2.8064635329439858,1.6233549953971358,2.08901405814208,MEDF_001,MEDF_001_cay_001,google_earth,MEDF_001__frame_438_215_1677_1078_1239_863,True,Complex/non-monotonic,MEDF_001|MEDF_001_cay_001|google_earth|MEDF_001__frame_438_215_1677_1078_1239_863,Complex/non-monotonic,not_required,,,Complex,25.63189747241012,10.352685213586897,Moderate net change,False
18,2017-01-07,2025-12-26,8.966645447887363,73750.0,78000.0,0.0576271186440678,0.2982858319992866,-0.2250903758920171,2.647382920110193,0.0722334052570035,1.5163632152728403,0.0365165636366585,0.0373402650443903,0.0361280808951953,6.185838092943072,3.7428262185897694,1.821147040349951,0.1389590465233266,0.2225990446375383,0.1626521828556676,MEDF_002,MEDF_002_cay_001,sentinel2,MEDF_002__s2frame_w72.885163_s6.365366_e72.929443_n6.411732,True,Requires review,MEDF_002|MEDF_002_cay_001|sentinel2|MEDF_002__s2frame_w72.885163_s6.365366_e72.929443_n6.411732,Stable-area reworking,confirmed_real_large_amplitude,30-96k m2反复振荡、净面积稳定，真实大幅重塑,2026-09-07,Persistent reworking,5.762711864406779,1.821147040349951,Net-area stable,False
4,2017-03-18,2021-03-02,3.956275625098393,51350.0,135100.0,1.6309639727361247,0.4479731689339579,1.0,2.25542570951586,0.6821378380827156,1.750592147668968,0.3497052173160061,0.7931893701714864,-0.1958506580766123,23.88192089828792,29.57896699904296,2.404598623018473,2.402709731800258,2.244959600393833,1.742607402541718,MEDF_004,MEDF_004_cay_001,sentinel2,MEDF_004__s2frame_w73.093826_s5.972070_e73.117139_n6.002849,True,Requires review,MEDF_004|MEDF_004_cay_001|sentinel2|MEDF_004__s2frame_w73.093826_s5.972070_e73.117139_n6.002849,Sustained growth,confirmed_real_large_amplitude,目视核验：砂体沿礁缘持续连通扩大，真实持续增长,2026-09-07,Net growth,163.09639727361247,2.404598623018473,Major net change,False
36,2017-03-18,2025-11-01,8.624407072013799,41000.0,36900.0,-0.1,0.1153705862561107,-0.0654091355931879,1.2941176470588236,0.0321253899674807,1.4264283031704807,0.0583367083216094,-0.093938388722482,0.1852935256923066,28.16314540408564,8.201407680129165,11.870739106322574,0.0388230473787282,0.798575831061626,0.7264148362509442,MEDF_005,MEDF_005_cay_001,sentinel2,MEDF_005__s2frame_w73.150891_s5.914388_e73.163292_n5.921777,True,Stable-area reworking,MEDF_005|MEDF_005_cay_001|sentinel2|MEDF_005__s2frame_w73.150891_s5.914388_e73.163292_n5.921777,Stable-area reworking,not_required,,,Persistent reworking,10.0,11.870739106322574,Net-area stable,False
36,2017-03-18,2025-11-01,8.624407072013799,64650.0,69400.0,0.0734725444702242,0.0108828711930378,0.603980375278041,1.1068580542264752,-0.0837907898376348,1.2475729411102805,-0.0981708811070662,0.089408248992507,-0.1723632301152454,11.293267109865,-19.09553068101563,6.337681920726869,0.6703373513003997,0.420672946828639,0.461675186288248,MEDF_006,MEDF_006_cay_001,sentinel2,MEDF_006__s2frame_w73.196873_s5.859425_e73.212508_n5.869042,True,Stable-area reworking,MEDF_006|MEDF_006_cay_001|sentinel2|MEDF_006__s2frame_w73.196873_s5.859425_e73.212508_n5.869042,Stable-area reworking,not_required,,,Persistent reworking,7.3472544470224195,6.337681920726869,Net-area stable,False
25,2017-06-29,2025-11-01,8.342402650293982,13400.0,17900.0,0.3358208955223881,0.5163347388080721,0.0434698988614352,5.173333333333333,0.0857864371707262,2.9805658762324416,0.08580282564772,-0.1193314212290253,-0.1034355056695228,89.56855154117494,52.23200551813716,14.679675715568402,0.793195044657344,1.2321095989969542,0.9941467398697348,MEDF_007,MEDF_007_cay_001,sentinel2,MEDF_007__s2frame_w72.815287_s5.587752_e72.836456_n5.602445,True,Requires review,MEDF_007|MEDF_007_cay_001|sentinel2|MEDF_007__s2frame_w72.815287_s5.587752_e72.836456_n5.602445,Complex/non-monotonic,confirmed_real_large_amplitude,小沙洲5.6-53.9k m2反复振荡，真实大幅变化,2026-09-07,Complex,33.582089552238806,14.679675715568402,Moderate net change,False
30,2017-03-18,2025-11-01,8.624407072013799,26750.0,22800.0,-0.1476635514018691,0.127286499829586,-0.1622704758766757,2.2115384615384617,-0.1509031860222533,1.5388188942646346,-0.1141882112991644,-0.0518914802066042,-0.0309078016667737,28.71358900927196,1.2527854500074227,4.9519987264425245,0.1122017334837296,0.4226703357063862,0.618369689693894,MEDF_008,MEDF_008_cay_001,sentinel2,MEDF_008__s2frame_w72.853663_s5.584525_e72.862829_n5.593249,True,Requires review,MEDF_008|MEDF_008_cay_001|sentinel2|MEDF_008__s2frame_w72.853663_s5.584525_e72.862829_n5.593249,Stable-area reworking,confirmed_real_large_amplitude,单期低值(10.4k)，其余稳定于21-25k m2，真实动态平衡,2026-09-07,Persistent reworking,14.76635514018691,4.9519987264425245,Net-area stable,False
5,2006-01-23,2023-06-17,17.39666112240498,3539.2159843729924,3540.8119511769128,0.000450937950938,0.1313501816355214,-0.3,1.3992210321324248,-0.0513627978282298,1.1502016996158837,-0.0837556876849259,0.0133762112536,-0.1621837484256451,29.158240600749025,-9.075749020332978,3.221006398241144,0.356384111129403,1.0514374088239833,0.6925257165610952,MEDF_009,MEDF_009_cay_001,google_earth,MEDF_009__frame_410_340_1727_796_1317_456,True,Stable-area reworking,MEDF_009|MEDF_009_cay_001|google_earth|MEDF_009__frame_410_340_1727_796_1317_456,Stable-area reworking,not_required,,,Persistent reworking,0.0450937950938,3.221006398241144,Net-area stable,False
35,2017-03-18,2025-11-01,8.624407072013799,10250.0,7900.0,-0.2292682926829268,0.0695970545353752,-0.5743326138385265,1.4722222222222223,-0.2269054710100345,1.9796091598612413,-0.1585509349610836,-0.1756156444763038,0.0177559531709507,67.51673246012302,22.23149008354888,21.606695185852075,1.5965930349909423,1.8413449712916563,1.819627232068412,MEDF_010,MEDF_010_cay_001,sentinel2,MEDF_010__s2frame_w72.910556_s5.599843_e72.915839_n5.604707,True,Stable-area reworking,MEDF_010|MEDF_010_cay_001|sentinel2|MEDF_010__s2frame_w72.910556_s5.599843_e72.915839_n5.604707,Stable-area reworking,not_required,,,Persistent reworking,22.92682926829268,21.606695185852075,Net-area stable,False
35,2017-03-18,2025-11-01,8.624407072013799,36100.0,29200.0,-0.1911357340720221,0.0296836747952008,-0.7902187340100213,1.1917808219178083,-0.1304493789109464,1.2517013899770486,-0.110730052089507,-0.0686458957022784,-0.0452367322144807,3.686275155149645,-21.51309928859547,6.972406713626878,0.5950575695422878,0.5357540250693851,0.7200814542968496,MEDF_011,MEDF_011_cay_001,sentinel2,MEDF_011__s2frame_w72.924238_s5.561088_e72.933735_n5.566497,True,Stable-area reworking,MEDF_011|MEDF_011_cay_001|sentinel2|MEDF_011__s2frame_w72.924238_s5.561088_e72.933735_n5.566497,Stable-area reworking,not_required,,,Persistent reworking,19.11357340720221,6.972406713626878,Net-area stable,False
7,2010-03-21,2023-06-17,13.240518285796425,1736.9649090766393,736.5720398146829,-0.5759430510278758,0.7798934696835279,-0.4642857142857144,2.69344210856605,-0.5467055887922679,2.6505025529026227,-0.5989723170417881,-0.0779728212447786,-0.3451945277598576,30.451671946295303,28.936793341684307,10.76354534179722,2.7717914321740604,3.6863212335526345,2.8510836579805843,MEDF_012,MEDF_012_cay_001,google_earth,MEDF_012__frame_183_302_1507_982_1324_680,True,Requires review,MEDF_012|MEDF_012_cay_001|google_earth|MEDF_012__frame_183_302_1507_982_1324_680,Contraction,confirmed_real_large_amplitude,2.6k持续降至0.4k m2，真实持续收缩,2026-09-07,Net contraction,57.59430510278758,10.76354534179722,Major net change,False
5,2014-02-04,2023-06-17,9.363641963900696,1554.249844439272,406.542215094334,-0.7384318766066839,0.4884035006796412,-0.6,4.85995085995086,-0.6159465608933797,2.976667486367268,-0.6165650604397421,-0.4405531166675861,-0.3096605389637425,57.78754307779116,38.13291908718304,9.74539324336993,3.157390481392702,5.334822556375605,3.092277027328161,MEDF_013,MEDF_013_cay_001,google_earth,MEDF_013__frame_344_363_1657_740_1313_377,True,Requires review,MEDF_013|MEDF_013_cay_001|google_earth|MEDF_013__frame_344_363_1657_740_1313_377,Contraction,confirmed_real_large_amplitude,2.0k持续降至0.3-0.8k m2，真实持续收缩,2026-09-07,Net contraction,73.84318766066839,9.74539324336993,Major net change,False
35,2017-03-18,2025-11-01,8.624407072013799,20950.0,18900.0,-0.0978520286396181,0.1209212935646317,-0.3607569210959932,1.1693121693121693,-0.043526854352988,1.13834660283623,-0.0344017045777266,-0.0491200878625962,0.0964457202870949,17.4216277853682,-40.28394634044736,9.461523451639898,0.6419023646463552,0.6939234912595643,0.791613490197569,MEDF_014,MEDF_014_cay_001,sentinel2,MEDF_014__s2frame_w72.943388_s5.554565_e72.948995_n5.557399,True,Stable-area reworking,MEDF_014|MEDF_014_cay_001|sentinel2|MEDF_014__s2frame_w72.943388_s5.554565_e72.948995_n5.557399,Stable-area reworking,not_required,,,Persistent reworking,9.78520286396181,9.461523451639898,Net-area stable,False
36,2017-03-18,2025-11-01,8.624407072013799,11600.0,8600.0,-0.2586206896551724,0.0264435237796775,-0.7535116521229603,1.3037974683544304,-0.1197191646480956,1.3349363263551035,0.1046154613473644,-0.3597242250470346,0.7406969042611803,89.6330821353146,-27.51992654823175,10.03837438451522,0.361002701355991,0.7095006653326852,0.5756115688652857,MEDF_015,MEDF_015_cay_001,sentinel2,MEDF_015__s2frame_w72.941386_s5.535943_e72.946042_n5.538869,True,Contraction,MEDF_015|MEDF_015_cay_001|sentinel2|MEDF_015__s2frame_w72.941386_s5.535943_e72.946042_n5.538869,Contraction,not_required,,,Net contraction,25.86206896551724,10.03837438451522,Moderate net change,False
35,2017-03-18,2025-11-01,8.624407072013799,68900.0,67300.0,-0.02322206095791,0.0242028703731865,-0.080997770572405,1.1899350649350648,-0.0593961248893863,1.1780744650529682,-0.0358392626885953,-0.0207924474048078,-0.0153569091690077,14.210173257014674,-11.906662879583152,4.367078970581495,0.2218170052836049,0.3239937943788217,0.396676608579013,MEDF_017,MEDF_017_cay_001,sentinel2,MEDF_017__s2frame_w72.991228_s5.491815_e73.004682_n5.497654,True,Stable-area reworking,MEDF_017|MEDF_017_cay_001|sentinel2|MEDF_017__s2frame_w72.991228_s5.491815_e73.004682_n5.497654,Stable-area reworking,not_required,,,Persistent reworking,2.322206095791,4.367078970581495,Net-area stable,False
4,2014-02-04,2023-06-17,9.363641963900696,21624.2171780625,29985.58115358,0.3866666666666666,0.1724288926312854,1.0,1.2892561983471074,0.1553386567086948,1.187986051993557,0.2498046317525669,-0.2763224842143176,0.4211226245188654,8.407848580043137,-3.0903602263454104,2.5836147829642244,2.233624855224289,2.2202482785130533,1.7144754275749374,MEDF_018,MEDF_018_cay_001,google_earth,MEDF_018__frame_567_265_1198_990_631_725,True,Sustained growth,MEDF_018|MEDF_018_cay_001|google_earth|MEDF_018__frame_567_265_1198_990_631_725,Sustained growth,not_required,,,Net growth,38.66666666666666,2.5836147829642244,Moderate net change,False
35,2017-03-18,2025-11-01,8.624407072013799,90950.0,82300.0,-0.0951072017592083,0.0926026016011041,0.0312346803763378,2.424317617866005,-0.0599195145415392,1.5338445708497404,-0.016910020121881,-0.0853453315873048,0.0991072228569595,19.2457529599983,3.356680244100147,3.436154753235,0.1342152021014897,0.3681289181623216,0.3985850055892109,MEDF_019,MEDF_019_cay_001,sentinel2,MEDF_019__s2frame_w72.935162_s5.366845_e72.956813_n5.380359,True,Requires review,MEDF_019|MEDF_019_cay_001|sentinel2|MEDF_019__s2frame_w72.935162_s5.366845_e72.956813_n5.380359,Stable-area reworking,confirmed_real_large_amplitude,孤立低值数期(40-58k)，其余稳定于85-100k m2，真实动态平衡,2026-09-07,Persistent reworking,9.510720175920827,3.436154753235,Net-area stable,False
34,2017-03-18,2025-11-01,8.624407072013799,25900.0,24000.0,-0.0733590733590733,0.0508955205794058,-0.3697700670991451,1.7061611374407584,-0.1687544465505043,1.4710291748476485,-0.196601330040923,-0.1270158704759026,-0.0951887638481787,22.30218275104872,-8.435648569962225,13.23733461980994,0.7037522415278328,0.8996968441749839,1.116098975724753,MEDF_022,MEDF_022_cay_001,sentinel2,MEDF_022__s2frame_w72.935240_s5.169249_e72.947272_n5.176617,True,Stable-area reworking,MEDF_022|MEDF_022_cay_001|sentinel2|MEDF_022__s2frame_w72.935240_s5.169249_e72.947272_n5.176617,Stable-area reworking,not_required,,,Persistent reworking,7.335907335907329,13.23733461980994,Net-area stable,False
10,2011-03-16,2023-06-17,12.25487176328056,3063.9458846258585,4664.853074195024,0.5224985198342217,0.074285577527902,0.8909090909090909,1.1704951505870342,0.473090911005933,1.321235721648056,0.4345940352507227,0.4141256654853235,-0.0748003435150199,19.900423809372995,-19.553475601211204,2.673795008314816,0.979010424839604,0.7048488010619969,0.5179250335811157,MEDF_023,MEDF_023_cay_001,google_earth,MEDF_023__frame_121_192_1732_975_1611_783,True,Growth then stable,MEDF_023|MEDF_023_cay_001|google_earth|MEDF_023__frame_121_192_1732_975_1611_783,Growth then stable,not_required,,,Net growth,52.24985198342217,2.673795008314816,Major net change,False
8,2011-03-16,2023-06-17,12.25487176328056,5421.259394581155,2221.3680454526084,-0.5902487072149717,0.220400963156966,-0.6190476190476191,3.495508982035928,-0.4342919171948326,2.1173100932775384,-0.4570677514201923,-0.478683484510125,0.0154213327980736,11.749669401547123,-5.3583517938201055,8.423964516427581,0.9543082451970408,2.6778924329567544,1.582200059493878,MEDF_025,MEDF_025_cay_001,google_earth,MEDF_025__frame_371_342_1698_886_1327_544,True,Requires review,MEDF_025|MEDF_025_cay_001|google_earth|MEDF_025__frame_371_342_1698_886_1327_544,Contraction,confirmed_real_large_amplitude,目视核验：2016年后亮砂带持续缩短，真实持续收缩,2026-09-07,Net contraction,59.024870721497166,8.423964516427581,Major net change,False
27,2017-03-18,2023-08-04,6.379323326283223,71950.0,102800.0,0.428769979152189,0.0604663400873707,0.4999999999999999,2.920918367346939,0.2109936048840728,1.7933091680025306,0.1528661829893466,0.2460145529071935,-0.0319580829254964,23.747422656722307,-9.314325238248372,6.528605033000438,0.291466530098013,0.8606259313368206,0.6011314643125254,MEDF_026,MEDF_026_cay_001,sentinel2,MEDF_026__s2frame_w73.129679_s5.225928_e73.163570_n5.240336,True,Requires review,MEDF_026|MEDF_026_cay_001|sentinel2|MEDF_026__s2frame_w73.129679_s5.225928_e73.163570_n5.240336,Complex/non-monotonic,confirmed_real_large_amplitude,39-114k m2全程反复振荡、无稳定增长段，真实大幅变化,2026-09-07,Complex,42.8769979152189,6.528605033000438,Moderate net change,False
11,2017-03-18,2022-12-17,5.749604714675866,28150.0,24600.0,-0.1261101243339254,1.0010534451266824,0.1545454545454545,13.5,-0.2554173752984972,4.8446250705400695,-0.2028590650486216,0.0814646326861216,0.1799838413147791,16.17984502907308,3.6850151255527663,4.913186548245204,2.312004492836076,1.361800828689132,1.8623115345896264,MEDF_026,MEDF_026_cay_002,sentinel2,MEDF_026__s2frame_w73.129679_s5.225928_e73.163570_n5.240336,True,Requires review,MEDF_026|MEDF_026_cay_002|sentinel2|MEDF_026__s2frame_w73.129679_s5.225928_e73.163570_n5.240336,Complex/non-monotonic,confirmed_real_large_amplitude,2022年后骤降至5-25k并部分恢复，非单调真实变化,2026-09-07,Complex,12.61101243339254,4.913186548245204,Net-area stable,False
35,2017-03-18,2025-11-01,8.624407072013799,30200.0,20100.0,-0.3344370860927152,0.0076122519849764,-0.7954052147303758,1.5129533678756475,-0.1479469979869399,1.1934292712323238,-0.1473005524407425,-0.2154714272303168,0.0858402731949657,39.67555635694796,-8.528889674345606,6.408718350129401,0.2732280527073602,0.4126374764585904,0.3765685831292953,MEDF_027,MEDF_027_cay_001,sentinel2,MEDF_027__s2frame_w73.166479_s5.231743_e73.170571_n5.237482,True,Contraction,MEDF_027|MEDF_027_cay_001|sentinel2|MEDF_027__s2frame_w73.166479_s5.231743_e73.170571_n5.237482,Contraction,not_required,,,Net contraction,33.443708609271525,6.408718350129401,Moderate net change,False
36,2017-03-18,2025-11-01,8.624407072013799,61450.0,50400.0,-0.1798209926769731,0.0679827229842232,-0.6131170867978272,1.2352941176470589,-0.2705203659479133,1.1429097826190806,-0.2642359659670902,0.0098566512927656,-0.2714666815253417,4.83944979094106,14.732944030594382,3.8146809487942734,0.5657565446101923,0.2563513861784736,0.3246545435691717,MEDF_028,MEDF_028_cay_001,sentinel2,MEDF_028__s2frame_w72.870724_s5.072468_e72.882575_n5.080100,True,Stable-area reworking,MEDF_028|MEDF_028_cay_001|sentinel2|MEDF_028__s2frame_w72.870724_s5.072468_e72.882575_n5.080100,Stable-area reworking,not_required,,,Persistent reworking,17.98209926769731,3.8146809487942734,Net-area stable,False
10,2014-07-01,2023-10-17,9.295194288725984,2010.7509689881,1407.8048200273,-0.2998611753817677,0.5544717606303956,-0.6484848484848483,4.765133171912833,-0.1977216096436144,2.1743182835081627,-0.2850570476310082,-0.0337252627639919,-0.2605706179032265,52.17361530280368,-33.3906650837783,10.0577274846797,0.9886639584989938,3.0582750890160795,2.126299740194659,MEDF_029,MEDF_029_cay_001,google_earth,MEDF_029__frame_414_100_1175_1023_761_923,True,Requires review,MEDF_029|MEDF_029_cay_001|google_earth|MEDF_029__frame_414_100_1175_1023_761_923,Contraction,real_with_tide_optical_modulation,目视核验：2014年后砂体持续变小；2016太阳眩光放大个别降幅，总体真实收缩,2026-09-07,Net contraction,29.98611753817677,10.0577274846797,Moderate net change,False
10,2001-01-21,2023-06-15,22.39607931716599,14712.464271225395,16160.325990172503,0.0984105512343592,0.1842176975973558,-0.3212121212121211,1.5156375300721727,1.0118018554479418,1.873017816536653,2.0667848732641656,-0.370225689243478,4.142818112116357,40.165982188727824,-17.06622656127486,8.803743066512524,3.186286557362244,1.981030361338362,1.831603344432886,MEDF_030,MEDF_030_cay_001,google_earth,MEDF_030__frame_221_219_1559_1034_1338_815,True,Stable-area reworking,MEDF_030|MEDF_030_cay_001|google_earth|MEDF_030__frame_221_219_1559_1034_1338_815,Stable-area reworking,not_required,,,Persistent reworking,9.84105512343592,8.803743066512524,Net-area stable,False
18,2018-04-07,2025-09-07,7.419727988938855,8800.0,8100.0,-0.0795454545454545,0.5335286640496457,-0.1197728605663944,2.936170212765957,0.1629245454637745,2.0585786513656017,0.3248480344807974,0.0975011097729188,-0.127481838626342,36.81771331321731,-7.509535716499414,8.753780975756337,0.1465709316066636,1.3110145494220524,0.8772436483410665,MEDF_032,MEDF_032_cay_001,sentinel2,MEDF_032__s2frame_w73.413165_s5.495371_e73.430570_n5.510266,True,Requires review,MEDF_032|MEDF_032_cay_001|sentinel2|MEDF_032__s2frame_w73.413165_s5.495371_e73.430570_n5.510266,Stable-area reworking,confirmed_real_large_amplitude,先升后回落至初始水平、净面积稳定，真实大幅重塑,2026-09-07,Persistent reworking,7.954545454545451,8.753780975756337,Net-area stable,False
12,2005-06-26,2023-10-17,18.30838415573215,26614.12710519231,20580.774930597505,-0.2266973532796318,0.1669275219574424,-0.5384615384615385,1.2958257713248638,-0.3922739203626335,1.8758542828923697,-0.4649725410958437,0.0991756271987083,-0.5228919159947999,15.762279789657043,-12.10931294950241,1.614724312008226,1.230907993545146,0.6838967293397162,0.6716692872609764,MEDF_033,MEDF_033_cay_001,google_earth,MEDF_033__frame_275_113_1338_994_1063_881,True,Stable-area reworking,MEDF_033|MEDF_033_cay_001|google_earth|MEDF_033__frame_275_113_1338_994_1063_881,Stable-area reworking,not_required,,,Persistent reworking,22.66973532796318,1.614724312008226,Net-area stable,False
13,2013-02-11,2025-01-12,11.918109201420974,226.86191099796807,707.3383168380041,2.117924528301886,0.3219988900144436,0.8076923076923077,1.9568181818181816,0.8932880059357585,1.4693277671834035,0.8687576973822223,0.5845363027315353,-0.153139049376471,71.56164237664925,-48.75081630316608,17.413489705877144,10.248790064506291,9.867453383123008,8.654631411772488,MEDF_034,MEDF_034_cay_001,google_earth,MEDF_034__frame_377_213_1613_894_1236_681,True,Sustained growth,MEDF_034|MEDF_034_cay_001|google_earth|MEDF_034__frame_377_213_1613_894_1236_681,Sustained growth,not_required,,,Net growth,211.7924528301886,17.413489705877144,Major net change,False
4,2015-07-03,2023-07-08,8.013853809455362,1481.57802706944,1950.404813369344,0.3164374590700721,0.2373648505553459,0.7999999999999999,1.5309977151561311,0.1598206656710562,1.6340208732056027,0.2311644402291466,0.26252054555992,-0.115329363684767,73.63689684635563,2.3375399182278898,5.062266215549071,1.8382161173478475,2.99053911843868,1.7190820593075995,MEDF_035,MEDF_035_cay_001,google_earth,MEDF_035__frame_552_142_1390_930_838_788,True,Sustained growth,MEDF_035|MEDF_035_cay_001|google_earth|MEDF_035__frame_552_142_1390_930_838_788,Sustained growth,not_required,,,Net growth,31.643745907007208,5.062266215549071,Moderate net change,False
14,2011-02-28,2023-11-17,12.717578047461618,9282.83641885634,9686.582779106124,0.0434938570531791,0.0520056719724629,0.1428571428571428,1.587301587301587,-0.0725246759251925,1.3485445819203663,-0.1296522925365678,0.1252627556014975,-0.2315511932352557,20.743332874775064,15.632953788926445,3.708722861583165,0.5629818387168967,0.4572690447364598,0.4510521703043406,MEDF_036,MEDF_036_cay_001,google_earth,MEDF_036__frame_329_142_1444_950_1115_808,True,Stable-area reworking,MEDF_036|MEDF_036_cay_001|google_earth|MEDF_036__frame_329_142_1444_950_1115_808,Stable-area reworking,not_required,,,Persistent reworking,4.34938570531791,3.708722861583165,Net-area stable,False
10,2011-02-28,2023-10-17,12.632702930244974,1550.8916822287124,825.664231084725,-0.4676196664500758,0.3043336165894738,-0.5636363636363636,5.878453038674034,-0.3583955866476612,2.7853017120482244,-0.3869312836652193,-0.2753854683212283,-0.2862581309916866,66.14046556282203,-40.507965870327766,17.653647823016605,1.9124592267607308,6.717505289323413,3.809860618837546,MEDF_037,MEDF_037_cay_001,google_earth,MEDF_037__frame_508_136_1506_961_998_825,True,Requires review,MEDF_037|MEDF_037_cay_001|google_earth|MEDF_037__frame_508_136_1506_961_998_825,Complex/non-monotonic,confirmed_real_large_amplitude,目视核验：2013-2014扩大后持续萎缩，非单调真实变化,2026-09-07,Complex,46.76196664500758,17.653647823016605,Moderate net change,False
6,2007-11-05,2023-05-07,15.50202947356893,3184.0331252342767,2704.0138583613125,-0.1507582515611061,0.4247333985040295,0.2,2.2035225048923683,-0.1978866140668533,1.4174220344148472,-0.1992809627998674,-0.5025264516303924,0.2563598178709679,17.579208935836874,18.362933349722667,4.159415009456458,1.69228549653638,1.4465716191923013,0.9925076476072612,MEDF_038,MEDF_038_cay_001,google_earth,MEDF_038__frame_360_311_1525_884_1165_573,True,Requires review,MEDF_038|MEDF_038_cay_001|google_earth|MEDF_038__frame_360_311_1525_884_1165_573,Stable-area reworking,confirmed_real_large_amplitude,2.2-4.8k m2反复振荡、净面积稳定，真实动态平衡,2026-09-07,Persistent reworking,15.075825156110607,4.159415009456458,Net-area stable,False
5,2014-08-31,2023-05-07,8.681903119160557,4307.557338073183,5005.8319607112935,0.1621045450669395,0.22328316490042,0.4999999999999999,1.7212217514124295,0.1125179627021311,1.5765013920151385,0.1931275992496905,0.5528116516998092,-0.0741140196921356,45.44572641569987,-48.019042838617146,4.248129471712183,2.120823047667878,2.678598584133154,1.643018139211469,MEDF_039,MEDF_039_cay_001,google_earth,MEDF_039__frame_425_238_1348_905_923_667,True,Stable-area reworking,MEDF_039|MEDF_039_cay_001|google_earth|MEDF_039__frame_425_238_1348_905_923_667,Stable-area reworking,not_required,,,Persistent reworking,16.21045450669395,4.248129471712183,Net-area stable,False
36,2017-03-08,2025-11-16,8.69285474718851,13250.0,13400.0,0.0113207547169811,0.1797896521983558,-0.0620974305599028,1.7234042553191489,-2.6366035018465993e-09,1.6719388904512318,-0.0992708308463228,0.0462737615591771,-0.1119431476404374,78.13210076120944,20.199713024904145,10.692492134743102,0.554435306448397,0.8525512705402883,0.6427326433160079,MEDF_040,MEDF_040_cay_001,sentinel2,MEDF_040__s2frame_w72.896281_s3.598538_e72.903159_n3.604493,True,Stable-area reworking,MEDF_040|MEDF_040_cay_001|sentinel2|MEDF_040__s2frame_w72.896281_s3.598538_e72.903159_n3.604493,Stable-area reworking,not_required,,,Persistent reworking,1.13207547169811,10.692492134743102,Net-area stable,False
5,2016-02-28,2026-08-20,10.47523220873803,1280.423071251072,2362.21784836416,0.8448729184925506,0.2390112699838388,0.6,1.6420331651045423,0.1793382796139716,1.3813727195352017,-0.1397750301462149,1.3398529617321446,-0.6765690482411905,31.14670590108225,29.509044655927823,5.9082415307972,4.348891969953404,4.372556000864776,3.421036967678502,MEDF_041,MEDF_041_cay_001,google_earth,MEDF_041__frame_352_333_1690_846_1338_513,True,Sustained growth,MEDF_041|MEDF_041_cay_001|google_earth|MEDF_041__frame_352_333_1690_846_1338_513,Sustained growth,not_required,,,Net growth,84.48729184925506,5.9082415307972,Major net change,False
22,2017-03-08,2023-02-10,5.927568670130119,11500.0,19400.0,0.6869565217391305,0.2702247087720542,0.2397514411361097,1.725,0.0893840933885153,1.6881924912800292,0.0016909595325057,0.4078134567922939,-0.2883722795268252,84.29674955232909,-0.1943394268924976,6.224384008542684,0.3579655683097842,0.6100554868489787,0.4996696499142214,MEDF_044,MEDF_044_cay_001,sentinel2,MEDF_044__s2frame_w72.953617_s2.921276_e72.961804_n2.925740,True,Complex/non-monotonic,MEDF_044|MEDF_044_cay_001|sentinel2|MEDF_044__s2frame_w72.953617_s2.921276_e72.961804_n2.925740,Complex/non-monotonic,not_required,,,Complex,68.69565217391305,6.224384008542684,Major net change,False
13,2017-03-08,2025-11-01,8.651786142083685,56050.0,50300.0,-0.1025869759143621,0.1080299401575914,-0.3516483516483516,3.835616438356164,0.138526273373654,2.192270344779105,0.4982316002868878,-0.0249463279227381,0.5211178856142019,65.92278641996634,31.165264496320688,4.7461241352234325,0.5444645078580811,0.9081435704573853,0.626233583438089,MEDF_050,MEDF_050_cay_001,sentinel2,MEDF_050__s2frame_w73.485338_s3.549621_e73.508159_n3.556353,True,Requires review,MEDF_050|MEDF_050_cay_001|sentinel2|MEDF_050__s2frame_w73.485338_s3.549621_e73.508159_n3.556353,Stable-area reworking,confirmed_real_large_amplitude,单期低值(14.6k)，其余稳定于45-60k m2，真实动态平衡,2026-09-07,Persistent reworking,10.25869759143621,4.7461241352234325,Net-area stable,False
48,2017-03-08,2024-11-01,7.6524500845328784,7300.0,5900.0,-0.1917808219178082,0.0759985913397117,-0.4706657568893737,1.339622641509434,-0.2362076823091946,1.39052429315894,-0.2922185536493001,0.044861771073599,-0.3226081493525763,85.06064680088656,81.09804879781814,18.21327977495381,0.8919499487731181,1.5368723338916386,1.546463222252214,MEDF_053,MEDF_053_cay_001,sentinel2,MEDF_053__s2frame_w72.980380_s2.313185_e72.985146_n2.316168,True,Stable-area reworking,MEDF_053|MEDF_053_cay_001|sentinel2|MEDF_053__s2frame_w72.980380_s2.313185_e72.985146_n2.316168,Stable-area reworking,not_required,,,Persistent reworking,19.17808219178082,18.21327977495381,Net-area stable,False
15,2004-05-04,2023-05-27,19.06130858265399,18306.3090268713,13077.770238143848,-0.2856140350877192,0.2988829036188158,0.0428571428571428,1.829268292682927,-0.4210305662215439,1.9252958265864069,-0.4471062945420509,-0.0117504829217503,-0.4383450121596145,86.1106720080711,13.898734336828596,2.9987177170214445,0.8608786020030846,0.4957318311770046,0.591852768039823,NH_002,NH_002_cay_001,google_earth,NH_002__frame_339_71_1552_1034_1213_963,True,Complex/non-monotonic,NH_002|NH_002_cay_001|google_earth|NH_002__frame_339_71_1552_1034_1213_963,Complex/non-monotonic,not_required,,,Complex,28.56140350877192,2.9987177170214445,Moderate net change,False
5,2004-05-04,2023-05-27,19.06130858265399,1894.86356593931,4008.118186936032,1.1152542372881356,0.3137526513626539,0.7,1.8461538461538465,0.637014569634419,1.6962047657791948,0.9133818265615532,0.1478576384918621,0.7269550931426734,63.2002563769988,72.3145469741309,9.239415891283558,3.56435224876463,3.943155709004836,3.1197968260966493,NH_002,NH_002_cay_002,google_earth,NH_002__frame_339_71_1552_1034_1213_963,True,Sustained growth,NH_002|NH_002_cay_002|google_earth|NH_002__frame_339_71_1552_1034_1213_963,Sustained growth,not_required,,,Net growth,111.52542372881356,9.239415891283558,Major net change,False
30,2014-01-08,2023-06-19,9.443041267103364,2331.268103298712,2998.627265090256,0.2862644415917843,0.2291445709498327,0.4618978780389806,3.419686316928069,0.0673742929133306,1.7774461868200164,-0.0440521255022111,0.3016211155960746,-0.2740423428486405,61.44330733637989,-19.33620445083713,28.24063973511941,0.8146252498803077,3.720858588903268,2.7157115450572427,NH_015,NH_015_cay_001,google_earth,NH_015__frame_321_221_977_1011_656_790,True,Requires review,NH_015|NH_015_cay_001|google_earth|NH_015__frame_321_221_977_1011_656_790,Complex/non-monotonic,confirmed_real_large_amplitude,目视核验：2018-11 短暂砂舌扩大后回退，真实脉冲变化,2026-09-07,Complex,28.626444159178437,28.24063973511941,Moderate net change,False
10,2015-02-22,2018-12-05,3.783787483658117,1605.3288680892042,691.8165543185601,-0.5690499510284035,0.0824862759662725,-0.3454545454545454,2.210691823899371,-0.3936471454233953,1.3689291936908148,-0.3555398373214139,-0.3596303078812868,-0.0351155142169652,83.72404250740595,30.461843662019987,5.013030669228826,1.60882694011292,1.186411068301551,1.298837325878581,NH_JY_010,NH_JY_010_cay_001,google_earth,NH_JY_010__frame_481_92_1654_1011_1173_919,True,Requires review,NH_JY_010|NH_JY_010_cay_001|google_earth|NH_JY_010__frame_481_92_1654_1011_1173_919,Contraction,confirmed_real_large_amplitude,目视核验：2.2k连续缩至0.7k m2并维持新平衡，真实收缩,2026-09-07,Net contraction,56.90499510284035,5.013030669228826,Major net change,False
7,2014-02-18,2018-04-25,4.180783999671451,1662.670318091472,931.701362757408,-0.4396355353075171,0.5808575717446365,-0.4642857142857144,1.956639566395664,-0.2293649395606165,1.3890032223266566,-0.1295536532492583,-0.3483457348853798,0.3260102471404944,15.568422049946804,-8.250247464385978,2.695152550695174,1.3909041551250971,0.6194084741255876,0.9981338430999412,NH_KG_012,NH_KG_012_cay_001,google_earth,NH_KG_012__frame_437_150_1359_1053_922_903,True,Contraction,NH_KG_012|NH_KG_012_cay_001|google_earth|NH_KG_012__frame_437_150_1359_1053_922_903,Contraction,not_required,,,Net contraction,43.96355353075171,2.695152550695174,Moderate net change,False
9,2012-01-15,2019-04-29,7.285570545596419,473.9873422287285,484.808971046736,0.0228310502283106,0.6905295666785675,0.0499999999999999,4.897222222222222,-0.0945797961193709,2.8759990054852254,-0.236915959750816,0.2039887619564529,-0.2423679138734527,46.49136686395967,-26.40169380520979,54.509186538360936,5.6139727487957165,19.99301601814184,17.927065038499308,NH_NE_008,NH_NE_008_cay_001,google_earth,NH_NE_008__frame_385_171_1713_1027_1328_856,True,Requires review,NH_NE_008|NH_NE_008_cay_001|google_earth|NH_NE_008__frame_385_171_1713_1027_1328_856,Complex/non-monotonic,real_with_tide_optical_modulation,2014-10-04同框架双沙洲同步增大，为水位调制的出露脉冲；沙洲动态真实,2026-09-07,Complex,2.28310502283106,54.509186538360936,Net-area stable,False
8,2012-01-15,2018-05-06,6.305399837094533,466.7729230167234,313.105793801017,-0.329211746522411,0.7928717600447105,-0.0476190476190476,4.758017492711371,-0.2597170675681906,3.242367491547915,-0.3115040026878654,-0.0511966437429709,-0.232366680946867,48.38243605006994,9.877484822262929,45.882314468972645,4.6387893228703465,20.11220478444563,17.416319409332676,NH_NE_008,NH_NE_008_cay_002,google_earth,NH_NE_008__frame_385_171_1713_1027_1328_856,True,Requires review,NH_NE_008|NH_NE_008_cay_002|google_earth|NH_NE_008__frame_385_171_1713_1027_1328_856,Complex/non-monotonic,real_with_tide_optical_modulation,2014-10-04同框架双沙洲同步增大，为水位调制的出露脉冲；沙洲动态真实,2026-09-07,Complex,32.9211746522411,45.882314468972645,Moderate net change,False
17,2004-05-04,2022-04-22,17.966145779858586,38433.47272260653,31773.75601821456,-0.1732790776534416,0.0559210054982991,-0.3848039215686274,1.8757450710683168,-0.0057850612850501,1.7156298016713991,-0.0085835978872007,-0.3226619082431546,0.2817453331659567,18.99044079390839,-13.663566056800503,4.22038122290765,1.4269754329384774,0.8067523989070843,0.9166916138078576,NH_QF_001,NH_QF_001_cay_001,google_earth,NH_QF_001__frame_148_169_1705_1053_1557_884,True,Stable-area reworking,NH_QF_001|NH_QF_001_cay_001|google_earth|NH_QF_001__frame_148_169_1705_1053_1557_884,Stable-area reworking,not_required,,,Persistent reworking,17.32790776534416,4.22038122290765,Net-area stable,False
18,2004-05-04,2022-04-22,17.966145779858586,20428.77873607519,19288.416286693,-0.0558213716108454,0.0859165091013681,-0.4481157024639239,1.193841847445766,-0.0157904426208711,1.1135919869570177,0.0486768961303431,-0.111793250927004,0.17718512795834,19.870560659098143,-22.190800854220782,1.718162003520983,0.5238743368970168,0.2982228924846081,0.2876027918074715,NH_QF_001,NH_QF_001_cay_002,google_earth,NH_QF_001__frame_148_169_1705_1053_1557_884,True,Stable-area reworking,NH_QF_001|NH_QF_001_cay_002|google_earth|NH_QF_001__frame_148_169_1705_1053_1557_884,Stable-area reworking,not_required,,,Persistent reworking,5.58213716108454,1.718162003520983,Net-area stable,False
13,2018-05-12,2023-05-09,4.99120447374005,10912.134416644258,10461.82560674435,-0.0412667946257197,0.1455829948442784,-0.0714285714285714,1.5318435754189947,0.0402778796651026,1.30345633433137,0.1007575530107327,0.0088485954138327,0.3307951522456385,4.253818479114145,-10.534048217892687,1.4179814389059873,0.1752162219788432,0.3698817531608284,0.3398902906914442,NH_QLY_004,NH_QLY_004_cay_001,google_earth,NH_QLY_004__frame_546_12_1556_1076_1010_1064,True,Stable-area reworking,NH_QLY_004|NH_QLY_004_cay_001|google_earth|NH_QLY_004__frame_546_12_1556_1076_1010_1064,Stable-area reworking,not_required,,,Persistent reworking,4.12667946257197,1.4179814389059873,Net-area stable,False
12,2018-05-12,2023-05-09,4.99120447374005,30348.7193276728,30935.168010333146,0.0193236714975846,0.0335523185783626,-0.1328671328671329,1.1816838995568686,-0.0470300072965839,1.1061530531306187,-0.0157709693247893,0.0106697575868227,-0.0184059583600959,6.443006263078445,3.2584433642660287,0.4904281582051315,0.0252227033875703,0.1350106274061695,0.0898485679873633,NH_QLY_004,NH_QLY_004_cay_002,google_earth,NH_QLY_004__frame_546_12_1556_1076_1010_1064,True,Stable-area reworking,NH_QLY_004|NH_QLY_004_cay_002|google_earth|NH_QLY_004__frame_546_12_1556_1076_1010_1064,Stable-area reworking,not_required,,,Persistent reworking,1.93236714975846,0.4904281582051315,Net-area stable,True
14,2018-05-12,2023-05-09,4.99120447374005,44695.76745704193,46622.67027149734,0.04311152764761,0.0392728883924189,0.0176017708272223,1.10270393092479,0.0936204796191597,1.1630808649558777,0.0657447908720175,0.0520167295900027,0.0026410439081326,36.88947851244379,16.823579176720173,0.9663391547053748,0.0672176574219683,0.1375874739448979,0.0841558173374051,NH_QLY_004,NH_QLY_004_cay_003,google_earth,NH_QLY_004__frame_546_12_1556_1076_1010_1064,True,Stable-area reworking,NH_QLY_004|NH_QLY_004_cay_003|google_earth|NH_QLY_004__frame_546_12_1556_1076_1010_1064,Stable-area reworking,not_required,,,Persistent reworking,4.311152764760999,0.9663391547053748,Net-area stable,True
14,2018-05-12,2023-05-09,4.99120447374005,63378.34691893574,61524.75018981287,-0.0292465300727032,0.0238958340491041,-0.4505494505494505,1.059673580414825,-0.0104528242712662,1.0280689585600389,-0.0092679344690524,-0.0149995032100784,0.0185730518028166,1.2030050934535126,0.1698151292870875,0.6140002786386349,0.045407496478747,0.1529109068647331,0.1204362237577231,NH_QLY_004,NH_QLY_004_cay_004,google_earth,NH_QLY_004__frame_546_12_1556_1076_1010_1064,True,Stable-area reworking,NH_QLY_004|NH_QLY_004_cay_004|google_earth|NH_QLY_004__frame_546_12_1556_1076_1010_1064,Stable-area reworking,not_required,,,Persistent reworking,2.92465300727032,0.6140002786386349,Net-area stable,True
14,2018-05-12,2023-05-09,4.99120447374005,48607.17072442833,48444.85010690628,-0.0033394376817838,0.0233051499201131,0.0681318681318681,1.166867324825427,0.0017197913231407,1.085596388487026,0.0124106536257952,-0.0093715875520754,0.021815478014686,1.1171392099852966,0.3786347538580514,0.3843404381898687,0.044657405251699,0.0562994514032632,0.0389455270241027,NH_QLY_004,NH_QLY_004_cay_005,google_earth,NH_QLY_004__frame_546_12_1556_1076_1010_1064,True,Stable-area reworking,NH_QLY_004|NH_QLY_004_cay_005|google_earth|NH_QLY_004__frame_546_12_1556_1076_1010_1064,Stable-area reworking,not_required,,,Persistent reworking,0.33394376817838,0.3843404381898687,Net-area stable,True
13,2014-03-03,2019-04-23,5.139051452117429,758.3796261951077,580.4881089394651,-0.234567901234568,0.1082584775395612,0.3406593406593406,2.681818181818182,-0.0465046159909456,2.15430050763044,0.1311708239664967,-0.3435114492907933,0.8334027728469158,21.8679578639682,13.453018443983993,9.079933886103095,0.5715190594388198,1.595712854292419,1.459976621321044,NH_TX_013,NH_TX_013_cay_001,google_earth,NH_TX_013__frame_291_271_1152_971_861_700,True,Requires review,NH_TX_013|NH_TX_013_cay_001|google_earth|NH_TX_013__frame_291_271_1152_971_861_700,Contraction,confirmed_real_large_amplitude,2014-2015由1.1k阶跃缩至0.4-0.6k m2后稳定，真实收缩至新平衡,2026-09-07,Net contraction,23.4567901234568,9.079933886103095,Net-area stable,False
17,2014-10-04,2019-04-14,4.525760282552003,636.0018704439119,661.1326434401759,0.0395136778115501,0.0170477441689849,0.283435796180438,2.104895104895105,-2.570008999971607e-09,1.6169033439465137,0.0238781537262427,0.0083886547621869,0.0152118829219173,80.81386598307162,68.56113622768382,5.013791934803844,0.6564639662514871,1.0098361076492293,0.9337106443305914,NH_YSZ_011,NH_YSZ_011_cay_001,google_earth,NH_YSZ_011__frame_298_265_1179_1011_881_746,True,Requires review,NH_YSZ_011|NH_YSZ_011_cay_001|google_earth|NH_YSZ_011__frame_298_265_1179_1011_881_746,Stable-area reworking,confirmed_real_large_amplitude,孤立高值一期(1.2k)，其余稳定于0.5-0.8k m2，真实动态平衡,2026-09-07,Persistent reworking,3.9513677811550094,5.013791934803844,Net-area stable,False
10,2017-03-16,2022-05-16,5.166430522187314,1603.7063938503125,1489.810511185025,-0.0710204081632652,0.3551827324486202,-0.4666666666666666,2.0807017543859647,0.0416870415649073,1.4887613552968493,0.0859953924140129,-0.3866626685309368,0.8869782387251902,13.209621197778516,17.683166545702406,3.967869354771732,1.7205768809488484,1.2377507603207945,1.4315567357470942,NH_YSZ_016,NH_YSZ_016_cay_001,google_earth,NH_YSZ_016__frame_379_267_1540_961_1161_694,True,Requires review,NH_YSZ_016|NH_YSZ_016_cay_001|google_earth|NH_YSZ_016__frame_379_267_1540_961_1161_694,Stable-area reworking,confirmed_real_large_amplitude,孤立高低值(2.4/0.7k)，其余稳定，真实动态平衡,2026-09-07,Persistent reworking,7.10204081632652,3.967869354771732,Net-area stable,False
36,2017-03-09,2025-12-22,8.78868149243311,62050.0,52800.0,-0.1490733279613215,0.0676426098157781,-0.5801801801801801,2.118226600985221,-0.0698420539877847,2.3600522533695028,-0.1381310356671772,0.0997576261657471,-0.2408758649480046,24.27704159627757,5.209852327725997,10.102032695648935,0.0475992766583939,1.058718546534993,0.8488496852881591,OTHER_004,OTHER_004_cay_001,sentinel2,OTHER_004__s2frame_w165.244839_s11.671312_e165.260501_n11.695443,True,Requires review,OTHER_004|OTHER_004_cay_001|sentinel2|OTHER_004__s2frame_w165.244839_s11.671312_e165.260501_n11.695443,Stable-area reworking,confirmed_real_large_amplitude,伴随振荡的缓慢下降、净变化-15%，真实大幅重塑,2026-09-07,Persistent reworking,14.90733279613215,10.102032695648935,Net-area stable,False
34,2017-03-09,2025-12-22,8.78868149243311,39950.0,45500.0,0.1389236545682102,0.0899764646067356,0.3486897404935406,1.7404129793510323,0.0529516917500264,1.3287710262211463,0.0696760092105213,0.0849044509239405,0.0079224046067928,3.684762559854505,-2.063434298805376,2.870212277338763,0.0941217436981723,0.2951085165941716,0.1656152315077813,OTHER_005,OTHER_005_cay_001,sentinel2,OTHER_005__s2frame_w165.216334_s11.573557_e165.223212_n11.585293,True,Stable-area reworking,OTHER_005|OTHER_005_cay_001|sentinel2|OTHER_005__s2frame_w165.216334_s11.573557_e165.223212_n11.585293,Stable-area reworking,not_required,,,Persistent reworking,13.892365456821022,2.870212277338763,Net-area stable,False
40,2017-03-09,2025-12-22,8.78868149243311,46600.0,45600.0,-0.0214592274678111,0.0669146988828745,0.1504458166585401,1.2808398950131237,-0.0081856734552296,1.172329231574535,-0.0526709028740698,-0.0244714564956787,-0.0299262102350106,23.97900002651528,-9.813669849861355,3.63537529710916,0.0799519082598708,0.2081154164056524,0.1848413441734526,OTHER_006,OTHER_006_cay_001,sentinel2,OTHER_006__s2frame_w165.222268_s11.563763_e165.231191_n11.577866,True,Stable-area reworking,OTHER_006|OTHER_006_cay_001|sentinel2|OTHER_006__s2frame_w165.222268_s11.563763_e165.231191_n11.577866,Stable-area reworking,not_required,,,Persistent reworking,2.14592274678111,3.63537529710916,Net-area stable,False
7,2004-03-16,2026-08-20,22.428934201249856,46927.00434153345,44552.78826611777,-0.0505938128531751,0.0102561881812061,-0.7142857142857144,1.1167846309403435,-0.0135675760711744,1.0609174882084522,-0.005307864249068,-0.0372677784301878,0.0332206373705983,18.33430612989017,-2.5463428515559485,0.770746260458815,0.1244782668989028,0.3217836174807625,0.2563587661072308,OTHER_007,OTHER_007_cay_001,google_earth,OTHER_007__frame_731_169_1240_940_509_771,True,Stable-area reworking,OTHER_007|OTHER_007_cay_001|google_earth|OTHER_007__frame_731_169_1240_940_509_771,Stable-area reworking,not_required,,,Persistent reworking,5.05938128531751,0.770746260458815,Net-area stable,True
39,2017-03-09,2025-11-07,8.665475677118627,9700.0,10500.0,0.0824742268041237,0.1105198103134335,0.1124977441331337,1.3333333333333333,0.0548304226133177,1.1952621480173626,0.0109010892496701,0.0020983536023418,0.0145072843170267,38.28164549990527,-29.56995819318192,8.253905500085516,0.1300228601763852,0.4048189445621172,0.3439134280999828,OTHER_008,OTHER_008_cay_001,sentinel2,OTHER_008__s2frame_w165.241721_s11.543741_e165.258432_n11.561354,True,Stable-area reworking,OTHER_008|OTHER_008_cay_001|sentinel2|OTHER_008__s2frame_w165.241721_s11.543741_e165.258432_n11.561354,Stable-area reworking,not_required,,,Persistent reworking,8.24742268041237,8.253905500085516,Net-area stable,False
22,2017-03-09,2025-01-26,7.885172180126902,23250.0,34400.0,0.4795698924731182,0.1750302083797262,0.4316384869671106,1.4153846153846157,0.3959105314410318,1.2512907267732456,0.2370363751554868,0.260721925670787,-0.0578843470653169,31.01020264050554,12.27293366806957,3.96602472426298,0.249933575443824,0.6134556508956327,0.3462150223868847,OTHER_008,OTHER_008_cay_002,sentinel2,OTHER_008__s2frame_w165.241721_s11.543741_e165.258432_n11.561354,True,Sustained growth,OTHER_008|OTHER_008_cay_002|sentinel2|OTHER_008__s2frame_w165.241721_s11.543741_e165.258432_n11.561354,Sustained growth,not_required,,,Net growth,47.956989247311824,3.96602472426298,Moderate net change,False
10,2014-10-10,2022-02-21,7.367707755806074,25155.896094104308,51571.555372889896,1.050078247261346,0.2414827379500401,0.5636363636363636,2.893448047650562,1.2198287426119656,2.2882320278764587,1.3715055970847774,0.1765789452361907,1.0157294998157802,9.9750935136462,9.613222476381992,8.182377048952489,2.703974549541184,3.02130588951122,2.568389862107848,OTHER_023,OTHER_023_cay_001,google_earth,OTHER_023__frame_487_88_1448_884_961_796,True,Requires review,OTHER_023|OTHER_023_cay_001|google_earth|OTHER_023__frame_487_88_1448_884_961_796,Stable-area reworking,real_with_tide_optical_modulation,目视核验：沙嘴尺度稳定于43-69k m2；2014-10至12雾霭致低估，沙洲真实稳定,2026-09-07,Persistent reworking,105.0078247261346,8.182377048952489,Major net change,False
15,2021-12-20,2025-12-29,4.024723300273106,96550.0,140900.0,0.4593474883480062,0.0628788253026305,0.0928571428571428,14.401515151515152,0.3873410985487971,2.8801589637457146,0.2204381117479189,0.5849517513083146,-0.460665009458053,15.917846056569374,-4.96067119932674,6.462652338319999,0.4127912803624409,1.0567807302134855,0.601638278582083,OTHER_024,OTHER_024_cay_001,sentinel2,OTHER_024__s2frame_w72.078356_s11.190752_e72.101006_n11.216810,True,Requires review,OTHER_024|OTHER_024_cay_001|sentinel2|OTHER_024__s2frame_w72.078356_s11.190752_e72.101006_n11.216810,Complex/non-monotonic,real_with_tide_optical_modulation,目视核验：高低水位出露面积双峰切换，真实但受水位调制的大幅变化,2026-09-07,Complex,45.93474883480062,6.462652338319999,Moderate net change,False
10,2005-03-15,2024-03-08,18.98190927945132,25672.29704267668,16590.140306123165,-0.3537726570184066,0.0318601075670162,-0.5515151515151515,1.8276110790536644,-0.1889493857527449,1.2592915488178014,-0.1621354226203262,-0.2213490541174913,0.071070882504976,9.648779437149614,2.1254307651753663,1.621741681958306,0.1525300636939446,0.3184213861755389,0.2670487401807097,OTHER_025,OTHER_025_cay_001,google_earth,OTHER_025__frame_469_117_1052_1007_583_890,True,Contraction,OTHER_025|OTHER_025_cay_001|google_earth|OTHER_025__frame_469_117_1052_1007_583_890,Contraction,not_required,,,Net contraction,35.37726570184066,1.621741681958306,Moderate net change,False
