vegetation_fraction_median,mobility_median,mobility_q25,mobility_q75,n,sensor
0.0034075110366785,7.641193004378387,6.283951090987013,12.45350913876969,10,sentinel2
0.0159313725490196,4.350303689443562,3.436154753235,5.681282039245215,9,sentinel2
0.0559210526315789,4.538285827527378,3.803889562908696,8.253905500085516,9,sentinel2
0.1364097185806676,3.96602472426298,3.2194588088098675,4.840463406152107,9,sentinel2
0.3066454577589254,2.870212277338763,1.821147040349951,6.972406713626878,9,sentinel2
0.4400058725074284,2.291586041020367,0.8367299119220992,4.22897946513469,10,sentinel2
0.0,7.166103023612391,4.225950856148252,9.897216235924173,12,google_earth
0.0225821281114365,8.182377048952489,3.4470881156112334,13.73560859527842,7,google_earth
0.0654545454545454,2.9987177170214445,2.5836147829642244,3.967869354771732,5,google_earth
0.2048757208162424,3.854472242749509,1.9624096403145308,8.18300990216363,6,google_earth
0.4641036834110001,0.9663391547053748,0.692373269548725,5.3508377840307,7,google_earth
