window_days,event_pair_id,sid,storm_name,reef_id,sand_cay_id,sensor,reference_frame_id,event_time_utc,pre_date,post_date,pre_lag_days,post_lag_days,pair_span_days,nearest_dist_km,wind_at_nearest_ms,storm_max_wind_ms,inside_r34,storm_center_bearing_from_cay_deg,storm_motion_bearing_deg,local_duration_within_250km_h,local_duration_within_100km_h,local_r34_duration_approx_h,center_wind_ge17_5_within_250km_h,quality_grade_pre,quality_grade_post,development_stage_pre,development_stage_post,pre_image_id,post_image_id,pre_mask_path,post_mask_path,response_status,response_qc_flag,area_pre_m2,area_post_m2,erosion_area_m2,deposition_area_m2,gross_boundary_change_m2,erosion_fraction,deposition_fraction,gross_mobility_fraction,net_area_fraction,centroid_shift_m,centroid_shift_normalized,redistribution_balance_index,vegetation_fraction_pre,vegetation_fraction_post,pair_number
60,2021346N05145__NH_015_cay_001__sentinel2__2021-10-28__2022-01-16,2021346N05145,RAI,NH_015,NH_015_cay_001,sentinel2,NH_015__s2frame_w114.249838_s11.068810_e114.262112_n11.082607,2021-12-18 06:00:00,2021-10-28,2022-01-16,51,29,80,50.2,59.2,77.1666,1,73.83342898495827,291.53856871330896,18.0,6.0,21.0,18.0,B,B,stage3_stable_exposed,stage3_stable_exposed,s2__NH_015__NH_015_cay_001__2021-10-28__S2A_50PKT_20211028_1_L2A,s2__NH_015__NH_015_cay_001__2022-01-16__S2A_50PKT_20220116_0_L2A,local://Users\wmz\Desktop\沙洲演化驱动与植被作用项目\data\source_dataset\outputs\sentinel2_annotations\master_masks\s2__NH_015__NH_015_cay_001__2021-10-28__S2A_50PKT_20211028_1_L2A_mask.png,local://Users\wmz\Desktop\沙洲演化驱动与植被作用项目\data\source_dataset\outputs\sentinel2_annotations\master_masks\s2__NH_015__NH_015_cay_001__2022-01-16__S2A_50PKT_20220116_0_L2A_mask.png,ok,within_screening_range,42000.0,11400.0,32700.0,2100.0,34800.0,0.7785714285714286,0.05,0.8285714285714286,-0.7285714285714285,64.11783417470258,0.5545352207224656,0.1206896551724138,0.1047619047619047,0.1403508771929824,1
60,2022008S13148__GBR_037_cay_001__sentinel2__2021-11-22__2022-02-15,2022008S13148,TIFFANY,GBR_037,GBR_037_cay_001,sentinel2,GBR_037__s2frame_w144.498897_s-13.992049_e144.539268_n-13.969822,2022-01-09 21:00:00,2021-11-22,2022-02-15,48,37,85,13.2,30.9,30.86664,1,181.8360955634732,253.49307800873987,33.0,15.0,15.0,30.0,B,B,stage3_stable_exposed,stage3_stable_exposed,s2__GBR_037__GBR_037_cay_001__2021-11-22__S2A_55LBE_20211122_0_L2A,s2__GBR_037__GBR_037_cay_001__2022-02-15__S2B_55LBE_20220215_0_L2A,local://Users\wmz\Desktop\沙洲演化驱动与植被作用项目\data\source_dataset\outputs\sentinel2_annotations\master_masks\s2__GBR_037__GBR_037_cay_001__2021-11-22__S2A_55LBE_20211122_0_L2A_mask.png,local://Users\wmz\Desktop\沙洲演化驱动与植被作用项目\data\source_dataset\outputs\sentinel2_annotations\master_masks\s2__GBR_037__GBR_037_cay_001__2022-02-15__S2B_55LBE_20220215_0_L2A_mask.png,ok,within_screening_range,105800.0,63800.0,42000.0,0.0,42000.0,0.3969754253308128,0.0,0.3969754253308128,-0.3969754253308128,18.68975103951221,0.1018440400031639,0.0,0.0226843100189035,0.0815047021943573,2
60,2022008S13148__GBR_036_cay_001__sentinel2__2021-12-17__2022-02-13,2022008S13148,TIFFANY,GBR_036,GBR_036_cay_001,sentinel2,GBR_036__s2frame_w143.830501_s-13.931918_e143.847229_n-13.901650,2022-01-10 03:00:00,2021-12-17,2022-02-13,24,34,58,57.3,27.3,30.86664,1,161.94272817783795,238.15542824732907,33.0,15.0,9.0,24.0,B,B,stage3_stable_exposed,stage3_stable_exposed,s2__GBR_036__GBR_036_cay_001__2021-12-17__S2B_54LYK_20211217_1_L2A,s2__GBR_036__GBR_036_cay_001__2022-02-13__S2A_54LZK_20220213_0_L2A,local://Users\wmz\Desktop\沙洲演化驱动与植被作用项目\data\source_dataset\outputs\sentinel2_annotations\master_masks\s2__GBR_036__GBR_036_cay_001__2021-12-17__S2B_54LYK_20211217_1_L2A_mask.png,local://Users\wmz\Desktop\沙洲演化驱动与植被作用项目\data\source_dataset\outputs\sentinel2_annotations\master_masks\s2__GBR_036__GBR_036_cay_001__2022-02-13__S2A_54LZK_20220213_0_L2A_mask.png,ok,within_screening_range,76900.0,47900.0,29000.0,0.0,29000.0,0.377113133940182,0.0,0.377113133940182,-0.377113133940182,58.8580607253195,0.376199067895424,0.0,0.0559167750325097,0.9144050104384134,3
60,2019074S08151__GBR_034_cay_001__sentinel2__2019-02-11__2019-05-10,2019074S08151,TREVOR,GBR_034,GBR_034_cay_001,sentinel2,GBR_034__s2frame_w143.967362_s-13.446298_e143.984973_n-13.434812,2019-03-19 03:00:00,2019-02-11,2019-05-10,36,52,88,49.3,51.4,56.588840000000005,1,350.9429755213185,269.9550096156464,66.0,21.0,39.0,66.0,B,B,stage3_stable_exposed,stage3_stable_exposed,s2__GBR_034__GBR_034_cay_001__2019-02-11__S2B_54LZL_20190211_0_L2A,s2__GBR_034__GBR_034_cay_001__2019-05-10__S2A_54LZL_20190510_0_L2A,local://Users\wmz\Desktop\沙洲演化驱动与植被作用项目\data\source_dataset\outputs\sentinel2_annotations\master_masks\s2__GBR_034__GBR_034_cay_001__2019-02-11__S2B_54LZL_20190211_0_L2A_mask.png,local://Users\wmz\Desktop\沙洲演化驱动与植被作用项目\data\source_dataset\outputs\sentinel2_annotations\master_masks\s2__GBR_034__GBR_034_cay_001__2019-05-10__S2A_54LZL_20190510_0_L2A_mask.png,ok,within_screening_range,55100.0,55700.0,7800.0,8400.0,16200.0,0.1415607985480943,0.1524500907441016,0.294010889292196,0.0108892921960072,13.515331039760428,0.1020530114130644,0.9629629629629628,0.0108892921960072,0.0610412926391382,4
60,2022008S13148__GBR_038_cay_001__sentinel2__2021-11-22__2022-02-15,2022008S13148,TIFFANY,GBR_038,GBR_038_cay_001,sentinel2,GBR_038__s2frame_w144.844101_s-14.335245_e144.865120_n-14.310763,2022-01-09 18:00:00,2021-11-22,2022-02-15,48,37,85,24.9,30.9,30.86664,1,12.410586931383312,263.35683930181347,36.0,15.0,18.0,33.0,B,B,stage3_stable_exposed,stage3_stable_exposed,s2__GBR_038__GBR_038_cay_001__2021-11-22__S2A_55LBE_20211122_0_L2A,s2__GBR_038__GBR_038_cay_001__2022-02-15__S2B_55LBE_20220215_0_L2A,local://Users\wmz\Desktop\沙洲演化驱动与植被作用项目\data\source_dataset\outputs\sentinel2_annotations\master_masks\s2__GBR_038__GBR_038_cay_001__2021-11-22__S2A_55LBE_20211122_0_L2A_mask.png,local://Users\wmz\Desktop\沙洲演化驱动与植被作用项目\data\source_dataset\outputs\sentinel2_annotations\master_masks\s2__GBR_038__GBR_038_cay_001__2022-02-15__S2B_55LBE_20220215_0_L2A_mask.png,ok,within_screening_range,76200.0,61000.0,17100.0,1900.0,19000.0,0.2244094488188976,0.0249343832020997,0.2493438320209973,-0.1994750656167979,30.86397760329636,0.1981752185577198,0.2,0.0682414698162729,0.2278688524590164,5
60,2018082S12164__GBR_101_cay_001__sentinel2__2018-02-15__2018-04-26,2018082S12164,IRIS,GBR_101,GBR_101_cay_001,sentinel2,GBR_101__s2frame_w149.178258_s-16.955359_e149.212373_n-16.920613,2018-04-03 00:00:00,2018-02-15,2018-04-26,47,23,70,27.3,23.1,28.29442,1,230.41032371180805,142.66343644013608,93.0,39.0,42.0,48.0,A,A,stage3_stable_exposed,stage3_stable_exposed,s2__GBR_101__GBR_101_cay_001__2018-02-15__S2A_55KGB_20180215_0_L2A,s2__GBR_101__GBR_101_cay_001__2018-04-26__S2A_55KGB_20180426_0_L2A,local://Users\wmz\Desktop\沙洲演化驱动与植被作用项目\data\source_dataset\outputs\sentinel2_annotations\master_masks\s2__GBR_101__GBR_101_cay_001__2018-02-15__S2A_55KGB_20180215_0_L2A_mask.png,local://Users\wmz\Desktop\沙洲演化驱动与植被作用项目\data\source_dataset\outputs\sentinel2_annotations\master_masks\s2__GBR_101__GBR_101_cay_001__2018-04-26__S2A_55KGB_20180426_0_L2A_mask.png,ok,within_screening_range,479500.0,569200.0,0.0,89700.0,89700.0,0.0,0.1870698644421272,0.1870698644421272,0.1870698644421272,38.01088648320452,0.0972945757889858,0.0,0.7503649635036497,0.2607167955024596,6
60,2017202N16116__NH_QF_001_cay_001__sentinel2__2017-06-14__2017-08-08,2017202N16116,SONCA,NH_QF_001,NH_QF_001_cay_001,sentinel2,NH_QF_001__s2frame_w111.640857_s16.556175_e111.694292_n16.584995,2017-07-23 21:00:00,2017-06-14,2017-08-08,39,16,55,70.6,18.0,23.14998,1,325.92323170466364,242.4079589807732,84.0,21.0,6.0,45.0,B,B,stage3_stable_exposed,stage3_stable_exposed,s2__NH_QF_001__NH_QF_001_cay_001__2017-06-14__S2A_49QEU_20170614_0_L2A,s2__NH_QF_001__NH_QF_001_cay_001__2017-08-08__S2B_49QEU_20170808_0_L2A,local://Users\wmz\Desktop\沙洲演化驱动与植被作用项目\data\source_dataset\outputs\sentinel2_annotations\master_masks\s2__NH_QF_001__NH_QF_001_cay_001__2017-06-14__S2A_49QEU_20170614_0_L2A_mask.png,local://Users\wmz\Desktop\沙洲演化驱动与植被作用项目\data\source_dataset\outputs\sentinel2_annotations\master_masks\s2__NH_QF_001__NH_QF_001_cay_001__2017-08-08__S2B_49QEU_20170808_0_L2A_mask.png,ok,within_screening_range,135200.0,147600.0,4300.0,16700.0,21000.0,0.0318047337278106,0.1235207100591716,0.1553254437869822,0.0917159763313609,16.63612563603167,0.0801934286530589,0.4095238095238095,0.0014792899408284,0.0013550135501355,7
60,2019074S08151__GBR_033_cay_001__sentinel2__2019-02-11__2019-05-10,2019074S08151,TREVOR,GBR_033,GBR_033_cay_001,sentinel2,GBR_033__s2frame_w143.951201_s-13.374566_e143.970006_n-13.361995,2019-03-19 03:00:00,2019-02-11,2019-05-10,36,52,88,41.0,51.4,56.588840000000005,1,351.7388647224756,269.9550096156464,69.0,21.0,39.0,69.0,B,B,stage3_stable_exposed,stage3_stable_exposed,s2__GBR_033__GBR_033_cay_001__2019-02-11__S2B_54LZL_20190211_0_L2A,s2__GBR_033__GBR_033_cay_001__2019-05-10__S2A_54LZL_20190510_0_L2A,local://Users\wmz\Desktop\沙洲演化驱动与植被作用项目\data\source_dataset\outputs\sentinel2_annotations\master_masks\s2__GBR_033__GBR_033_cay_001__2019-02-11__S2B_54LZL_20190211_0_L2A_mask.png,local://Users\wmz\Desktop\沙洲演化驱动与植被作用项目\data\source_dataset\outputs\sentinel2_annotations\master_masks\s2__GBR_033__GBR_033_cay_001__2019-05-10__S2A_54LZL_20190510_0_L2A_mask.png,ok,within_screening_range,75300.0,70900.0,7700.0,3300.0,11000.0,0.1022576361221779,0.0438247011952191,0.1460823373173971,-0.0584329349269588,9.321542948636488,0.060209532227949,0.6,0.0610889774236387,0.0874471086036671,8
60,2021058S14149__GBR_085_cay_001__sentinel2__2021-02-21__2021-04-27,2021058S14149,NIRAN,GBR_085,GBR_085_cay_001,sentinel2,GBR_085__s2frame_w158.596811_s-19.127764_e158.609914_n-19.117239,2021-03-05 12:00:00,2021-02-21,2021-04-27,12,53,65,127.3,72.0,72.02216,1,51.755082093843306,115.0361194648928,12.0,0.0,12.0,12.0,B,B,stage4_stable_vegetated,stage4_stable_vegetated,s2__GBR_085__GBR_085_cay_001__2021-02-21__S2B_57KVU_20210221_0_L2A,s2__GBR_085__GBR_085_cay_001__2021-04-27__S2A_57KVU_20210427_0_L2A,local://Users\wmz\Desktop\沙洲演化驱动与植被作用项目\data\source_dataset\outputs\sentinel2_annotations\master_masks\s2__GBR_085__GBR_085_cay_001__2021-02-21__S2B_57KVU_20210221_0_L2A_mask.png,local://Users\wmz\Desktop\沙洲演化驱动与植被作用项目\data\source_dataset\outputs\sentinel2_annotations\master_masks\s2__GBR_085__GBR_085_cay_001__2021-04-27__S2A_57KVU_20210427_0_L2A_mask.png,ok,within_screening_range,63900.0,64300.0,3200.0,3600.0,6800.0,0.0500782472613458,0.056338028169014,0.1064162754303599,0.0062597809076682,10.133852676133165,0.0710557280364696,0.9411764705882352,0.2237871674491393,0.4572317262830482,9
60,2022008S13148__GBR_104_cay_001__sentinel2__2021-11-22__2022-02-15,2022008S13148,TIFFANY,GBR_104,GBR_104_cay_001,sentinel2,GBR_104__s2frame_w144.870165_s-14.438563_e144.904634_n-14.412680,2022-01-09 18:00:00,2021-11-22,2022-02-15,48,37,85,35.3,30.9,30.86664,1,3.4923525735154355,263.35683930181347,36.0,15.0,18.0,33.0,B,B,stage3_stable_exposed,stage3_stable_exposed,s2__GBR_104__GBR_104_cay_001__2021-11-22__S2A_55LBE_20211122_0_L2A,s2__GBR_104__GBR_104_cay_001__2022-02-15__S2B_55LBE_20220215_0_L2A,local://Users\wmz\Desktop\沙洲演化驱动与植被作用项目\data\source_dataset\outputs\sentinel2_annotations\master_masks\s2__GBR_104__GBR_104_cay_001__2021-11-22__S2A_55LBE_20211122_0_L2A_mask.png,local://Users\wmz\Desktop\沙洲演化驱动与植被作用项目\data\source_dataset\outputs\sentinel2_annotations\master_masks\s2__GBR_104__GBR_104_cay_001__2022-02-15__S2B_55LBE_20220215_0_L2A_mask.png,ok,within_screening_range,125900.0,119400.0,7300.0,800.0,8100.0,0.0579825258141382,0.0063542494042891,0.0643367752184273,-0.051628276409849,5.29104480190515,0.0264303862701128,0.1975308641975308,0.0555996822875297,0.5695142378559463,10
60,2018082S12164__GBR_102_cay_001__sentinel2__2018-02-15__2018-04-26,2018082S12164,IRIS,GBR_102,GBR_102_cay_001,sentinel2,GBR_102__s2frame_w149.119644_s-17.026707_e149.168282_n-16.968308,2018-04-03 00:00:00,2018-02-15,2018-04-26,47,23,70,19.2,23.1,28.29442,1,228.38980132672583,142.66343644013608,93.0,39.0,42.0,48.0,A,B,stage3_stable_exposed,stage3_stable_exposed,s2__GBR_102__GBR_102_cay_001__2018-02-15__S2A_55KGB_20180215_0_L2A,s2__GBR_102__GBR_102_cay_001__2018-04-26__S2A_55KGB_20180426_0_L2A,local://Users\wmz\Desktop\沙洲演化驱动与植被作用项目\data\source_dataset\outputs\sentinel2_annotations\master_masks\s2__GBR_102__GBR_102_cay_001__2018-02-15__S2A_55KGB_20180215_0_L2A_mask.png,local://Users\wmz\Desktop\沙洲演化驱动与植被作用项目\data\source_dataset\outputs\sentinel2_annotations\master_masks\s2__GBR_102__GBR_102_cay_001__2018-04-26__S2A_55KGB_20180426_0_L2A_mask.png,ok,within_screening_range,248700.0,248200.0,7200.0,6700.0,13900.0,0.0289505428226779,0.0269400884599919,0.0558906312826698,-0.0020104543626859,5.017697825150435,0.0178337037305881,0.9640287769784172,0.04583835946924,0.0938759065269943,11
