outcome,lag_months,status,n_intervals,n_cays,n_reefs,coefficient_per_1c,cluster_robust_se,ci95_low,ci95_high,two_sided_p_value,two_way_cluster_se,two_way_ci95_low,two_way_ci95_high,two_way_cluster_p_value,leave_one_year_out_n,leave_one_year_out_min_coefficient,leave_one_year_out_max_coefficient,leave_one_year_out_same_sign_fraction,leave_one_year_out_all_same_sign,adj_r_squared,fdr_q_value,two_way_cluster_fdr_q_value,time_robust_supported
annualized_log_area_change,0,ok,1012,63,59,-0.000720032853129,0.0334777580080169,-0.0663352328319896,0.0648951671257315,0.9828405830841416,0.0333299618883358,-0.06604555776036,0.0646054920541018,0.982764504341216,9,-0.0245700219487095,0.0477431830336194,0.7777777777777778,False,0.0043473976588633,0.9828405830841416,0.982764504341216,False
annualized_log_area_change,3,ok,1012,63,59,-0.0144504809699266,0.0316745572706738,-0.0765314724466987,0.0476305105068453,0.648233726840246,0.0252523437690515,-0.063944165282492,0.0350432033426387,0.5671572521032076,9,-0.0526061195304149,0.0262238730972869,0.7777777777777778,False,0.0044728912182701,0.7562726813136205,0.7230417025134875,False
annualized_log_area_change,6,ok,1012,63,59,-0.0474974546235785,0.0330317236039216,-0.1122384432345464,0.0172435339873894,0.1504526426132472,0.0224627162833118,-0.0915235695338111,-0.0034713397133459,0.0344724288747549,9,-0.0902403735016268,-0.0152667799398734,1.0,True,0.0056858040028671,0.3510561660975769,0.0804356673744282,False
annualized_log_area_change,9,ok,1012,63,59,-0.0820077548699889,0.0345487561540938,-0.1497220726426694,-0.0142934370973083,0.0176117189986939,0.0241563620738003,-0.1293533545321469,-0.0346621552078309,0.000686607172603,9,-0.110957662507266,-0.0664302895603381,1.0,True,0.0084343979490089,0.0629134863185785,0.0048062502082212,False
annualized_log_area_change,12,ok,1012,63,59,-0.0874324959268245,0.0369517356957989,-0.1598565670568336,-0.0150084247968155,0.0179752818053081,0.0284542939041486,-0.1432018871844735,-0.0316631046691755,0.0021210697400187,9,-0.116075170699456,-0.0615020763050776,1.0,True,0.0092144465084593,0.0629134863185785,0.0074237440900655,False
annualized_log_area_change,18,ok,1012,63,59,-0.0175092081550514,0.0359089872858364,-0.0878895299565976,0.0528711136464947,0.625833472679822,0.0352862637648492,-0.0866690142831366,0.0516505979730337,0.6197500307258464,9,-0.0333088060138158,-0.0020260979600339,1.0,True,0.0046273628351484,0.7562726813136205,0.7230417025134875,False
annualized_log_area_change,24,ok,1012,63,59,-0.0391871184205477,0.0347768541240025,-0.1073484999991959,0.0289742631581004,0.2598202506546396,0.0343652221875107,-0.1065417162287855,0.02816747938769,0.2541558169189759,9,-0.0650345145637478,-0.0154530841155813,1.0,True,0.005360505205405,0.4546854386456194,0.4447726796082079,False
log_gross_mobility,0,ok,988,63,59,0.0855122210013293,0.0243536763166237,0.0377798925296007,0.1332445494730579,0.0004459789088536,0.0351456699053821,0.016627973774247,0.1543964682284116,0.0149709992357421,9,0.0630358531073107,0.1335204041466453,1.0,True,0.1127011519570674,0.0010406174539919,0.034932331550065,True
log_gross_mobility,3,ok,988,63,59,0.0847447411173003,0.021301631178772,0.0429943111949517,0.126495171039649,6.94034336489334e-05,0.0275502155896803,0.0307473107952128,0.1387421714393878,0.0020979074610191,9,0.0652206907604991,0.1002999848009282,1.0,True,0.112014790545043,0.0004858240355425,0.0085913941244469,True
log_gross_mobility,6,ok,988,63,59,0.0552026295822892,0.0214445970048959,0.0131719917897177,0.0972332673748607,0.0100472880707979,0.0261850734758909,0.0038808286370078,0.1065244305275706,0.0350161444888986,9,0.0370694866951196,0.0676008834152555,1.0,True,0.1041402065080707,0.0175827541238964,0.0612782528555727,False
log_gross_mobility,9,ok,988,63,59,0.0019187873083084,0.0236869599354386,-0.0445068010683945,0.0483443756850113,0.9354371328081168,0.0333611672297001,-0.0634678989441216,0.0673054735607385,0.954134485444983,9,-0.0212085001629467,0.0197623626551399,0.5555555555555556,False,0.0986860343399865,0.9354371328081168,0.954134485444983,False
log_gross_mobility,12,ok,988,63,59,-0.0150967941775141,0.0255282533923151,-0.0651312514146643,0.0349376630596359,0.5542685751815007,0.0342168734897911,-0.0821606338810682,0.0519670455260398,0.6590616635139003,9,-0.0389357027365521,0.0036272844044094,0.8888888888888888,False,0.0991199190859957,0.6466466710450842,0.7689052740995503,False
log_gross_mobility,18,ok,988,63,59,-0.0223388417466194,0.017000897153257,-0.0556599878718728,0.010982304378634,0.1888528772659948,0.0218866976497707,-0.0652359808806875,0.0205582973874486,0.3074163114938316,9,-0.032906534284355,-0.0084417656671573,1.0,True,0.1000806303051256,0.2643940281723928,0.4303828360913643,False
log_gross_mobility,24,ok,988,63,59,-0.0870957513680364,0.023076318216421,-0.1323245039680073,-0.0418669987680655,0.0001604909481617,0.0287551742846168,-0.1434548573350578,-0.0307366454010151,0.0024546840355562,9,-0.1249571485755923,-0.0672119591876603,1.0,True,0.1140138129201941,0.000561718318566,0.0085913941244469,True
