current_along_mean,major_axis_change_m_per_year,current_rank,axis_rank
-0.1033196705342846,27.353253306413173,0.2306843267108168,0.6291390728476821
-0.1220835393603983,47.45837489114152,0.1865342163355408,0.6942604856512141
-0.2303078460957756,748.075578654352,0.0849889624724061,0.9867549668874172
-0.0314342311489716,156.38401453860976,0.3951434878587196,0.8543046357615894
-0.0824616210691169,-609.9440510065481,0.2737306843267108,0.0132450331125827
-0.1408535989923094,76.84917359884213,0.1567328918322295,0.7726269315673289
-0.0031756145255963,32.68740146657266,0.4757174392935982,0.6556291390728477
-0.1401162096026387,528.0950864761777,0.1578366445916114,0.9757174392935982
-0.0034036883465467,-139.5857249855427,0.4746136865342163,0.1754966887417218
-0.0430421317639332,104.61514571678002,0.3675496688741722,0.8079470198675497
-0.1519491909137799,-810.531500179709,0.1434878587196468,0.0066225165562913
-0.0189656724959697,-571.6756558843844,0.4172185430463576,0.0176600441501103
-0.180128555974134,449.3713898798373,0.1114790286975717,0.9668874172185432
0.0749387782597779,-623.7905486966403,0.7273730684326711,0.009933774834437
-0.1262697341835657,-230.77010389074104,0.1821192052980132,0.0982339955849889
-0.0175554391107426,-77.89394632894657,0.4216335540838852,0.2759381898454746
-0.0613765715599435,247.51316919020528,0.3200883002207506,0.9161147902869756
-0.1787592129083567,450.0439448260692,0.1147902869757174,0.9679911699779248
0.2512200407795737,-405.7495484142877,0.977924944812362,0.0408388520971302
0.1989235259820073,-298.88962908816444,0.9481236203090508,0.0684326710816777
0.0955656969453264,-32.89379089615698,0.7803532008830022,0.3863134657836644
0.2288958055367337,-64.68634582406457,0.9657836644591612,0.2980132450331126
0.0567050841641903,-100.67867580907908,0.6766004415011038,0.2284768211920529
-0.135151198599036,-9.97544167265223,0.1688741721854304,0.4768211920529801
-0.0331439494095492,436.0755541989664,0.3918322295805739,0.9613686534216336
0.2513721041417511,-548.4035199706451,0.979028697571744,0.020971302428256
-0.055630171840545,566.2476451031556,0.3355408388520971,0.97682119205298
-0.0189152959207257,445.8553968665974,0.4183222958057395,0.9657836644591612
-0.0082297288886178,-142.25364887150042,0.4569536423841059,0.1721854304635761
0.1921588331444476,-416.4099524214682,0.9426048565121412,0.0386313465783664
0.0554053729817981,444.64091248689857,0.6721854304635762,0.9646799116997792
0.0177643913837445,110.93135371421803,0.5474613686534217,0.8178807947019867
0.2848179346175,-159.92520325847593,0.9889624724061812,0.1545253863134658
0.0633377754034537,379.78260217965305,0.6986754966887417,0.9503311258278144
0.2558460140565765,-349.2680450530314,0.9823399558498896,0.0596026490066225
0.0053855953039781,219.81050706733143,0.5044150110375276,0.9017660044150112
0.0870227780411766,-286.4058280206641,0.760485651214128,0.0717439293598234
0.1524545687531404,24.78820273489939,0.890728476821192,0.6258278145695364
-0.1509576139601551,-162.91840257347977,0.1445916114790287,0.1479028697571744
-0.092868610148273,72.47320309427256,0.2483443708609271,0.7560706401766004
-0.1079803607311067,-162.0650452811201,0.2163355408388521,0.1490066225165563
-0.0909946018230585,32.92346854104852,0.2538631346578366,0.6567328918322296
-0.0953409892241574,13.740192979470391,0.2428256070640176,0.5827814569536424
-0.0379080119762096,302.28060059560346,0.3774834437086092,0.9315673289183224
-0.1815322486825604,-191.5118733075257,0.1070640176600441,0.1269315673289183
-0.0788143974858021,-99.2172378160339,0.2792494481236203,0.2317880794701986
-0.1437000123236338,98.32194770517616,0.152317880794702,0.7991169977924945
-0.032717629796897,242.1118706424675,0.3929359823399558,0.911699779249448
-0.0801644301192693,-210.28764502579824,0.2770419426048565,0.1125827814569536
-0.1773928177925972,66.28441207648126,0.1169977924944812,0.7428256070640177
-0.0119051993339701,74.238665357349,0.4448123620309051,0.7637969094922737
-0.1443576743166809,-12.977505824910931,0.1501103752759381,0.4635761589403973
-0.0097499942750853,-103.95383361976118,0.445916114790287,0.2207505518763796
-0.0373959189683898,31.12671053870585,0.3807947019867549,0.6501103752759382
-0.1067778579875271,-351.5264701057366,0.2240618101545254,0.0584988962472406
-0.1049626678003162,146.41056951527938,0.2262693156732891,0.8498896247240618
-0.0654650370440055,-23.05549476225844,0.3123620309050772,0.4216335540838852
-0.1095763527518596,9.363879345764458,0.2119205298013245,0.5662251655629139
-0.0688624314613097,4.002300336377786,0.3079470198675497,0.543046357615894
-0.0588894862070123,-44.516433096706194,0.32560706401766,0.3443708609271523
-0.1121298182614958,93.67521590498411,0.2041942604856512,0.7947019867549668
-0.054052854661217,-36.80109604995943,0.3421633554083885,0.3653421633554083
-0.1281410441207745,-176.0036269487402,0.1777041942604856,0.1390728476821192
-0.1104539606407193,64.93876309824229,0.2086092715231788,0.7384105960264901
-0.1206696349378987,-59.78744267595831,0.1909492273730684,0.3057395143487859
-0.1357878897147389,-51.9345607182547,0.1655629139072847,0.3289183222958057
-0.0761662058907139,-45.00152505306478,0.2847682119205298,0.3410596026490066
-0.088152785671786,20.80176508685458,0.260485651214128,0.6103752759381899
-0.058669012025957,0.9030586523112318,0.3267108167770419,0.5298013245033113
-0.1037636325413149,-89.76704436461344,0.2284768211920529,0.2571743929359823
0.0096725301591182,138.48760281168092,0.5165562913907285,0.8443708609271523
-0.0878209738899956,-81.69947785888051,0.2615894039735099,0.2671081677704194
-0.0017655689216189,162.2051993565829,0.4823399558498896,0.8587196467991169
-0.095955651559952,150.31495700203791,0.2395143487858719,0.8520971302428256
-0.1088986469982217,-187.0762779507814,0.2130242825607064,0.1291390728476821
0.0795549947831766,-197.56953324137012,0.7406181015452539,0.1225165562913907
-0.1136385001727974,-23.15415746108464,0.2008830022075055,0.4205298013245033
-0.1268695733835002,-96.7510279365849,0.1799116997792494,0.2395143487858719
-0.2681185037367701,-18.646578182747906,0.0717439293598234,0.4326710816777042
-0.1340733561760191,83.91837154806167,0.1710816777041942,0.7858719646799117
-0.1135304219984457,-91.29359119314704,0.2019867549668874,0.2516556291390728
-0.2495675446942947,145.56412032207334,0.076158940397351,0.8487858719646799
-0.1068782557422602,-67.28133712292691,0.2218543046357615,0.2913907284768212
-0.2929235241543639,-183.1509787685557,0.0584988962472406,0.1357615894039735
-0.1999185979823134,277.80164662796443,0.0993377483443708,0.9249448123620309
-0.2862689433089274,21.41481774259384,0.0607064017660044,0.6147902869757175
-0.2796595975246743,-13.366232217467674,0.0629139072847682,0.4613686534216336
-0.0564690246139612,-223.10739344150352,0.3333333333333333,0.1037527593818984
-0.2004025012041597,120.58350786959612,0.0982339955849889,0.8278145695364238
-0.2447187946921843,-4.765653864784383,0.0794701986754966,0.4988962472406181
-0.016652676073539,8.705593611783424,0.4260485651214128,0.5618101545253863
-0.2413493868870651,-41.61706604716549,0.0805739514348785,0.3543046357615894
-0.0417929879836401,223.9897118958066,0.3730684326710817,0.9050772626931568
-0.2449105811752825,169.03199710439256,0.0783664459161147,0.8642384105960265
-0.2346392685167514,-70.40920436375231,0.0838852097130242,0.2858719646799117
-0.1913278593713879,-24.16918750614458,0.1026490066225165,0.4150110375275938
-0.251187094868215,-14.094595450071225,0.075055187637969,0.4536423841059602
-0.1067855862983491,-142.98106347527022,0.2229580573951435,0.1710816777041942
-0.2349120796387724,114.298175112275,0.0827814569536423,0.8211920529801324
-0.0749228045636594,40.1333792829786,0.2880794701986754,0.6754966887417219
-0.0297823970342366,52.10118445441439,0.3973509933774834,0.7075055187637969
-0.1311843810588222,-507.00322109056856,0.1743929359823399,0.0275938189845474
-0.1704980620836794,-336.7575725457979,0.1236203090507726,0.0618101545253863
-0.0380415563811373,278.9823541514505,0.3763796909492273,0.9260485651214128
-0.1800973154618141,-68.40281502268573,0.1125827814569536,0.2891832229580574
-0.1278186537795445,61.76951281027717,0.1788079470198675,0.7306843267108167
-0.0904729737744035,778.3962065045449,0.2560706401766004,0.9889624724061812
-0.1665228716010774,-250.3064900677589,0.1291390728476821,0.0871964679911699
-0.0198019069800366,-168.71671895448486,0.41280353200883,0.1445916114790287
-0.1655779253020322,27.89857658845508,0.130242825607064,0.630242825607064
-0.0781932193089112,19.21339766971315,0.2814569536423841,0.6070640176600441
-0.1343703332585296,326.3616762202233,0.1699779249448123,0.9392935982339956
0.0729245796095242,606.1010690331894,0.7240618101545254,0.9812362030905076
0.1785086620725991,-59.230883794115904,0.9238410596026492,0.3090507726269316
0.1481518204587795,-106.1610020923357,0.8852097130242825,0.2185430463576159
-0.0072614220333101,71.86873766191127,0.4613686534216336,0.7549668874172185
0.0389786945889037,-77.77984923778362,0.6225165562913907,0.2770419426048565
0.1832558253768539,-280.64834790720914,0.9304635761589404,0.0739514348785872
0.0664568468889008,325.7637166562219,0.7030905077262694,0.9381898454746136
0.1914795289288207,161.66243154044395,0.9415011037527594,0.8576158940397351
0.0009497847539627,679.0104676356638,0.4911699779249448,0.9823399558498896
0.2348488666193588,-126.14087725529654,0.9701986754966888,0.1887417218543046
0.0368275610594505,60.60399416737695,0.6147902869757175,0.7240618101545254
0.1254949489734649,265.093504414471,0.847682119205298,0.9205298013245032
0.1450681284207186,-416.25134672634977,0.8807947019867549,0.0397350993377483
0.1293217542125533,-830.4707734805594,0.8509933774834437,0.0055187637969094
0.2800327152574509,14.545417384107155,0.9856512141280354,0.5860927152317881
0.0943478982040219,92.08931780220829,0.7770419426048565,0.7924944812362031
0.2800839707833118,-41.47164780038751,0.9867549668874172,0.3554083885209713
0.0961628065536914,69.71773803353413,0.7814569536423841,0.7494481236203091
0.1843897096894318,577.0561628377767,0.9326710816777042,0.977924944812362
0.1652865195462885,-143.11237960046273,0.9083885209713024,0.1699779249448123
0.233460450700607,-15.485759334306124,0.9679911699779248,0.4448123620309051
0.2296652279364811,-939.9864156291162,0.9668874172185432,0.0022075055187637
0.121623475644304,436.74013110383527,0.8355408388520972,0.9635761589403974
0.183060941230694,-87.0301101511633,0.9293598233995584,0.2626931567328918
0.1301055142621608,376.0854788533114,0.8520971302428256,0.9492273730684326
0.2477714897141005,-115.23970508115724,0.9757174392935982,0.1975717439293598
-0.0035344830844723,859.1942732653756,0.4735099337748344,0.9922737306843268
0.1969351443499057,-4.381197515755206,0.9470198675496688,0.5022075055187638
0.2638392425882916,-834.8580305275433,0.9834437086092715,0.0044150110375275
0.0365784612928733,884.1283330004691,0.6125827814569537,0.9955849889624724
0.2440651329100325,873.3464319484951,0.9746136865342164,0.9944812362030904
0.2175860909850276,-543.7131002635829,0.9635761589403974,0.0231788079470198
-0.0121629258646446,-928.7957451096786,0.4415011037527593,0.0033112582781456
0.2392769842870716,-113.55151288274264,0.9735099337748344,0.2008830022075055
0.1570966494402773,-470.6895901934832,0.8995584988962473,0.0331125827814569
-0.1592804601338059,923.1360931467334,0.1390728476821192,0.9966887417218544
-0.329331865846884,6.442074156198343,0.0419426048565121,0.5529801324503312
-0.0487267276034695,-9.163035204387416,0.3532008830022075,0.4790286975717439
-0.3352108194556569,-18.5990314050366,0.0364238410596026,0.4337748344370861
-0.1789513556026062,-209.4359225122592,0.1136865342163355,0.1147902869757174
-0.0130226519816814,326.4513654329732,0.4370860927152318,0.9403973509933776
-0.2184480792370481,-25.888145160615405,0.0871964679911699,0.4061810154525386
-0.3274069183993717,116.4918896003317,0.0441501103752759,0.8222958057395143
-0.3243942356564809,-36.71273588143461,0.0452538631346578,0.3675496688741722
-0.1615927739125306,-29.014375508452662,0.1357615894039735,0.3984547461368653
0.1525306886088702,1069.3481394418152,0.891832229580574,0.998896247240618
-0.3298377961229724,60.65874115264919,0.0408388520971302,0.7251655629139073
0.0347211591449931,-540.0260517965907,0.6070640176600441,0.0242825607064017
-0.272963269061559,480.37798448970096,0.0684326710816777,0.9690949227373068
-0.3193044543030393,10.176204355447972,0.0485651214128035,0.5695364238410596
-0.0619373820086754,-387.26006343959386,0.3178807947019867,0.0452538631346578
-0.3623973809207815,605.6413446532927,0.0286975717439293,0.9801324503311258
-0.29960083898884,-622.5118807324513,0.0551876379690949,0.0121412803532008
0.0447313210881279,-210.1858595357353,0.6357615894039735,0.1136865342163355
-0.3392621680410005,60.899561247966965,0.0342163355408388,0.7262693156732892
-0.1814528004180295,41.12900702328311,0.108167770419426,0.6799116997792495
0.0769575728646709,-246.37023295532325,0.7328918322295805,0.0894039735099337
0.0488650774901925,-145.29612327159836,0.6534216335540839,0.1666666666666666
0.0964539862795031,51.25938686263616,0.7858719646799117,0.7052980132450332
0.0514273382031112,8.806740271553053,0.6633554083885209,0.5629139072847682
0.0713878047473952,-43.77784014609789,0.7196467991169978,0.3465783664459161
0.0628958808640797,4.214434417683587,0.6975717439293598,0.5452538631346578
0.04565405672107,-160.8164443591663,0.6423841059602649,0.1534216335540839
0.0579260298626448,-2.1318560404036035,0.6821192052980133,0.5099337748344371
0.0721674894708419,-93.26333716303525,0.7207505518763797,0.2428256070640176
0.0803900078384159,23.34922960908428,0.7439293598233996,0.6214128035320088
0.0823802357657838,12.208909105763478,0.7494481236203091,0.5750551876379691
0.0674774047125024,-175.1737834251927,0.7052980132450332,0.1401766004415011
0.0962101802125197,66.69083255877419,0.7836644591611479,0.7439293598233996
0.0502375637449151,-108.63268033715374,0.6578366445916115,0.2130242825607064
0.0453847962949054,79.17062734696336,0.6401766004415012,0.7792494481236203
-0.0802675280837785,-440.0787891839135,0.2759381898454746,0.0353200883002207
-0.0742465285587648,102.30082182031954,0.2913907284768212,0.804635761589404
-0.1902770790955994,217.1355989700345,0.1037527593818984,0.8995584988962473
-0.1667688584382461,-161.09582671334164,0.1280353200883002,0.15121412803532
0.1252392888732177,-186.42518422807152,0.8454746136865342,0.1313465783664459
-0.1192594960124508,103.76854727840046,0.1964679911699779,0.8057395143487859
-0.1210463239809313,17.382984092781662,0.1887417218543046,0.5982339955849889
-0.1123852052339691,146.74769618610333,0.2030905077262693,0.8509933774834437
-0.109735287321447,158.2972416288626,0.2108167770419426,0.8565121412803532
-0.0848481799161465,30.480441157884105,0.2704194260485651,0.6423841059602649
-0.1325215486569496,-113.390583736293,0.1721854304635761,0.2030905077262693
-0.1467547492980217,-157.10198194818716,0.1479028697571744,0.1578366445916114
-0.0525887401090707,-574.7438591140319,0.3443708609271523,0.0165562913907284
-0.1547522193828718,355.63427674045823,0.141280353200883,0.9459161147902868
-0.057205718208041,-20.24427232431425,0.3311258278145695,0.4304635761589404
0.1604819660432332,-127.61516344986612,0.9028697571743928,0.1865342163355408
0.1213503816374325,-520.6399092883206,0.8344370860927153,0.0264900662251655
0.1778944162960569,206.56600390935105,0.9227373068432672,0.891832229580574
0.1219176245253351,-220.18496743769072,0.8366445916114791,0.1059602649006622
0.0892260380878883,-52.91085651088084,0.7649006622516556,0.32560706401766
0.0961994363215431,-97.079235784375,0.782560706401766,0.23841059602649
0.2082026462434175,240.1644359517032,0.958057395143488,0.9105960264900662
0.136394438035121,-17.28038324988982,0.8620309050772627,0.4381898454746137
0.1503686376440377,-184.77650281171057,0.8874172185430463,0.1335540838852097
0.1253054103039727,-110.48741381349836,0.8465783664459161,0.2097130242825607
0.1304768033691462,100.34246059888244,0.8554083885209713,0.8013245033112583
0.138401011893936,-217.73243692658264,0.8664459161147903,0.1070640176600441
0.1178889659764598,-25.15321905501824,0.82560706401766,0.4072847682119205
0.1243555924267356,-52.27036395200807,0.8432671081677704,0.3278145695364238
0.1017581220776397,-67.66099060494487,0.7958057395143487,0.2902869757174393
0.1463305782117438,17.70212014561655,0.8830022075055187,0.5993377483443708
0.0899573941670345,-37.91014255151418,0.7660044150110376,0.3642384105960264
0.1542991792087547,-60.56932918335372,0.8929359823399559,0.304635761589404
0.0820164178165076,3.3492961726349537,0.7483443708609272,0.5397350993377483
0.1688733480487513,12.288030285084208,0.91280353200883,0.5761589403973509
0.0540879182881334,-40.201998107164,0.6688741721854304,0.3576158940397351
0.1089861461331291,57.98066586569051,0.8079470198675497,0.7218543046357616
0.0347850395910116,18.17158863078756,0.609271523178808,0.6026490066225165
0.0745833809465555,-30.4102064606528,0.7251655629139073,0.3918322295805739
0.1210510145048975,51.764658511635645,0.8311258278145696,0.7064017660044151
0.0563501228482771,-100.9472165085495,0.6754966887417219,0.227373068432671
0.1228194208757888,-39.08425358616065,0.8388520971302428,0.3609271523178808
0.0693560168758311,-26.963990011647763,0.7130242825607064,0.401766004415011
0.104333000661143,-98.10017933159536,0.7980132450331126,0.2339955849889624
0.0770509785750741,-1.5650895555228417,0.7339955849889624,0.5154525386313465
0.0468382797262846,-92.37644550225956,0.6456953642384106,0.2461368653421633
0.0710953364620161,-29.873646305246737,0.7185430463576159,0.3940397350993377
0.0612312325718303,-113.43208505068448,0.6920529801324503,0.2019867549668874
0.0575724383740511,5.2948924308417,0.6810154525386314,0.5507726269315674
0.0697993339661769,28.464491127144765,0.7152317880794702,0.6313465783664459
0.0539786205846019,47.46509851426769,0.6677704194260485,0.695364238410596
0.1231076693295449,16.83710951030481,0.8410596026490066,0.5960264900662252
0.042485739884804,49.47090580832346,0.630242825607064,0.7019867549668874
0.0786150904962003,73.64514147817889,0.7384105960264901,0.7615894039735099
0.0111098644468203,-15.295589302527556,0.5264900662251656,0.4470198675496689
-0.1727125066213904,18.544572741887944,0.1203090507726269,0.6037527593818984
-0.0368681426969053,-34.78700607292412,0.3830022075055188,0.3752759381898454
-0.121181220093666,-15.898625659948353,0.1876379690949227,0.4415011037527593
-0.0694552162555768,37.3367186257446,0.3068432671081678,0.6677704194260485
-0.1489001223444113,19.19432056987816,0.1456953642384106,0.6059602649006622
-0.0857783356114421,15.739046024706363,0.2671081677704194,0.5905077262693157
-0.1108785899095938,52.27893618425389,0.2075055187637969,0.7086092715231788
-0.0479094830625666,-78.48820925774022,0.3554083885209713,0.2748344370860927
-0.0918005476004809,-3.5028218010830963,0.2505518763796909,0.5055187637969095
-0.0730585025068458,-15.540148640169454,0.2980132450331126,0.4426048565121412
-0.098429063495046,31.0255417043702,0.2339955849889624,0.6490066225165563
-0.0557809320305522,5.049794336413108,0.3344370860927152,0.5485651214128036
-0.1713449784149914,125.6432396235319,0.1214128035320088,0.8322295805739515
-0.0259930007969443,3.5735222688013804,0.4006622516556291,0.5419426048565121
-0.1248209570469048,-75.66819107356919,0.184326710816777,0.2803532008830022
0.030685746062626,21.271476424044625,0.5894039735099338,0.6136865342163356
0.0338714934580709,-0.6729424495188316,0.6037527593818984,0.5209713024282561
0.0356574614734375,-54.68738384144631,0.6114790286975718,0.3167770419426048
0.018256763699705,-32.11767357158981,0.5529801324503312,0.3885209713024282
0.0347801124932552,29.06373865570623,0.608167770419426,0.6324503311258278
0.0225245723084376,-19.2431635998331,0.5684326710816777,0.4315673289183223
-0.0023308746288083,-34.15769099929033,0.4801324503311258,0.3785871964679911
0.0213036016582577,-33.67262722810829,0.565121412803532,0.3818984547461369
0.0327467711501997,-42.02195479169055,0.5971302428256071,0.3532008830022075
0.0301558694436267,30.189481510711865,0.5883002207505519,0.6401766004415012
0.0273720286081003,41.88189682841392,0.5783664459161147,0.6821192052980133
0.0128858230319089,-10.42972475863436,0.5353200883002207,0.4746136865342163
0.0471094331031101,40.38925372100592,0.6501103752759382,0.6777041942604857
0.0114643295841141,21.034172628346088,0.5298013245033113,0.6125827814569537
0.0260732753908904,-50.24798419259228,0.5739514348785872,0.3333333333333333
0.0087395227647976,105.22855757097436,0.5143487858719646,0.8090507726269316
0.0308497475553037,-1.7228342821253222,0.5916114790286976,0.5132450331125827
0.0076574094167689,65.87319442261398,0.5110375275938189,0.7406181015452539
0.00776257378238,-91.32366258180024,0.5121412803532008,0.2505518763796909
0.0009645588860833,32.02142071779593,0.4922737306843267,0.652317880794702
-0.0021529167080278,-38.11370333898625,0.4812362030905077,0.3631346578366446
-0.0087780570909547,-0.5717642991320534,0.4503311258278146,0.522075055187638
-0.0131882344123062,12.591598811865202,0.4359823399558499,0.5783664459161147
-0.0066198810844876,-35.76289312752128,0.4624724061810154,0.3730684326710817
-0.0084952024997787,15.895487117750978,0.4525386313465783,0.5927152317880795
0.000682386225257,-0.9835120767448527,0.4878587196467991,0.5198675496688742
0.0008319059045853,23.278862150958023,0.4900662251655629,0.6192052980132451
-0.0172933685842087,2.9642139557955423,0.4227373068432671,0.5386313465783664
-0.0015181248487304,-23.49055489150789,0.4845474613686534,0.4183222958057395
-0.0220272257322557,1.3045555778571605,0.4094922737306843,0.5342163355408388
-0.0128928193348216,-59.383760939712616,0.4392935982339956,0.3068432671081678
-0.0085810131267457,83.09429804625432,0.4514348785871964,0.7847682119205298
0.000738916154685,-24.315492648170125,0.488962472406181,0.41280353200883
-0.0119852271916099,-44.87278919762792,0.4437086092715231,0.3432671081677704
0.0097845354040706,-7.0846148031537295,0.5176600441501104,0.488962472406181
-0.0169840339261168,384.893558004376,0.423841059602649,0.9525386313465783
0.0137731451777356,26.88664755589216,0.5397350993377483,0.6280353200883002
-0.0204155247376334,107.52526489823413,0.4116997792494481,0.8134657836644592
0.0009716479036423,-356.9713883384795,0.4933774834437086,0.0551876379690949
-0.0095341446400944,184.6051042363521,0.4470198675496689,0.8752759381898455
0.0182150267550252,167.5175229489727,0.5507726269315674,0.8631346578366446
-0.00291078706268,-0.1641407300169534,0.477924944812362,0.5242825607064018
-0.0125742642746876,24.74990390915649,0.4403973509933774,0.6247240618101545
-0.0027939485498495,-596.1892938954827,0.4790286975717439,0.0143487858719646
-0.0079888302413348,105.55042812657068,0.4580573951434878,0.8112582781456954
0.0064557322452951,41.35280872795755,0.5077262693156733,0.6810154525386314
0.0113819446887139,276.9170978536036,0.5286975717439294,0.9238410596026492
0.0105675945625178,-253.85371372829195,0.5209713024282561,0.0838852097130242
-0.0092141227946834,-68.63708031741908,0.4481236203090508,0.2880794701986754
0.0034053887556603,71.67639407229314,0.5,0.7538631346578366
0.0088737113357982,-140.74640829878925,0.5154525386313465,0.173289183222958
0.101102443786085,-186.91746249672715,0.7924944812362031,0.130242825607064
0.1428132370903664,-317.2053969078129,0.8730684326710817,0.065121412803532
0.1011210607997698,-959.41006671699,0.7935982339955849,0.0011037527593818
0.0334823643374015,-36.61673630654055,0.6015452538631346,0.3686534216335541
-0.0047872815214955,412.9122161366817,0.4701986754966887,0.955849889624724
-0.0187112371374535,175.65878835448748,0.4205298013245033,0.8675496688741722
0.1305676602283706,219.23378808021252,0.8565121412803532,0.9006622516556292
0.1329276337521469,-79.57927995177194,0.8598233995584988,0.2737306843267108
0.0592460278480476,-356.8264486360044,0.6865342163355408,0.0562913907284768
0.0969356177296759,811.6082269165103,0.7869757174392936,0.9911699779249448
0.1403927306976944,110.44405382991144,0.869757174392936,0.8167770419426048
0.1002567718457472,-144.28382122728723,0.7902869757174393,0.1677704194260485
0.108735655667217,29.287310281463903,0.8068432671081678,0.6357615894039735
0.137314153750535,8.192706229745433,0.8642384105960265,0.5584988962472406
0.0954146628568553,-47.50392246149231,0.7792494481236203,0.3377483443708609
0.1685252269122682,1.0317369709579136,0.911699779249448,0.5309050772626932
0.1817879509979417,88.74452435638531,0.9271523178807948,0.7913907284768212
0.1441859229639573,60.53910123972423,0.8774834437086093,0.7229580573951435
0.1717921792433351,-22.79633454304012,0.9150110375275938,0.423841059602649
0.0779533824747405,79.98454481258531,0.7373068432671082,0.7814569536423841
0.1231786711696207,-61.23612942259568,0.8421633554083885,0.3024282560706401
0.1520094252895996,0.3903191802547194,0.8885209713024282,0.5286975717439294
0.1630562778762662,101.00181406334976,0.9061810154525386,0.8035320088300221
0.0161015689640633,-16.036708948152352,0.5452538631346578,0.4403973509933774
0.131819519031649,-46.21940627318818,0.8576158940397351,0.3388520971302428
-0.1805972393049152,-15.025137397145643,0.1103752759381898,0.4514348785871964
-0.1869937947244146,8.068827238478582,0.1059602649006622,0.5573951434878587
-0.1042180576160756,-33.083796451000175,0.227373068432671,0.3830022075055188
-0.087588886419439,-7.062308439418985,0.2626931567328918,0.4900662251655629
-0.0924753502533603,-1.765177305986298,0.249448123620309,0.5121412803532008
-0.1415141625246069,14.464101583772646,0.1545253863134658,0.5849889624724062
-0.1555804207772559,45.072426804881,0.1401766004415011,0.6876379690949227
-0.060444104766278,49.17467116093821,0.3222958057395143,0.6997792494481236
-0.1250535910666718,48.702733837257966,0.1832229580573951,0.6975717439293598
-0.2085550308232797,30.82297669018218,0.0927152317880794,0.6467991169977925
-0.1386013173507271,34.84673876647094,0.1600441501103753,0.6622516556291391
-0.1069918418256062,-1.3614812742168376,0.2207505518763796,0.5165562913907285
-0.0748985591983802,-38.415563301904726,0.2902869757174393,0.3620309050772627
-0.0740594660353371,6.473917197199323,0.2924944812362031,0.5540838852097131
-0.0957396928305222,-8.076149034978451,0.2417218543046357,0.4834437086092715
-0.1036432647416785,10.264198902605417,0.2295805739514348,0.5706401766004415
-0.0543283493719871,49.11263132390513,0.3410596026490066,0.6986754966887417
0.0294016256647626,-194.16715950384,0.5860927152317881,0.1247240618101545
-0.0795720426726139,44.2521384416881,0.2781456953642384,0.6843267108167771
-0.0639696984303802,52.52791327553334,0.3156732891832229,0.7097130242825607
-0.0757690353008386,262.2646165754583,0.2869757174392936,0.9194260485651214
-0.1006684839362225,-75.39453191246345,0.2317880794701986,0.2814569536423841
-0.0867600907287817,62.69276501325307,0.2637969094922737,0.7317880794701986
-0.084042391508389,-65.67888433109076,0.271523178807947,0.2947019867549669
-0.0830016272392977,53.61378069910561,0.2726269315673289,0.7119205298013245
-0.0605372860374423,-80.15385800384067,0.3211920529801324,0.271523178807947
-0.0380886609592009,-17.450287168403836,0.3752759381898454,0.4370860927152318
-0.1070983107341906,95.73782538621988,0.2196467991169978,0.7969094922737306
-0.0733954955063343,-114.1305797710402,0.2958057395143488,0.1997792494481236
-0.0700535660699396,111.806799427329,0.303532008830022,0.8189845474613686
-0.1072057781405044,29.423615231008743,0.2185430463576159,0.6379690949227373
-0.0887076295678262,-3.3602473954661485,0.2593818984547461,0.5077262693156733
-0.0247136871342118,-51.43779426062146,0.4050772626931567,0.3300220750551876
-0.0579423234367437,46.48714635693003,0.3289183222958057,0.6920529801324503
0.1269671399542719,187.0517411982088,0.8498896247240618,0.8774834437086093
0.1438920878908959,-375.8252415938762,0.8763796909492274,0.0485651214128035
0.1739676738988565,-129.4856444554961,0.9183222958057397,0.184326710816777
-0.0163091919191585,-29.032469847047658,0.4271523178807947,0.3973509933774834
0.0454507406869434,79.02968526597749,0.6412803532008831,0.7781456953642384
0.1113750441853077,269.0769422534427,0.8123620309050773,0.9227373068432672
0.076721041054206,-102.14990727258984,0.7306843267108167,0.2240618101545254
0.109179412377499,-81.21068778241927,0.8101545253863135,0.2704194260485651
0.1911899725008453,40.12400274798667,0.9403973509933776,0.67439293598234
0.0867750455283686,-123.5921753333955,0.7593818984547461,0.1909492273730684
0.112973775331343,19.66254272312965,0.8156732891832229,0.608167770419426
0.0367744602249435,-77.4621584345719,0.6136865342163356,0.2781456953642384
0.0327965103582493,155.3046587674622,0.5982339955849889,0.8532008830022075
0.0470138547306437,52.68233850049535,0.6479028697571744,0.7108167770419426
0.0385405314468055,-90.58589287512228,0.6192052980132451,0.2549668874172185
0.0429972627262239,-109.65914427832212,0.6313465783664459,0.2108167770419426
0.1721521331759667,63.8988364620797,0.9161147902869756,0.7350993377483444
0.0918175627526957,1.1457250095522111,0.7704194260485652,0.5331125827814569
0.0796375882421862,-105.73932354100252,0.7417218543046358,0.2196467991169978
0.0267096370023998,-133.99962267794868,0.5761589403973509,0.1799116997792494
0.0594688285293162,30.92141095597573,0.6876379690949227,0.6479028697571744
0.068334817524043,-59.33863978167946,0.7097130242825607,0.3079470198675497
0.0207980927387988,85.16218689441516,0.5618101545253863,0.7869757174392936
0.0322192705449691,-25.01551171340524,0.5949227373068433,0.4083885209713024
0.045207461762804,431.82543202639096,0.6368653421633554,0.958057395143488
0.1058830303652007,-423.2967068279338,0.8024282560706402,0.0375275938189845
-0.0088345166986471,182.96539704199947,0.4492273730684327,0.8719646799116998
0.0466235397609957,-43.57870459032444,0.6445916114790287,0.3487858719646799
0.0245204202823338,-172.19072441122938,0.5717439293598234,0.1423841059602649
0.039080222046585,233.8000821120704,0.6236203090507726,0.9083885209713024
0.0520698148648959,-364.2620084417912,0.6655629139072847,0.0518763796909492
0.0374441535575627,395.61426303974594,0.6169977924944813,0.9547461368653422
0.0210886697671403,-53.66324994714695,0.5640176600441501,0.3211920529801324
0.0122379300709444,-120.86449267716446,0.5320088300220751,0.195364238410596
0.0692388658608032,15.52718770255874,0.7119205298013245,0.5894039735099338
0.0191168903505695,-161.90767801701497,0.5540838852097131,0.1501103752759381
0.0606779295348051,212.4686307839888,0.6887417218543046,0.8962472406181016
0.0197144269532843,15.809959082475208,0.5573951434878587,0.5916114790286976
0.0013093179029063,50.01912974343292,0.4966887417218543,0.7030905077262694
0.0683786444287125,-15.539464658938986,0.7108167770419426,0.4437086092715231
0.0420629185500685,0.3444584848863825,0.6291390728476821,0.5264900662251656
0.0395244324944903,-21.61292102147896,0.6258278145695364,0.4282560706401766
0.0642615642092608,-4.982655720372826,0.6997792494481236,0.4977924944812362
-0.0005356095338594,76.23115751555264,0.4856512141280353,0.7715231788079471
-0.0040849380633257,-32.92522451735151,0.4724061810154525,0.3852097130242826
0.04659559021168,-3.495184390544384,0.6434878587196468,0.5066225165562914
0.0133020375668236,-22.73228386123017,0.5375275938189845,0.4249448123620309
0.0386902690635543,-4.409911624984442,0.6203090507726269,0.5
0.0156957686436464,-9.98556684414847,0.5441501103752759,0.4757174392935982
0.0373663129208868,8.906465690124504,0.6158940397350994,0.5640176600441501
-0.0044855936428066,29.303382580542223,0.4713024282560706,0.6368653421633554
0.0237103520967523,-1.0033021146516423,0.5706401766004415,0.5187637969094923
-0.0063132458688619,74.75399095591642,0.4635761589403973,0.7660044150110376
0.0100134624964911,-106.4243556201044,0.5187637969094923,0.2163355408388521
0.0517928372403711,-75.92158541567335,0.6644591611479028,0.2792494481236203
0.0100313339925385,71.03414162820772,0.5198675496688742,0.7516556291390728
0.0198283059099037,33.81952190620675,0.5584988962472406,0.6600441501103753
0.0523165004450266,-13.361201210235752,0.6666666666666666,0.4624724061810154
-0.0083344973461266,-90.3695357122216,0.455849889624724,0.2560706401766004
0.0192500273671184,-39.89116775088128,0.5551876379690949,0.3598233995584989
0.047033257513939,75.68528459268933,0.6490066225165563,0.7693156732891833
-0.0724664580464818,36.92170117198854,0.3002207505518763,0.6655629139072847
-0.2038322830328942,-286.9695944025593,0.0949227373068432,0.0695364238410596
-0.1457906632595981,108.73948362619792,0.1490066225165563,0.8145695364238411
-0.1087348288620318,56.14274958094863,0.2141280353200883,0.7163355408388521
-0.0934834354352571,-241.24570937080645,0.2472406181015452,0.0949227373068432
-0.0049992416495689,318.45666880589727,0.4690949227373068,0.9370860927152318
-0.1165399952921607,-505.8274192202293,0.1997792494481236,0.0286975717439293
-0.0169284164539873,-7.373470492764693,0.4249448123620309,0.4867549668874172
-0.10852080373081,334.49823029379473,0.2152317880794702,0.9426048565121412
-0.1380523655409076,-286.5347062627285,0.162251655629139,0.0706401766004415
-0.0294167868325035,211.19468331333823,0.3984547461368653,0.8940397350993378
-0.1634165722719709,-552.4959983732524,0.1324503311258278,0.0198675496688741
-0.1197263125871971,7.940188906732076,0.1942604856512141,0.5562913907284768
-0.0361986667604863,308.01756979662537,0.3841059602649007,0.9326710816777042
-0.1702520880237029,-474.6789989452952,0.1247240618101545,0.032008830022075
0.0567958922112959,313.00857730081543,0.6777041942604857,0.933774834437086
-0.107212279140059,-352.28765841775726,0.217439293598234,0.0573951434878587
0.0509355595954207,490.7333784269718,0.6600441501103753,0.9713024282560706
-0.0960788012118958,-137.3242911841225,0.23841059602649,0.1766004415011037
-0.1391131278342016,-127.43244599783704,0.1589403973509933,0.1876379690949227
0.0009910858235477,194.32540851480744,0.4944812362030905,0.8807947019867549
-0.0632553959317835,-314.3490207624921,0.3167770419426048,0.0662251655629139
-0.0162166641512316,-81.58503392310764,0.4282560706401766,0.2693156732891832
0.0174776358810793,-51.1805667478476,0.5463576158940397,0.3311258278145695
0.014006458827366,679.5692388763296,0.5408388520971302,0.9834437086092715
0.1004864332466855,394.7138738507621,0.7913907284768212,0.9536423841059604
-0.0598072266618662,-198.1582462936992,0.3233995584988962,0.1214128035320088
0.029463269790311,13.623768621979904,0.58719646799117,0.5816777041942605
-0.0471417860475916,224.3940975982821,0.3565121412803532,0.9061810154525386
0.0670625655272365,135.52906913433822,0.7041942604856513,0.8432671081677704
0.0447171013581331,-478.7460644348431,0.6346578366445916,0.0309050772626931
-0.0150335536961782,-404.3185129687612,0.4337748344370861,0.0419426048565121
0.0316082808236495,314.377473388584,0.5927152317880795,0.934878587196468
0.0293401180725844,761.184925208071,0.5838852097130243,0.9878587196467992
-0.1691597869057686,-91.8382283252066,0.1269315673289183,0.249448123620309
0.030687716800015,861.4560227177219,0.5905077262693157,0.9933774834437086
0.1143889560552417,67.99048216132188,0.8178807947019867,0.7461368653421634
-0.4070778558014242,-245.92135868859137,0.0198675496688741,0.0905077262693156
-0.1738851988219241,286.87327936768787,0.119205298013245,0.9293598233995584
-0.0947690682206948,-285.07452227746046,0.2450331125827814,0.0728476821192053
-0.724609934994073,-140.16076023888644,0.0033112582781456,0.1743929359823399
-0.1197820763162812,215.8756454071191,0.1931567328918322,0.8984547461368654
-0.0941705068372522,-217.0887939028725,0.2461368653421633,0.1092715231788079
-0.0570993585076444,119.73878907826789,0.3322295805739514,0.82560706401766
0.0431126321527713,-226.848618210054,0.6324503311258278,0.1026490066225165
0.0335999999956847,143.09679765058175,0.6026490066225165,0.8465783664459161
-0.0646706135627506,-24.908877979264936,0.314569536423841,0.4094922737306843
-0.1438207011007745,184.59253085281009,0.15121412803532,0.8741721854304636
0.0202652872369449,94.53505050370336,0.5596026490066225,0.7958057395143487
-0.6890776071973088,-319.3606782834343,0.0055187637969094,0.0640176600441501
-0.0656143334290577,33.589511741952464,0.3112582781456953,0.6589403973509934
0.1209498063690076,202.3897808910268,0.8300220750551877,0.8885209713024282
0.3216066088162491,-359.7844276668692,0.9933774834437086,0.0529801324503311
-0.0958808923583714,123.7547263809444,0.2406181015452538,0.8311258278145696
0.1318518543804773,-12.567871342184436,0.8587196467991169,0.4646799116997792
-0.0775477768313183,133.94108129757527,0.2836644591611479,0.8410596026490066
0.2104091314884779,-112.91233486372236,0.9613686534216336,0.2041942604856512
-0.5872779446211379,173.15672417469213,0.0088300220750551,0.8653421633554084
0.3126127776062201,-203.5086804238472,0.9922737306843268,0.1181015452538631
-0.6928366574536424,178.37209136877533,0.0044150110375275,0.8686534216335541
0.1695506715529582,-159.61196809418038,0.913907284768212,0.1567328918322295
-0.0590628389812429,197.5198108499769,0.3245033112582781,0.8852097130242825
0.1597535488637128,-229.51324666501483,0.9017660044150112,0.1004415011037527
0.0850685702221068,1.4447860875590468,0.7538631346578366,0.5353200883002207
-0.1360615629833252,-86.61114115345977,0.1644591611479028,0.2637969094922737
-0.0965670711529367,-23.377125090593733,0.2350993377483443,0.4194260485651214
0.3120896170813103,-185.9581951024273,0.9911699779249448,0.1324503311258278
-0.6839920769175432,166.54515643428635,0.0066225165562913,0.8609271523178808
0.0726709115417442,-97.80580170160096,0.7229580573951435,0.2350993377483443
-0.4016540870852871,205.0918942579568,0.020971302428256,0.890728476821192
0.1160186500484059,-153.93065923792787,0.8211920529801324,0.162251655629139
0.2263461111253765,-6.559562464784482,0.9646799116997792,0.4922737306843267
0.1023608057398552,-156.37835643315063,0.7969094922737306,0.1611479028697571
0.0570050466846483,140.25068056561548,0.6788079470198676,0.8454746136865342
-0.0494478613767676,-623.45773328481,0.3509933774834437,0.0110375275938189
-0.051811203182528,36.37210058651476,0.347682119205298,0.6644591611479028
-0.0581235422316033,720.6723261131416,0.3278145695364238,0.9845474613686536
0.0065851117767425,-530.949187939699,0.5088300220750552,0.0253863134657836
-0.0458972163307303,67.99417252799121,0.358719646799117,0.7472406181015453
-0.00841205392676,-101.79155853814824,0.4547461368653421,0.2251655629139073
-0.0120915249569117,166.59893305917134,0.4426048565121412,0.8620309050772627
0.0497635961865546,-66.43094259260238,0.6567328918322296,0.293598233995585
-0.0057941841492684,196.9385004602865,0.4657836644591611,0.8841059602649006
0.0513235306647556,331.7850562982159,0.6622516556291391,0.9415011037527594
0.0235629772926929,-211.77524936049065,0.5695364238410596,0.1114790286975717
-0.0704224864226396,-157.10157252625046,0.3024282560706401,0.1589403973509933
0.0812783930401295,316.80907288801063,0.7450331125827815,0.93598233995585
-0.0016679261827421,-87.65377783299901,0.4834437086092715,0.260485651214128
-0.0436454292291714,-92.5310041978204,0.3631346578366446,0.2450331125827814
0.0819290115223983,-156.6585981273505,0.7472406181015453,0.1600441501103753
0.026169659236858,-258.8833038927977,0.5750551876379691,0.0816777041942604
0.0699969258364343,-2.398196425941999,0.7163355408388521,0.5088300220750552
0.011800665780614,-24.647127229324965,0.5309050772626932,0.4116997792494481
-0.0700448765520582,29.283090917307675,0.304635761589404,0.6346578366445916
0.0703176690932708,96.96805844020314,0.717439293598234,0.7980132450331126
-0.044243478113412,-114.8088717744038,0.3609271523178808,0.1986754966887417
-0.1353415925134462,-82.30919292524544,0.1677704194260485,0.2660044150110375
0.0182191642876026,-147.48373716127088,0.5518763796909493,0.1655629139072847
-0.0776017823678699,245.08665343014587,0.282560706401766,0.91280353200883
0.0723820911113731,-52.6132728180671,0.7218543046357616,0.3267108167770419
0.0068394735367138,-26.6217597399254,0.5099337748344371,0.4028697571743929
-0.0057452504755612,-1.598103918885604,0.466887417218543,0.5143487858719646
0.0181642995872751,-131.93445478645327,0.5496688741721855,0.1821192052980132
0.0651182693368442,16.980576868000583,0.7008830022075055,0.5971302428256071
-0.1372230929616073,88.4389422331607,0.1633554083885209,0.7902869757174393
0.0180876866060394,-27.02725572477718,0.5485651214128036,0.4006622516556291
-0.0667736073942835,65.96998006203368,0.3101545253863134,0.7417218543046358
0.0749579571468685,-55.46789412875805,0.7284768211920529,0.314569536423841
0.0746530876292873,13.907445903331393,0.7262693156732892,0.5838852097130243
0.0281297776932345,-53.98058230625646,0.5816777041942605,0.3200883002207506
0.0477393374089576,118.531293182522,0.652317880794702,0.8233995584988962
0.0042596180707172,-112.06280074735524,0.5022075055187638,0.206401766004415
-2.0674749961948485e-05,16.66632386398884,0.4867549668874172,0.5949227373068433
0.0393589060572728,187.0438879741264,0.6247240618101545,0.8763796909492274
0.00116150100622,-173.94029057303848,0.4955849889624724,0.141280353200883
-0.0031115561088742,129.94333620082378,0.4768211920529801,0.8388520971302428
0.0512533189547204,-261.97087010898946,0.6611479028697572,0.0805739514348785
0.0106652726208192,86.9051857723153,0.5231788079470199,0.7880794701986755
-0.0060172371205104,-54.43105808703751,0.4646799116997792,0.3178807947019867
0.0209694395087072,62.97997085263693,0.5629139072847682,0.7339955849889624
0.0680066429173333,-92.2587925281012,0.7086092715231788,0.2472406181015452
0.0332945244056121,35.03331342076371,0.6004415011037527,0.6633554083885209
-0.2766702436575952,347.5542501169596,0.065121412803532,0.9448123620309052
0.0608850340268233,-280.3170904398902,0.6909492273730684,0.075055187637969
-0.0194407004775481,-11.57808942532296,0.4139072847682119,0.4701986754966887
-0.0484656693032682,248.26677929294303,0.3543046357615894,0.9172185430463576
0.0505569344864477,-147.5695945057627,0.6589403973509934,0.1644591611479028
0.0545097901327683,0.0238844884562276,0.6699779249448123,0.5253863134657837
0.0749775051041452,7.08806671924444,0.7295805739514348,0.5551876379690949
0.0855682842932522,-24.22825875536788,0.7549668874172185,0.4139072847682119
-0.0489770023662868,8.3058705952267,0.3520971302428256,0.5607064017660044
-0.0441679523326613,-53.59572171377129,0.3620309050772627,0.3222958057395143
-0.368988723342686,182.22493777149592,0.0242825607064017,0.8708609271523179
0.0587903091272572,-13.745423844887608,0.6832229580573952,0.4580573951434878
-0.0889339532961168,-182.9418234928488,0.2582781456953642,0.1368653421633554
0.0788373686351888,-180.06722962402455,0.739514348785872,0.1379690949227373
0.010762445114078,-60.85761015694473,0.5242825607064018,0.303532008830022
-0.0446199064796377,-62.55637778919571,0.3598233995584989,0.3002207505518763
-0.024801163233653,-44.92146747213189,0.4028697571743929,0.3421633554083885
0.1393204922377329,3.4612177587368818,0.8675496688741722,0.5408388520971302
0.0278131055192399,12.922695047002676,0.5794701986754967,0.5794701986754967
-0.366506598909364,-16.259467829320574,0.0275938189845474,0.4392935982339956
0.0590314926958592,61.20999693564322,0.6854304635761589,0.7284768211920529
0.0331344114529988,-1.768419426105341,0.5993377483443708,0.5110375275938189
-0.2103743321624678,-202.94926786014625,0.0916114790286975,0.119205298013245
0.0847205037072556,-30.54490401054764,0.7516556291390728,0.390728476821192
0.0937059509778121,-21.827722913294465,0.7748344370860927,0.4260485651214128
0.0942735865260152,75.51326168773367,0.7759381898454746,0.7671081677704195
0.0991760217321886,44.71115213386662,0.7880794701986755,0.6865342163355408
-0.2111885027280277,-13.99927295285769,0.0905077262693156,0.4547461368653421
0.1151375597708179,11.031185054904206,0.8189845474613686,0.5717439293598234
-0.0420250449449055,-13.746284483061446,0.3719646799116998,0.4569536423841059
-0.3370238207758014,56.53468126365562,0.0353200883002207,0.717439293598234
0.0554558154449102,-36.48523399035965,0.673289183222958,0.369757174392936
-0.0910651785662111,-13.833020369357596,0.2527593818984547,0.455849889624724
0.0834506675499799,-112.17053249314256,0.7505518763796909,0.2052980132450331
0.0110897395464284,57.92147907612368,0.5253863134657837,0.7207505518763797
-0.0374361209629704,30.774566728006768,0.379690949227373,0.6456953642384106
-0.0084611971075097,34.31240102263412,0.4536423841059602,0.6611479028697572
0.1469668047383789,-8.210302756271997,0.8841059602649006,0.4823399558498896
0.0344098267190102,-12.503483968576669,0.6048565121412803,0.4657836644591611
-0.340747119953406,40.23687013162759,0.0331125827814569,0.6766004415011038
0.0614737543922898,-43.46495413261812,0.6931567328918322,0.3498896247240618
0.0250467484308439,42.22738578547381,0.5728476821192053,0.6832229580573952
-0.2060394912933791,61.08229105506384,0.0938189845474613,0.7273730684326711
0.0817361032227583,-11.854999607643329,0.7461368653421634,0.4690949227373068
0.0884661843165763,37.47959361514772,0.7626931567328918,0.6688741721854304
0.0963469017818279,-4.170261900416756,0.7847682119205298,0.5044150110375276
0.1082153268790397,55.1456252768332,0.8057395143487859,0.7141280353200883
-0.3300840216341831,-56.28418645853743,0.0397350993377483,0.3134657836644591
0.1301323040988287,87.05830525130264,0.8532008830022075,0.7891832229580574
-0.0860977413185716,-81.6713944973829,0.2649006622516556,0.2682119205298013
-0.5878584449368378,-57.04219912649943,0.0077262693156732,0.3123620309050772
-0.0512667862863952,19.09414057344336,0.3498896247240618,0.6048565121412803
-0.1100512298292643,-41.303133247054895,0.2097130242825607,0.3565121412803532
0.1016066587419349,2.0942744397469286,0.7947019867549668,0.5364238410596026
0.0061648662620633,-11.33028977596906,0.5066225165562914,0.4713024282560706
0.1207480652002823,79.64354885169607,0.8289183222958058,0.7803532008830022
-0.0334879470742624,30.44596293380234,0.390728476821192,0.6412803532008831
0.1624107538462445,4.750700225495291,0.9050772626931568,0.5463576158940397
0.0292485179112129,-15.456368092463984,0.5827814569536424,0.445916114790287
-0.4218557941303466,-91.92457498333164,0.0187637969094922,0.2483443708609271
0.0469203870626993,73.16288718625378,0.6467991169977925,0.7593818984547461
0.0124487732479185,-83.08130852218503,0.5331125827814569,0.2649006622516556
-0.3302652953792055,100.1333302136456,0.0386313465783664,0.8002207505518764
-0.037347127561784,67.25380690230416,0.3818984547461369,0.7450331125827815
0.0936194375002365,-1.233032617592705,0.7737306843267108,0.5176600441501104
0.0779192091893496,77.06523808921672,0.7362030905077263,0.7737306843267108
0.1171358351935558,29.166603400080284,0.8222958057395143,0.6335540838852097
-0.5463155739602873,15.484514267596442,0.009933774834437,0.5883002207505519
0.2100763456373162,1.070029778529795,0.9591611479028698,0.5320088300220751
-0.1208052063330421,-29.78710667590408,0.1898454746136865,0.3951434878587196
-0.8187314915463788,64.89574003224715,0.0022075055187637,0.7373068432671082
0.105031735670724,-62.99240692461941,0.8002207505518764,0.2991169977924944
-0.1239954296561479,-23.845365430145723,0.1854304635761589,0.4161147902869757
0.0802368603291719,-53.4706530740254,0.7428256070640177,0.3233995584988962
0.0129247404019253,5.167904429938607,0.5364238410596026,0.5496688741721855
-0.138493892116488,31.68664806424669,0.1611479028697571,0.6512141280353201
-0.1285043926228307,20.848333327360283,0.1766004415011037,0.6114790286975718
0.2010422184797431,8.254284040028015,0.9503311258278144,0.5596026490066225
-0.0075361815206333,-112.05190703218769,0.4602649006622517,0.2075055187637969
-0.8200643096331285,203.19984803491832,0.0011037527593818,0.8896247240618101
0.1415062212444046,-31.66049085324373,0.8708609271523179,0.3896247240618101
-0.4979540601018376,-103.115193628068,0.0143487858719646,0.2218543046357615
0.1184154343395226,-25.973504285080267,0.826710816777042,0.4050772626931567
0.1571773677500084,61.38770649725027,0.9006622516556292,0.7295805739514348
-0.0420979718371639,5.011908624620514,0.3708609271523179,0.5474613686534217
-0.0188686800982428,-167.89421162263724,0.4194260485651214,0.1456953642384106
0.2016003412074037,-371.0863878837841,0.9514348785871964,0.0507726269315673
-0.0205705870740832,339.1199164766099,0.4105960264900662,0.9437086092715232
0.015244444170338,-34.56498324457523,0.543046357615894,0.3763796909492273
0.4040827544116806,143.48585179614952,1.0,0.847682119205298
-0.0247497439286334,-244.3801511731989,0.4039735099337748,0.0927152317880794
0.035428694362335,373.3809477589434,0.6103752759381899,0.9470198675496688
0.0133175568324983,65.19130562053036,0.5386313465783664,0.739514348785872
0.0061186574847436,-22.860283975605302,0.5055187637969095,0.4227373068432671
0.041898020299156,-122.41016721788336,0.6280353200883002,0.1942604856512141
0.0778754361748738,-109.16920851307408,0.7350993377483444,0.2119205298013245
-0.0054735454741712,-194.578445352806,0.4679911699779249,0.1236203090507726
0.0127643548705179,6.3286208639870924,0.5342163355408388,0.5518763796909493
0.3329187087271736,190.03503658923967,0.9966887417218544,0.8785871964679912
-0.085827955727787,221.09223491691247,0.2660044150110375,0.9028697571743928
0.1882168701645653,213.15070750670387,0.9370860927152318,0.8973509933774835
0.0195672147271035,-400.99432816418135,0.5562913907284768,0.043046357615894
-0.0343885296420038,420.7589671585429,0.3874172185430463,0.956953642384106
0.0080401527647628,-93.06666075469356,0.5132450331125827,0.2439293598233995
0.121289106842842,-91.19011372009209,0.8333333333333334,0.2527593818984547
0.1866123611900265,-241.50149025117884,0.934878587196468,0.0938189845474613
-0.019379462416897,266.9042895417971,0.4150110375275938,0.9216335540838853
0.1762789203611793,-208.86769489398148,0.9205298013245032,0.1158940397350993
-0.0549148140293437,246.0102330732631,0.3388520971302428,0.9150110375275938
0.1131262102258827,72.8126525223186,0.8167770419426048,0.7571743929359823
-0.0431042841641697,12.302670361329586,0.3664459161147902,0.5772626931567328
0.1555579131921351,-459.3332816827844,0.8973509933774835,0.0342163355408388
0.0860636663284252,-43.67074585141462,0.7571743929359823,0.347682119205298
0.0563386716476538,-272.1059331560908,0.67439293598234,0.0772626931567329
0.0030738183658643,4.088804424942236,0.4988962472406181,0.5441501103752759
0.1853648065382747,-129.50979442960193,0.933774834437086,0.1832229580573951
0.0848777524791179,-48.53927872219754,0.7527593818984547,0.336644591611479
0.1206583916582151,-222.5665579258987,0.8278145695364238,0.1048565121412803
0.0620485656953489,-106.54990388299842,0.6942604856512141,0.2152317880794702
-0.0389568005986605,183.35529250823467,0.3741721854304636,0.8730684326710817
0.1416131931905365,-392.89458047917816,0.8719646799116998,0.0441501103752759
0.1380515078034259,-152.09649271392377,0.8653421633554084,0.1633554083885209
0.1445962883518558,-251.86237282999363,0.8785871964679912,0.086092715231788
0.0860866094796353,103.85898790092618,0.7582781456953642,0.8068432671081678
0.2372067617870035,198.1475115796559,0.9713024282560706,0.8863134657836644
-0.2625554959329174,-248.95216257790807,0.0739514348785872,0.0883002207505518
0.2048922199526242,374.1137935842552,0.9536423841059604,0.9481236203090508
-0.2714535133866153,195.82507115261973,0.0695364238410596,0.8830022075055187
0.1428389684504548,-236.1220014016561,0.8741721854304636,0.097130242825607
0.0324061003402706,-99.81036459049118,0.5960264900662252,0.2295805739514348
0.1651591430791679,210.66217872803736,0.9072847682119204,0.8929359823399559
0.0907954814975988,62.75294102671799,0.7671081677704195,0.7328918322295805
-0.0523788840965734,9.516942336145936,0.3454746136865342,0.5673289183222958
-0.3835621787214124,787.7956087648664,0.0220750551876379,0.9900662251655628
0.1890289272558217,-783.8424325926702,0.9392935982339956,0.0077262693156732
0.0624625443451263,947.2662780392996,0.695364238410596,0.9977924944812362
0.0994533924501304,75.56429100570743,0.7891832229580574,0.7682119205298014
0.1454515630145385,436.5171381496633,0.8818984547461368,0.9624724061810156
-0.2638369017177475,-168.96978295122173,0.0728476821192053,0.1434878587196468
0.1882660719811316,500.2093245237574,0.9381898454746136,0.9724061810154524
-0.2986355676216825,129.69052791689083,0.0562913907284768,0.8377483443708609
0.0453814128728008,435.1592577850767,0.6390728476821192,0.9602649006622516
0.1172387689813246,-29.15237375364121,0.8233995584988962,0.3962472406181015
0.2119491207786198,14.54975531963379,0.9624724061810156,0.58719646799117
-0.1889173457581877,-28.39835940783522,0.1048565121412803,0.3995584988962472
0.1775588397286491,-36.43134314349321,0.9216335540838853,0.3708609271523179
-0.1608549318094685,-9.722853310081296,0.1368653421633554,0.477924944812362
0.1552589732786018,-48.69879741586219,0.8951434878587197,0.3355408388520971
0.1103354759330352,22.051943599232573,0.8112582781456954,0.6158940397350994
0.1922123878458228,-42.53642407963706,0.9437086092715232,0.3520971302428256
0.1177242931958827,32.64151140324432,0.8245033112582781,0.6545253863134658
0.0106318935725813,44.52147286233826,0.522075055187638,0.6854304635761589
-0.3586101727963016,-101.3579300788386,0.0298013245033112,0.2262693156732891
0.1933938243802745,-18.492036953614903,0.9459161147902868,0.434878587196468
0.069757341447562,-5.840086172044692,0.7141280353200883,0.4944812362030905
0.1259865678209213,-89.60494859931501,0.8487858719646799,0.2582781456953642
0.0270209267309015,128.97715150945,0.5772626931567328,0.8366445916114791
-0.0698972382944509,-132.7704351906626,0.3057395143487859,0.1810154525386313
0.1609886366098333,24.46996889481032,0.9039735099337748,0.6236203090507726
0.1545034781671089,2.3106640337808413,0.8940397350993378,0.5375275938189845
-0.1067031652127931,-245.14709366452425,0.2251655629139073,0.0916114790286975
-0.0761495569242585,105.51470473048306,0.2858719646799117,0.8101545253863135
0.1757490130052983,-65.56762472967796,0.9194260485651214,0.2958057395143488
-0.0994631750197993,-143.66144697214867,0.2328918322295805,0.1688741721854304
0.2056749529758542,-98.15982090796376,0.955849889624724,0.2328918322295805
-0.0521294140751271,-90.75525699829004,0.3465783664459161,0.2538631346578366
0.0496200630341816,73.11693331198096,0.6556291390728477,0.7582781456953642
-0.0259049200307776,-70.6375350557653,0.401766004415011,0.2847682119205298
0.0280423778988078,57.84740210756278,0.5805739514348786,0.7196467991169978
0.0574678355902558,221.18390256431547,0.6799116997792495,0.9039735099337748
0.254227025483018,-273.2589905500851,0.9812362030905076,0.076158940397351
-0.0245252373850904,-106.30219867234716,0.4061810154525386,0.217439293598234
-0.0158660946583719,251.9288310040859,0.4293598233995584,0.9183222958057397
-0.0359577509137887,-61.358467949533065,0.3852097130242826,0.3013245033112582
-0.0235409193270559,18.0006628542433,0.4083885209713024,0.6004415011037527
0.1824361289952908,121.00591077379272,0.9282560706401766,0.8300220750551877
-0.0378490297266887,-108.11936050207052,0.3785871964679911,0.2141280353200883
0.0205977340492077,-15.153284793137036,0.5607064017660044,0.4492273730684327
-0.0426460260441596,-26.61118803927804,0.3686534216335541,0.4039735099337748
0.065429728149921,191.50886586255,0.7019867549668874,0.8796909492273731
0.1554127608709781,-35.26086790862601,0.8962472406181016,0.3741721854304636
0.1230785899790942,-128.6835315610258,0.8399558498896247,0.1854304635761589
0.1302860812833304,107.50714086408423,0.8543046357615894,0.8123620309050773
-0.2777027812737099,433.3174227024937,0.0640176600441501,0.9591611479028698
0.1930786402560609,-167.7438104882564,0.9448123620309052,0.1467991169977925
-0.1807001469362803,-96.68369077540362,0.1092715231788079,0.2406181015452538
0.0856021625640331,-97.1587324230286,0.7560706401766004,0.2373068432671081
0.1248867358448258,202.0131528057321,0.8443708609271523,0.8874172185430463
0.1370299551774521,-24.84318105026014,0.8631346578366446,0.4105960264900662
0.038829534026814,-11.238994749807205,0.6214128035320088,0.4724061810154525
0.1222644712140335,-310.6768816888619,0.8377483443708609,0.0673289183222958
0.1659044375264142,-46.01948376073185,0.9105960264900662,0.3399558498896247
-0.282513342907242,-87.4760851782878,0.0618101545253863,0.2615894039735099
0.0916916494213639,-193.87302393268075,0.7693156732891833,0.1258278145695364
-0.0130110141259087,384.6229704945557,0.4381898454746137,0.9514348785871964
0.1335263792061798,-217.5183180020662,0.8609271523178808,0.108167770419426
-0.0342575016090017,81.85595900965863,0.3896247240618101,0.782560706401766
0.1810494807292321,-50.2537842151502,0.9249448123620309,0.3322295805739514
-0.1957384105790276,77.59611778405522,0.1015452538631346,0.7748344370860927
0.2071843969405119,11.46012213719043,0.956953642384106,0.5728476821192053
0.1122075144338737,45.77613942201419,0.8134657836644592,0.6909492273730684
0.2385124493902528,162.7881713388526,0.9724061810154524,0.8598233995584988
0.1090416505778494,74.42543556771722,0.8090507726269316,0.7649006622516556
-0.0237334194074017,-49.10154594574017,0.4072847682119205,0.3344370860927152
-0.0075927160341289,-262.42883147910567,0.4591611479028697,0.0794701986754966
-0.141944806987144,-13.609925339827846,0.1534216335540839,0.4591611479028697
0.1450289955908846,-161.0695499674821,0.8796909492273731,0.152317880794702
-0.1618979566647018,73.68712671763038,0.1346578366445916,0.7626931567328918
0.1992563783956702,-36.770121132776026,0.9492273730684326,0.3664459161147902
0.205356361853558,-13.54190546731505,0.9547461368653422,0.4602649006622517
0.1735884636407668,69.43693520895323,0.9172185430463576,0.7483443708609272
-0.0735095147517874,22.88209112493093,0.2947019867549669,0.6181015452538632
-0.1529995691561304,45.15953423696042,0.1423841059602649,0.6887417218543046
0.0588706951131734,108.90875932144492,0.6843267108167771,0.8156732891832229
0.1840876580745823,-123.40189112082156,0.9315673289183224,0.1920529801324503
0.0407798552510081,-80.00047688869785,0.6269315673289183,0.2726269315673289
-0.0151645516786933,224.7087973246537,0.4304635761589404,0.9072847682119204
0.1497554723395164,-201.47059621692404,0.8863134657836644,0.1203090507726269
0.092792092202575,120.5513735885662,0.7726269315673289,0.826710816777042
0.0878282357011873,75.79725469492803,0.7615894039735099,0.7704194260485652
0.104471767322031,-230.24215231307227,0.7991169977924945,0.0993377483443708
-0.0192793692970446,-385.6469933774504,0.4161147902869757,0.0463576158940397
0.0477364109297995,245.26409182555705,0.6512141280353201,0.913907284768212
0.0045091313476085,118.98067163464786,0.5033112582781457,0.8245033112582781
0.143182092080527,-21.787339219985345,0.8752759381898455,0.4271523178807947
-0.0342651304679832,70.71703297479003,0.3885209713024282,0.7505518763796909
-0.0319598272401512,-10.82101902352858,0.3940397350993377,0.4735099337748344
-0.0432230299487419,22.5032484337904,0.3653421633554083,0.6169977924944813
0.1817569795451526,-122.87898681440647,0.9260485651214128,0.1931567328918322
-0.0345095385758793,23.70544715346504,0.3863134657836644,0.6225165562913907
0.0675337517185733,-4.381701789561188,0.7064017660044151,0.5011037527593819
0.0111176838220372,-134.555258712127,0.5275938189845475,0.1777041942604856
-0.0949245364382153,0.3581668607450712,0.2439293598233995,0.5275938189845475
0.0293941122890205,37.26620778803829,0.5849889624724062,0.6666666666666666
0.0545724991858923,-0.4808671565932788,0.6710816777041942,0.5231788079470199
-0.0737707575962271,47.90619694920088,0.293598233995585,0.6964679911699779
0.0887751818332589,56.58934930215923,0.7637969094922737,0.7185430463576159
0.0625452400628826,-88.21800493925376,0.6964679911699779,0.2593818984547461
-0.096435867993646,157.55839073314053,0.2373068432671081,0.8554083885209713
0.1521071222091509,-134.4259884262864,0.8896247240618101,0.1788079470198675
0.0223087841448647,39.96903520516074,0.5673289183222958,0.673289183222958
-0.0545580834281893,-343.57677220986096,0.3399558498896247,0.0607064017660044
0.0345008438159274,120.70391422054288,0.6059602649006622,0.8289183222958058
-0.0305008025884678,130.537665802886,0.3962472406181015,0.8399558498896247
0.0143756073373739,-213.82174221252896,0.5419426048565121,0.1103752759381898
-0.1263526264072709,744.8116910523331,0.1810154525386313,0.9856512141280354
-0.0515199237801291,-586.5691602923912,0.3487858719646799,0.0154525386313465
-0.1114919725166933,-239.7570602321317,0.2052980132450331,0.0960264900662251
0.0494506574943997,50.36882617570374,0.6545253863134658,0.7041942604856513
-0.1170279732395431,-54.26868532142048,0.1975717439293598,0.3189845474613687
0.0436635195778854,288.9124550423284,0.6335540838852097,0.9304635761589404
-0.0553654022558414,-190.5766683067713,0.3377483443708609,0.1280353200883002
-0.0150786027557985,-253.39021537957345,0.4315673289183223,0.0849889624724061
0.0607876508198245,-54.92711044261844,0.6898454746136865,0.3156732891832229
-0.0553763604189325,-183.81483888073308,0.336644591611479,0.1346578366445916
-0.0150737490561097,-254.68497544574933,0.4326710816777042,0.0827814569536423
0.0769203781111964,-229.24114786998751,0.7317880794701986,0.1015452538631346
0.0022697959883831,11.809219496020388,0.4977924944812362,0.5739514348785872
-0.0263204068733884,100.36435994667836,0.3995584988962472,0.8024282560706402
-0.1200169756003395,73.49781226600565,0.1920529801324503,0.760485651214128
-0.0615182632773315,-428.7220688036348,0.3189845474613687,0.0364238410596026
-0.1311932054938999,-102.4247376183212,0.173289183222958,0.2229580573951435
-0.111113240867247,603.5711681418682,0.206401766004415,0.979028697571744
-0.0854670680966594,-124.85442467368948,0.2682119205298013,0.1898454746136865
-0.0784942693118333,127.96854298592268,0.2803532008830022,0.8355408388520972
-0.0682236353614921,-559.4950621645377,0.3090507726269316,0.0187637969094922
-0.0577696786359351,24.791551934686115,0.3300220750551876,0.6269315673289183
-0.1706403612196458,113.12404096506911,0.1225165562913907,0.8200883002207505
-0.0907093466188333,-376.0502689838282,0.2549668874172185,0.0474613686534216
-0.0894763777247723,522.1615518667058,0.2571743929359823,0.9746136865342164
-0.0728200845794549,-110.68651096463915,0.2991169977924944,0.2086092715231788
-0.0708007866332173,-497.5797088418772,0.3013245033112582,0.0298013245033112
-0.085177155634547,179.738460770061,0.2693156732891832,0.869757174392936
-0.0965207533715315,286.71091753733583,0.2362030905077262,0.9271523178807948
-0.0528205767298471,-208.37753011804952,0.3432671081677704,0.1169977924944812
-0.0652176515536396,-269.944944940778,0.3134657836644591,0.0783664459161147
-0.0434005614242921,-359.4525626029409,0.3642384105960264,0.054083885209713
-0.0749010833751684,-691.1357141985337,0.2891832229580574,0.0088300220750551
-0.0805812220342575,286.7831749031663,0.2748344370860927,0.9282560706401766
-0.0421049975179578,-34.24123288254682,0.369757174392936,0.3774834437086092
-0.0916934750218199,81.96437615230282,0.2516556291390728,0.7836644591611479
-0.2034650706943392,9.057125525785075,0.0960264900662251,0.565121412803532
-0.1593266654402427,-43.11933625687422,0.1379690949227373,0.3509933774834437
-0.1984777788894722,55.33026660550573,0.1004415011037527,0.7152317880794702
-0.1780729790619856,-99.66283345558324,0.1158940397350993,0.2306843267108168
-0.1412454709902116,-69.3714390769703,0.1556291390728476,0.2869757174392936
-0.1353572881989385,-97.56465549764307,0.1666666666666666,0.2362030905077262
-0.3015677617994029,78.4155454118117,0.054083885209713,0.7770419426048565
-0.214838243322605,38.73838145266138,0.0883002207505518,0.6710816777041942
-0.1766608203878168,-57.94083790198648,0.1181015452538631,0.3112582781456953
-0.1698847263901006,16.301017463529533,0.1258278145695364,0.5938189845474614
-0.2022700720761874,-33.674604823591,0.097130242825607,0.3807947019867549
-0.1196174822220668,-372.1702514117135,0.195364238410596,0.0496688741721854
-0.1166159180900788,212.04993332868864,0.1986754966887417,0.8951434878587197
-0.1619919723695292,33.386575359804475,0.1335540838852097,0.6578366445916115
-0.1486374502065772,-32.29589795649767,0.1467991169977925,0.3874172185430463
-0.219426922081791,30.512854933124267,0.086092715231788,0.6434878587196468
-0.1306863831993304,20.199683790019915,0.1754966887417218,0.609271523178808
-0.1654972800694779,-32.93280090767552,0.1313465783664459,0.3841059602649007
-0.214568115439736,194.98545519088933,0.0894039735099337,0.8818984547461368
-0.3669695137007464,47.32075583513752,0.0253863134657836,0.6931567328918322
-0.3170895087038836,-74.71906871721632,0.0496688741721854,0.282560706401766
-0.3125419593903489,-66.47108200087256,0.0507726269315673,0.2924944812362031
-0.2738965289394872,40.5680682522251,0.0673289183222958,0.6788079470198676
-0.2703053732446424,-44.37506424496564,0.0706401766004415,0.3454746136865342
-0.2755946022623143,12.990021783092423,0.0662251655629139,0.5805739514348786
-0.5314366994533607,37.65056476423566,0.0121412803532008,0.6699779249448123
-0.4353424405435794,39.91113914626282,0.0176600441501103,0.6721854304635762
-0.3216028673991532,-40.056540969205976,0.0474613686534216,0.358719646799117
-0.3217554821374989,127.19287223766914,0.0463576158940397,0.8344370860927153
-0.3796040292257306,-64.88106221617846,0.0231788079470198,0.2969094922737307
-0.3034038445282722,174.86946714352734,0.0529801324503311,0.8664459161147903
-0.2409121212820294,-159.87338649076736,0.0816777041942604,0.1556291390728476
-0.2452916749511934,-7.928400773078867,0.0772626931567329,0.4856512141280353
-0.3529461616399221,-53.17018378917138,0.0309050772626931,0.3245033112582781
-0.3304910542620147,9.938077618703964,0.0375275938189845,0.5684326710816777
-0.3283961052357733,-116.3981309702364,0.043046357615894,0.1964679911699779
0.3768971671942077,-94.07701568160576,0.998896247240618,0.2417218543046357
0.323010562699314,92.46228584372231,0.9944812362030904,0.7935982339955849
0.2978113935098883,23.330938289036563,0.9900662251655628,0.6203090507726269
0.2763934018414652,-59.096904393303184,0.9845474613686536,0.3101545253863134
0.1556943925399113,239.46304409397987,0.8984547461368654,0.9094922737306844
0.3316804632666201,-12.310291085824032,0.9955849889624724,0.466887417218543
0.2104042093243484,-36.10492391155146,0.9602649006622516,0.3719646799116998
0.1152105103705883,32.60983310367742,0.8200883002207505,0.6534216335540839
0.2342443886992024,-7.1454106067842105,0.9690949227373068,0.4878587196467991
0.1396133001132942,-6.542827517925879,0.8686534216335541,0.4933774834437086
0.3472327966438949,-20.459299208576624,0.9977924944812362,0.4293598233995584
0.1125840888919732,64.33578375461532,0.8145695364238411,0.7362030905077263
0.2043141796821208,-23.562395569844853,0.9525386313465783,0.4172185430463576
0.2498784487646627,-5.535365202049857,0.97682119205298,0.4955849889624724
0.1210963504184987,-8.26493696612143,0.8322295805739515,0.4812362030905077
0.2847354190233666,18.17149348286047,0.9878587196467992,0.6015452538631346
0.1653636902264318,-15.059448357353885,0.9094922737306844,0.4503311258278146
0.1077322304614234,-6.794539439496813,0.804635761589404,0.4911699779249448
0.1873822890956119,-5.371195228355505,0.93598233995585,0.4966887417218543
0.2533144118609832,-30.140061408663755,0.9801324503311258,0.3929359823399558
0.0943878554617037,49.40918679203199,0.7781456953642384,0.7008830022075055
-0.3504959671957623,-12.23626965704596,0.032008830022075,0.4679911699779249
-0.4849959537917987,45.74997631183863,0.0154525386313465,0.6898454746136865
-0.2942525328311641,30.753926173073182,0.0573951434878587,0.6445916114790287
-0.3084734709208827,-73.42552898633409,0.0518763796909492,0.2836644591611479
-0.366854539410817,134.59430459488354,0.0264900662251655,0.8421633554083885
-0.5124954022015628,-9.139330685407112,0.0132450331125827,0.4801324503311258
-0.4532022322511949,-4.172159182561536,0.0165562913907284,0.5033112582781457
-0.5333988337369118,-18.096991590979485,0.0110375275938189,0.4359823399558499
-0.287484184522009,483.3488117915287,0.0596026490066225,0.9701986754966888
-0.0135790968844087,71.63681411985192,0.434878587196468,0.7527593818984547
0.0453575115646925,1560.4347477631009,0.6379690949227373,1.0
-0.0731170287613617,126.45641531493608,0.2969094922737307,0.8333333333333334
0.0678753543355654,-327.2611349247813,0.7075055187637969,0.0629139072847682
0.0219433765539633,500.9480488546062,0.5662251655629139,0.9735099337748344
0.0384739277493046,-544.8591912555586,0.6181015452538632,0.0220750551876379
0.0320900207978177,77.6622568073334,0.5938189845474614,0.7759381898454746
0.1072560909352639,-15.22724595061066,0.8035320088300221,0.4481236203090508
0.092270396726743,-14.172997701096197,0.7715231788079471,0.4525386313465783
0.0038122582606728,30.155368152061754,0.5011037527593819,0.6390728476821192
0.1053759899770458,-33.854935647179204,0.8013245033112583,0.379690949227373
-0.0465312764555195,54.91747151999244,0.3576158940397351,0.7130242825607064
0.0910087175673859,-8.07519069742589,0.7682119205298014,0.4845474613686534
