year,month,TOTAL,ClimAdjust,nino34_anomaly_c,time
1949,12,25.09,26.24,-1.15,1949-12-01
1950,1,24.86,26.18,-1.33,1950-01-01
1950,2,25.11,26.57,-1.46,1950-02-01
1950,3,26.12,26.92,-0.8,1950-03-01
1950,4,26.42,27.51,-1.09,1950-04-01
1950,5,26.18,27.53,-1.34,1950-05-01
1950,6,26.45,27.3,-0.85,1950-06-01
1950,7,26.35,26.82,-0.48,1950-07-01
1950,8,25.94,26.45,-0.5,1950-08-01
1950,9,25.55,26.25,-0.7,1950-09-01
1950,10,25.8,26.25,-0.45,1950-10-01
1950,11,25.46,26.17,-0.71,1950-11-01
1950,12,25.42,26.24,-0.82,1950-12-01
1951,1,25.37,26.18,-0.81,1951-01-01
1951,2,26.23,26.57,-0.34,1951-02-01
1951,3,27.02,26.92,0.1,1951-03-01
1951,4,27.66,27.51,0.15,1951-04-01
1951,5,27.78,27.53,0.26,1951-05-01
1951,6,27.73,27.3,0.42,1951-06-01
1951,7,27.67,26.82,0.84,1951-07-01
1951,8,27.34,26.45,0.89,1951-08-01
1951,9,27.24,26.25,0.99,1951-09-01
1951,10,27.46,26.25,1.21,1951-10-01
1951,11,27.07,26.17,0.9,1951-11-01
1951,12,27.03,26.24,0.78,1951-12-01
1952,1,26.63,26.18,0.45,1952-01-01
1952,2,26.92,26.57,0.35,1952-02-01
1952,3,26.93,26.92,0.01,1952-03-01
1952,4,28.14,27.51,0.63,1952-04-01
1952,5,27.45,27.53,-0.08,1952-05-01
1952,6,26.56,27.3,-0.74,1952-06-01
1952,7,26.35,26.82,-0.48,1952-07-01
1952,8,26.34,26.45,-0.1,1952-08-01
1952,9,26.25,26.25,-0.0,1952-09-01
1952,10,26.46,26.25,0.22,1952-10-01
1952,11,26.08,26.17,-0.09,1952-11-01
1952,12,25.79,26.24,-0.45,1952-12-01
1953,1,26.91,26.18,0.72,1953-01-01
1953,2,27.05,26.57,0.48,1953-02-01
1953,3,27.22,26.92,0.3,1953-03-01
1953,4,28.19,27.51,0.68,1953-04-01
1953,5,28.24,27.53,0.71,1953-05-01
1953,6,28.23,27.3,0.93,1953-06-01
1953,7,27.41,26.82,0.59,1953-07-01
1953,8,26.84,26.45,0.39,1953-08-01
1953,9,27.33,26.25,1.07,1953-09-01
1953,10,26.57,26.25,0.33,1953-10-01
1953,11,27.11,26.17,0.94,1953-11-01
1953,12,26.54,26.24,0.3,1953-12-01
1954,1,26.63,26.18,0.45,1954-01-01
1954,2,27.06,26.57,0.49,1954-02-01
1954,3,27.05,26.92,0.13,1954-03-01
1954,4,26.95,27.51,-0.56,1954-04-01
1954,5,27.15,27.53,-0.37,1954-05-01
1954,6,26.81,27.3,-0.49,1954-06-01
1954,7,26.27,26.82,-0.55,1954-07-01
1954,8,25.49,26.45,-0.96,1954-08-01
1954,9,25.29,26.25,-0.96,1954-09-01
1954,10,25.99,26.25,-0.26,1954-10-01
1954,11,25.84,26.17,-0.32,1954-11-01
1954,12,25.65,26.24,-0.6,1954-12-01
1955,1,25.8,26.18,-0.39,1955-01-01
1955,2,26.06,26.57,-0.51,1955-02-01
1955,3,26.39,26.92,-0.52,1955-03-01
1955,4,26.82,27.51,-0.69,1955-04-01
1955,5,26.47,27.53,-1.05,1955-05-01
1955,6,26.72,27.3,-0.58,1955-06-01
1955,7,25.84,26.82,-0.99,1955-07-01
1955,8,25.86,26.45,-0.59,1955-08-01
1955,9,25.09,26.25,-1.16,1955-09-01
1955,10,24.7,26.25,-1.55,1955-10-01
1955,11,24.56,26.17,-1.6,1955-11-01
1955,12,24.65,26.24,-1.59,1955-12-01
1956,1,24.98,26.31,-1.33,1956-01-01
1956,2,25.99,26.57,-0.58,1956-02-01
1956,3,26.49,26.99,-0.5,1956-03-01
1956,4,26.93,27.55,-0.62,1956-04-01
1956,5,27.12,27.53,-0.41,1956-05-01
1956,6,26.97,27.39,-0.42,1956-06-01
1956,7,26.34,26.9,-0.56,1956-07-01
1956,8,25.82,26.48,-0.66,1956-08-01
1956,9,25.93,26.25,-0.32,1956-09-01
1956,10,25.97,26.26,-0.29,1956-10-01
1956,11,25.65,26.19,-0.54,1956-11-01
1956,12,25.98,26.26,-0.28,1956-12-01
1957,1,25.97,26.31,-0.34,1957-01-01
1957,2,26.38,26.57,-0.19,1957-02-01
1957,3,27.36,26.99,0.37,1957-03-01
1957,4,28.16,27.55,0.6,1957-04-01
1957,5,28.46,27.53,0.93,1957-05-01
1957,6,28.04,27.39,0.65,1957-06-01
1957,7,27.79,26.9,0.89,1957-07-01
1957,8,27.83,26.48,1.35,1957-08-01
1957,9,27.11,26.25,0.87,1957-09-01
1957,10,27.43,26.26,1.17,1957-10-01
1957,11,27.63,26.19,1.43,1957-11-01
1957,12,27.83,26.26,1.57,1957-12-01
1958,1,28.17,26.31,1.86,1958-01-01
1958,2,28.22,26.57,1.64,1958-02-01
1958,3,28.27,26.99,1.28,1958-03-01
1958,4,28.15,27.55,0.6,1958-04-01
1958,5,28.18,27.53,0.65,1958-05-01
1958,6,27.86,27.39,0.47,1958-06-01
1958,7,27.27,26.9,0.37,1958-07-01
1958,8,26.95,26.48,0.47,1958-08-01
1958,9,26.38,26.25,0.13,1958-09-01
1958,10,26.51,26.26,0.25,1958-10-01
1958,11,26.71,26.19,0.52,1958-11-01
1958,12,26.58,26.26,0.32,1958-12-01
1959,1,27.18,26.31,0.86,1959-01-01
1959,2,27.22,26.57,0.65,1959-02-01
1959,3,27.42,26.99,0.43,1959-03-01
1959,4,27.92,27.55,0.37,1959-04-01
1959,5,27.92,27.53,0.39,1959-05-01
1959,6,27.38,27.39,-0.01,1959-06-01
1959,7,26.59,26.9,-0.31,1959-07-01
1959,8,26.26,26.48,-0.22,1959-08-01
1959,9,26.09,26.25,-0.15,1959-09-01
1959,10,26.52,26.26,0.26,1959-10-01
1959,11,26.42,26.19,0.23,1959-11-01
1959,12,26.49,26.26,0.22,1959-12-01
1960,1,26.29,26.31,-0.02,1960-01-01
1960,2,26.45,26.57,-0.12,1960-02-01
1960,3,27.22,26.99,0.23,1960-03-01
1960,4,27.64,27.55,0.09,1960-04-01
1960,5,27.72,27.53,0.19,1960-05-01
1960,6,27.26,27.39,-0.13,1960-06-01
1960,7,26.84,26.9,-0.05,1960-07-01
1960,8,26.7,26.48,0.22,1960-08-01
1960,9,26.55,26.25,0.31,1960-09-01
1960,10,26.32,26.26,0.06,1960-10-01
1960,11,26.09,26.19,-0.1,1960-11-01
1960,12,26.13,26.26,-0.14,1960-12-01
1961,1,26.28,26.25,0.04,1961-01-01
1961,2,26.64,26.52,0.12,1961-02-01
1961,3,26.88,26.94,-0.06,1961-03-01
1961,4,27.44,27.46,-0.01,1961-04-01
1961,5,27.69,27.46,0.23,1961-05-01
1961,6,27.73,27.27,0.46,1961-06-01
1961,7,26.81,26.85,-0.03,1961-07-01
1961,8,26.27,26.44,-0.17,1961-08-01
1961,9,25.88,26.27,-0.38,1961-09-01
1961,10,25.87,26.26,-0.39,1961-10-01
1961,11,26.31,26.18,0.13,1961-11-01
1961,12,26.11,26.17,-0.05,1961-12-01
1962,1,26.02,26.25,-0.23,1962-01-01
1962,2,26.35,26.52,-0.17,1962-02-01
1962,3,26.86,26.94,-0.08,1962-03-01
1962,4,27.29,27.46,-0.17,1962-04-01
1962,5,27.13,27.46,-0.33,1962-05-01
1962,6,27.22,27.27,-0.05,1962-06-01
1962,7,26.84,26.85,-0.01,1962-07-01
1962,8,26.5,26.44,0.06,1962-08-01
1962,9,25.93,26.27,-0.34,1962-09-01
1962,10,26.08,26.26,-0.18,1962-10-01
1962,11,25.96,26.18,-0.22,1962-11-01
1962,12,25.82,26.17,-0.34,1962-12-01
1963,1,25.85,26.25,-0.4,1963-01-01
1963,2,26.28,26.52,-0.24,1963-02-01
1963,3,27.08,26.94,0.14,1963-03-01
1963,4,27.61,27.46,0.15,1963-04-01
1963,5,27.56,27.46,0.1,1963-05-01
1963,6,27.4,27.27,0.13,1963-06-01
1963,7,27.98,26.85,1.13,1963-07-01
1963,8,27.47,26.44,1.03,1963-08-01
1963,9,27.39,26.27,1.12,1963-09-01
1963,10,27.41,26.26,1.14,1963-10-01
1963,11,27.32,26.18,1.15,1963-11-01
1963,12,27.45,26.17,1.28,1963-12-01
1964,1,27.21,26.25,0.97,1964-01-01
1964,2,27.12,26.52,0.6,1964-02-01
1964,3,26.96,26.94,0.02,1964-03-01
1964,4,27.04,27.46,-0.42,1964-04-01
1964,5,26.81,27.46,-0.65,1964-05-01
1964,6,26.55,27.27,-0.72,1964-06-01
1964,7,26.26,26.85,-0.59,1964-07-01
1964,8,25.77,26.44,-0.67,1964-08-01
1964,9,25.43,26.27,-0.83,1964-09-01
1964,10,25.61,26.26,-0.65,1964-10-01
1964,11,25.29,26.18,-0.89,1964-11-01
1964,12,25.35,26.17,-0.82,1964-12-01
1965,1,25.73,26.25,-0.52,1965-01-01
1965,2,26.34,26.52,-0.18,1965-02-01
1965,3,26.92,26.94,-0.02,1965-03-01
1965,4,27.54,27.46,0.08,1965-04-01
1965,5,27.9,27.46,0.43,1965-05-01
1965,6,28.17,27.27,0.9,1965-06-01
1965,7,27.88,26.85,1.04,1965-07-01
1965,8,27.82,26.44,1.38,1965-08-01
1965,9,27.67,26.27,1.41,1965-09-01
1965,10,28.14,26.26,1.88,1965-10-01
1965,11,27.99,26.18,1.82,1965-11-01
1965,12,27.95,26.17,1.78,1965-12-01
1966,1,27.58,26.35,1.23,1966-01-01
1966,2,27.33,26.61,0.72,1966-02-01
1966,3,27.92,27.01,0.9,1966-03-01
1966,4,28.14,27.48,0.66,1966-04-01
1966,5,27.25,27.5,-0.25,1966-05-01
1966,6,27.68,27.37,0.31,1966-06-01
1966,7,27.41,26.92,0.49,1966-07-01
1966,8,26.47,26.52,-0.05,1966-08-01
1966,9,26.31,26.35,-0.04,1966-09-01
1966,10,26.25,26.42,-0.17,1966-10-01
1966,11,26.28,26.41,-0.14,1966-11-01
1966,12,25.99,26.35,-0.36,1966-12-01
1967,1,25.82,26.35,-0.53,1967-01-01
1967,2,26.12,26.61,-0.48,1967-02-01
1967,3,26.6,27.01,-0.41,1967-03-01
1967,4,26.87,27.48,-0.6,1967-04-01
1967,5,27.43,27.5,-0.07,1967-05-01
1967,6,27.6,27.37,0.23,1967-06-01
1967,7,26.9,26.92,-0.01,1967-07-01
1967,8,26.27,26.52,-0.25,1967-08-01
1967,9,25.84,26.35,-0.51,1967-09-01
1967,10,25.99,26.42,-0.43,1967-10-01
1967,11,26.16,26.41,-0.25,1967-11-01
1967,12,25.96,26.35,-0.39,1967-12-01
1968,1,25.73,26.35,-0.61,1968-01-01
1968,2,25.76,26.61,-0.84,1968-02-01
1968,3,26.29,27.01,-0.72,1968-03-01
1968,4,27.18,27.48,-0.3,1968-04-01
1968,5,27.11,27.5,-0.39,1968-05-01
1968,6,27.78,27.37,0.41,1968-06-01
1968,7,27.43,26.92,0.51,1968-07-01
1968,8,26.92,26.52,0.4,1968-08-01
1968,9,26.59,26.35,0.23,1968-09-01
1968,10,26.83,26.42,0.41,1968-10-01
1968,11,27.29,26.41,0.88,1968-11-01
1968,12,27.07,26.35,0.72,1968-12-01
1969,1,27.55,26.35,1.2,1969-01-01
1969,2,27.65,26.61,1.04,1969-02-01
1969,3,27.72,27.01,0.71,1969-03-01
1969,4,28.05,27.48,0.57,1969-04-01
1969,5,28.29,27.5,0.79,1969-05-01
1969,6,27.87,27.37,0.5,1969-06-01
1969,7,27.07,26.92,0.15,1969-07-01
1969,8,26.97,26.52,0.45,1969-08-01
1969,9,26.98,26.35,0.62,1969-09-01
1969,10,27.19,26.42,0.77,1969-10-01
1969,11,27.17,26.41,0.76,1969-11-01
1969,12,27.28,26.35,0.93,1969-12-01
1970,1,26.79,26.35,0.45,1970-01-01
1970,2,26.63,26.61,0.02,1970-02-01
1970,3,27.26,27.01,0.25,1970-03-01
1970,4,27.92,27.48,0.45,1970-04-01
1970,5,27.67,27.5,0.16,1970-05-01
1970,6,27.11,27.37,-0.25,1970-06-01
1970,7,26.25,26.92,-0.67,1970-07-01
1970,8,25.8,26.52,-0.72,1970-08-01
1970,9,25.61,26.35,-0.75,1970-09-01
1970,10,25.83,26.42,-0.59,1970-10-01
1970,11,25.59,26.41,-0.82,1970-11-01
1970,12,25.43,26.35,-0.92,1970-12-01
1971,1,24.85,26.4,-1.55,1971-01-01
1971,2,25.24,26.63,-1.39,1971-02-01
1971,3,25.93,27.06,-1.13,1971-03-01
1971,4,26.75,27.47,-0.72,1971-04-01
1971,5,26.99,27.56,-0.57,1971-05-01
1971,6,26.54,27.41,-0.87,1971-06-01
1971,7,26.33,26.95,-0.62,1971-07-01
1971,8,26.05,26.57,-0.53,1971-08-01
1971,9,25.78,26.43,-0.65,1971-09-01
1971,10,25.62,26.47,-0.85,1971-10-01
1971,11,25.64,26.46,-0.81,1971-11-01
1971,12,25.53,26.44,-0.91,1971-12-01
1972,1,25.8,26.4,-0.59,1972-01-01
1972,2,26.44,26.63,-0.18,1972-02-01
1972,3,27.03,27.06,-0.03,1972-03-01
1972,4,27.83,27.47,0.35,1972-04-01
1972,5,28.0,27.56,0.45,1972-05-01
1972,6,28.05,27.41,0.64,1972-06-01
1972,7,27.97,26.95,1.02,1972-07-01
1972,8,27.92,26.57,1.35,1972-08-01
1972,9,27.85,26.43,1.42,1972-09-01
1972,10,28.2,26.47,1.73,1972-10-01
1972,11,28.38,26.46,1.93,1972-11-01
1972,12,28.32,26.44,1.89,1972-12-01
1973,1,27.92,26.4,1.52,1973-01-01
1973,2,27.87,26.63,1.25,1973-02-01
1973,3,27.68,27.06,0.62,1973-03-01
1973,4,27.28,27.47,-0.19,1973-04-01
1973,5,27.05,27.56,-0.51,1973-05-01
1973,6,26.58,27.41,-0.83,1973-06-01
1973,7,25.91,26.95,-1.04,1973-07-01
1973,8,25.48,26.57,-1.09,1973-08-01
1973,9,25.24,26.43,-1.19,1973-09-01
1973,10,24.98,26.47,-1.48,1973-10-01
1973,11,24.41,26.46,-2.05,1973-11-01
1973,12,24.32,26.44,-2.12,1973-12-01
1974,1,24.47,26.4,-1.93,1974-01-01
1974,2,25.07,26.63,-1.56,1974-02-01
1974,3,25.79,27.06,-1.27,1974-03-01
1974,4,26.61,27.47,-0.86,1974-04-01
1974,5,26.74,27.56,-0.82,1974-05-01
1974,6,26.98,27.41,-0.43,1974-06-01
1974,7,26.3,26.95,-0.65,1974-07-01
1974,8,26.28,26.57,-0.29,1974-08-01
1974,9,26.19,26.43,-0.24,1974-09-01
1974,10,25.61,26.47,-0.85,1974-10-01
1974,11,25.5,26.46,-0.96,1974-11-01
1974,12,25.62,26.44,-0.82,1974-12-01
1975,1,26.05,26.4,-0.35,1975-01-01
1975,2,26.12,26.63,-0.51,1975-02-01
1975,3,26.29,27.06,-0.77,1975-03-01
1975,4,26.93,27.47,-0.54,1975-04-01
1975,5,26.9,27.56,-0.65,1975-05-01
1975,6,26.23,27.41,-1.18,1975-06-01
1975,7,26.05,26.95,-0.9,1975-07-01
1975,8,25.43,26.57,-1.14,1975-08-01
1975,9,25.14,26.43,-1.29,1975-09-01
1975,10,25.04,26.47,-1.43,1975-10-01
1975,11,25.24,26.46,-1.22,1975-11-01
1975,12,24.67,26.44,-1.76,1975-12-01
1976,1,24.62,26.38,-1.76,1976-01-01
1976,2,25.66,26.6,-0.94,1976-02-01
1976,3,26.39,27.03,-0.64,1976-03-01
1976,4,27.07,27.44,-0.37,1976-04-01
1976,5,27.17,27.51,-0.33,1976-05-01
1976,6,27.42,27.39,0.03,1976-06-01
1976,7,27.27,26.97,0.3,1976-07-01
1976,8,26.95,26.59,0.37,1976-08-01
1976,9,27.06,26.51,0.56,1976-09-01
1976,10,27.39,26.49,0.9,1976-10-01
1976,11,27.39,26.47,0.92,1976-11-01
1976,12,27.09,26.45,0.64,1976-12-01
1977,1,27.37,26.38,0.99,1977-01-01
1977,2,27.12,26.6,0.52,1977-02-01
1977,3,27.52,27.03,0.49,1977-03-01
1977,4,27.42,27.44,-0.01,1977-04-01
1977,5,27.82,27.51,0.31,1977-05-01
1977,6,27.89,27.39,0.5,1977-06-01
1977,7,27.55,26.97,0.58,1977-07-01
1977,8,26.69,26.59,0.11,1977-08-01
1977,9,26.88,26.51,0.37,1977-09-01
1977,10,27.36,26.49,0.88,1977-10-01
1977,11,27.29,26.47,0.82,1977-11-01
1977,12,27.29,26.45,0.85,1977-12-01
1978,1,27.18,26.38,0.8,1978-01-01
1978,2,27.08,26.6,0.48,1978-02-01
1978,3,27.32,27.03,0.29,1978-03-01
1978,4,27.18,27.44,-0.26,1978-04-01
1978,5,27.3,27.51,-0.21,1978-05-01
1978,6,27.04,27.39,-0.35,1978-06-01
1978,7,26.82,26.97,-0.15,1978-07-01
1978,8,26.0,26.59,-0.59,1978-08-01
1978,9,26.15,26.51,-0.36,1978-09-01
1978,10,26.12,26.49,-0.37,1978-10-01
1978,11,26.4,26.47,-0.08,1978-11-01
1978,12,26.69,26.45,0.25,1978-12-01
1979,1,26.54,26.38,0.16,1979-01-01
1979,2,26.78,26.6,0.18,1979-02-01
1979,3,27.34,27.03,0.31,1979-03-01
1979,4,27.84,27.44,0.4,1979-04-01
1979,5,27.77,27.51,0.27,1979-05-01
1979,6,27.6,27.39,0.21,1979-06-01
1979,7,26.92,26.97,-0.05,1979-07-01
1979,8,26.7,26.59,0.12,1979-08-01
1979,9,27.11,26.51,0.6,1979-09-01
1979,10,26.79,26.49,0.3,1979-10-01
1979,11,27.0,26.47,0.53,1979-11-01
1979,12,27.13,26.45,0.68,1979-12-01
1980,1,27.1,26.38,0.72,1980-01-01
1980,2,27.06,26.6,0.46,1980-02-01
1980,3,27.28,27.03,0.25,1980-03-01
1980,4,27.79,27.44,0.35,1980-04-01
1980,5,27.95,27.51,0.44,1980-05-01
1980,6,27.97,27.39,0.58,1980-06-01
1980,7,27.15,26.97,0.18,1980-07-01
1980,8,26.38,26.59,-0.21,1980-08-01
1980,9,26.35,26.51,-0.16,1980-09-01
1980,10,26.35,26.49,-0.14,1980-10-01
1980,11,26.59,26.47,0.11,1980-11-01
1980,12,26.73,26.45,0.28,1980-12-01
1981,1,26.02,26.56,-0.53,1981-01-01
1981,2,26.19,26.73,-0.54,1981-02-01
1981,3,27.0,27.16,-0.16,1981-03-01
1981,4,27.1,27.59,-0.49,1981-04-01
1981,5,27.54,27.67,-0.13,1981-05-01
1981,6,27.28,27.49,-0.21,1981-06-01
1981,7,26.57,27.02,-0.46,1981-07-01
1981,8,26.46,26.63,-0.16,1981-08-01
1981,9,26.51,26.56,-0.05,1981-09-01
1981,10,26.52,26.52,-0.01,1981-10-01
1981,11,26.13,26.53,-0.4,1981-11-01
1981,12,26.38,26.52,-0.14,1981-12-01
1982,1,26.7,26.56,0.15,1982-01-01
1982,2,26.59,26.73,-0.14,1982-02-01
1982,3,27.22,27.16,0.06,1982-03-01
1982,4,27.9,27.59,0.31,1982-04-01
1982,5,28.35,27.67,0.68,1982-05-01
1982,6,28.47,27.49,0.98,1982-06-01
1982,7,27.57,27.02,0.55,1982-07-01
1982,8,27.45,26.63,0.82,1982-08-01
1982,9,28.15,26.56,1.6,1982-09-01
1982,10,28.48,26.52,1.96,1982-10-01
1982,11,28.47,26.53,1.93,1982-11-01
1982,12,28.74,26.52,2.22,1982-12-01
1983,1,28.78,26.56,2.23,1983-01-01
1983,2,28.72,26.73,1.99,1983-02-01
1983,3,28.69,27.16,1.53,1983-03-01
1983,4,28.66,27.59,1.07,1983-04-01
1983,5,28.77,27.67,1.1,1983-05-01
1983,6,28.17,27.49,0.68,1983-06-01
1983,7,27.11,27.02,0.08,1983-07-01
1983,8,26.62,26.63,-0.0,1983-08-01
1983,9,26.31,26.56,-0.25,1983-09-01
1983,10,25.49,26.52,-1.03,1983-10-01
1983,11,25.54,26.53,-0.99,1983-11-01
1983,12,25.66,26.52,-0.86,1983-12-01
1984,1,25.75,26.56,-0.81,1984-01-01
1984,2,26.51,26.73,-0.22,1984-02-01
1984,3,26.66,27.16,-0.5,1984-03-01
1984,4,27.18,27.59,-0.41,1984-04-01
1984,5,27.18,27.67,-0.49,1984-05-01
1984,6,26.76,27.49,-0.72,1984-06-01
1984,7,26.68,27.02,-0.34,1984-07-01
1984,8,26.53,26.63,-0.09,1984-08-01
1984,9,26.33,26.56,-0.23,1984-09-01
1984,10,25.9,26.52,-0.62,1984-10-01
1984,11,25.55,26.53,-0.98,1984-11-01
1984,12,25.28,26.52,-1.24,1984-12-01
1985,1,25.62,26.56,-0.93,1985-01-01
1985,2,25.88,26.73,-0.86,1985-02-01
1985,3,26.38,27.16,-0.78,1985-03-01
1985,4,26.7,27.59,-0.89,1985-04-01
1985,5,26.95,27.67,-0.72,1985-05-01
1985,6,26.75,27.49,-0.73,1985-06-01
1985,7,26.67,27.02,-0.35,1985-07-01
1985,8,26.39,26.63,-0.23,1985-08-01
1985,9,26.17,26.56,-0.38,1985-09-01
1985,10,26.24,26.52,-0.28,1985-10-01
1985,11,26.31,26.53,-0.23,1985-11-01
1985,12,26.21,26.52,-0.3,1985-12-01
1986,1,25.93,26.46,-0.53,1986-01-01
1986,2,26.33,26.69,-0.37,1986-02-01
1986,3,26.9,27.14,-0.23,1986-03-01
1986,4,27.46,27.59,-0.13,1986-04-01
1986,5,27.57,27.71,-0.14,1986-05-01
1986,6,27.47,27.46,0.02,1986-06-01
1986,7,27.23,27.02,0.21,1986-07-01
1986,8,27.19,26.67,0.52,1986-08-01
1986,9,27.27,26.61,0.65,1986-09-01
1986,10,27.28,26.54,0.75,1986-10-01
1986,11,27.72,26.52,1.2,1986-11-01
1986,12,27.72,26.48,1.24,1986-12-01
1987,1,27.65,26.46,1.19,1987-01-01
1987,2,27.81,26.69,1.12,1987-02-01
1987,3,28.23,27.14,1.09,1987-03-01
1987,4,28.44,27.59,0.86,1987-04-01
1987,5,28.61,27.71,0.89,1987-05-01
1987,6,28.56,27.46,1.11,1987-06-01
1987,7,28.36,27.02,1.34,1987-07-01
1987,8,28.14,26.67,1.47,1987-08-01
1987,9,28.2,26.61,1.59,1987-09-01
1987,10,27.96,26.54,1.43,1987-10-01
1987,11,27.75,26.52,1.23,1987-11-01
1987,12,27.45,26.48,0.97,1987-12-01
1988,1,27.29,26.46,0.82,1988-01-01
1988,2,26.8,26.69,0.11,1988-02-01
1988,3,27.32,27.14,0.18,1988-03-01
1988,4,27.23,27.59,-0.36,1988-04-01
1988,5,26.56,27.71,-1.15,1988-05-01
1988,6,26.01,27.46,-1.44,1988-06-01
1988,7,25.72,27.02,-1.3,1988-07-01
1988,8,25.53,26.67,-1.13,1988-08-01
1988,9,25.64,26.61,-0.98,1988-09-01
1988,10,24.86,26.54,-1.68,1988-10-01
1988,11,24.56,26.52,-1.97,1988-11-01
1988,12,24.7,26.48,-1.78,1988-12-01
1989,1,24.66,26.46,-1.8,1989-01-01
1989,2,25.38,26.69,-1.32,1989-02-01
1989,3,26.13,27.14,-1.01,1989-03-01
1989,4,26.67,27.59,-0.92,1989-04-01
1989,5,27.11,27.71,-0.6,1989-05-01
1989,6,27.18,27.46,-0.28,1989-06-01
1989,7,26.72,27.02,-0.3,1989-07-01
1989,8,26.15,26.67,-0.52,1989-08-01
1989,9,26.37,26.61,-0.24,1989-09-01
1989,10,26.33,26.54,-0.21,1989-10-01
1989,11,26.24,26.52,-0.28,1989-11-01
1989,12,26.63,26.48,0.15,1989-12-01
1990,1,26.49,26.46,0.02,1990-01-01
1990,2,27.08,26.69,0.39,1990-02-01
1990,3,27.3,27.14,0.16,1990-03-01
1990,4,27.96,27.59,0.38,1990-04-01
1990,5,28.01,27.71,0.3,1990-05-01
1990,6,27.55,27.46,0.09,1990-06-01
1990,7,27.4,27.02,0.38,1990-07-01
1990,8,26.99,26.67,0.32,1990-08-01
1990,9,26.88,26.61,0.26,1990-09-01
1990,10,26.9,26.54,0.36,1990-10-01
1990,11,26.73,26.52,0.21,1990-11-01
1990,12,26.85,26.48,0.37,1990-12-01
1991,1,27.07,26.61,0.46,1991-01-01
1991,2,27.05,26.81,0.24,1991-02-01
1991,3,27.38,27.28,0.1,1991-03-01
1991,4,28.07,27.71,0.36,1991-04-01
1991,5,28.26,27.83,0.43,1991-05-01
1991,6,28.31,27.62,0.69,1991-06-01
1991,7,27.97,27.18,0.8,1991-07-01
1991,8,27.65,26.82,0.83,1991-08-01
1991,9,27.18,26.78,0.41,1991-09-01
1991,10,27.66,26.74,0.92,1991-10-01
1991,11,27.88,26.71,1.17,1991-11-01
1991,12,28.13,26.67,1.46,1991-12-01
1992,1,28.29,26.61,1.68,1992-01-01
1992,2,28.3,26.81,1.49,1992-02-01
1992,3,28.62,27.28,1.34,1992-03-01
1992,4,29.11,27.71,1.4,1992-04-01
1992,5,29.0,27.83,1.17,1992-05-01
1992,6,28.3,27.62,0.68,1992-06-01
1992,7,27.51,27.18,0.34,1992-07-01
1992,8,26.87,26.82,0.04,1992-08-01
1992,9,26.65,26.78,-0.13,1992-09-01
1992,10,26.39,26.74,-0.36,1992-10-01
1992,11,26.54,26.71,-0.17,1992-11-01
1992,12,26.49,26.67,-0.18,1992-12-01
1993,1,26.83,26.61,0.22,1993-01-01
1993,2,27.17,26.81,0.36,1993-02-01
1993,3,27.64,27.28,0.36,1993-03-01
1993,4,28.5,27.71,0.79,1993-04-01
1993,5,28.9,27.83,1.07,1993-05-01
1993,6,28.04,27.62,0.43,1993-06-01
1993,7,27.39,27.18,0.21,1993-07-01
1993,8,27.03,26.82,0.21,1993-08-01
1993,9,27.02,26.78,0.25,1993-09-01
1993,10,26.91,26.74,0.17,1993-10-01
1993,11,26.92,26.71,0.21,1993-11-01
1993,12,26.89,26.67,0.22,1993-12-01
1994,1,26.76,26.61,0.15,1994-01-01
1994,2,26.66,26.81,-0.16,1994-02-01
1994,3,27.3,27.28,0.02,1994-03-01
1994,4,27.98,27.71,0.27,1994-04-01
1994,5,28.07,27.83,0.23,1994-05-01
1994,6,27.89,27.62,0.27,1994-06-01
1994,7,27.38,27.18,0.2,1994-07-01
1994,8,27.26,26.82,0.44,1994-08-01
1994,9,27.04,26.78,0.26,1994-09-01
1994,10,27.46,26.74,0.72,1994-10-01
1994,11,27.72,26.71,1.01,1994-11-01
1994,12,27.74,26.67,1.08,1994-12-01
1995,1,27.45,26.61,0.84,1995-01-01
1995,2,27.56,26.81,0.75,1995-02-01
1995,3,27.67,27.28,0.39,1995-03-01
1995,4,27.97,27.71,0.25,1995-04-01
1995,5,27.78,27.83,-0.05,1995-05-01
1995,6,27.51,27.62,-0.11,1995-06-01
1995,7,27.02,27.18,-0.16,1995-07-01
1995,8,26.2,26.82,-0.62,1995-08-01
1995,9,25.92,26.78,-0.85,1995-09-01
1995,10,25.81,26.74,-0.93,1995-10-01
1995,11,25.61,26.71,-1.1,1995-11-01
1995,12,25.58,26.67,-1.09,1995-12-01
1996,1,25.75,26.57,-0.82,1996-01-01
1996,2,26.03,26.76,-0.73,1996-02-01
1996,3,26.68,27.24,-0.55,1996-03-01
1996,4,27.47,27.73,-0.27,1996-04-01
1996,5,27.61,27.84,-0.23,1996-05-01
1996,6,27.38,27.61,-0.23,1996-06-01
1996,7,26.93,27.17,-0.24,1996-07-01
1996,8,26.67,26.84,-0.17,1996-08-01
1996,9,26.35,26.73,-0.38,1996-09-01
1996,10,26.34,26.67,-0.33,1996-10-01
1996,11,26.37,26.64,-0.27,1996-11-01
1996,12,26.02,26.57,-0.55,1996-12-01
1997,1,26.15,26.57,-0.42,1997-01-01
1997,2,26.52,26.76,-0.24,1997-02-01
1997,3,27.12,27.24,-0.11,1997-03-01
1997,4,28.0,27.73,0.26,1997-04-01
1997,5,28.59,27.84,0.75,1997-05-01
1997,6,28.74,27.61,1.13,1997-06-01
1997,7,28.69,27.17,1.52,1997-07-01
1997,8,28.64,26.84,1.8,1997-08-01
1997,9,28.79,26.73,2.06,1997-09-01
1997,10,28.94,26.67,2.26,1997-10-01
1997,11,29.06,26.64,2.42,1997-11-01
1997,12,28.93,26.57,2.36,1997-12-01
1998,1,28.89,26.57,2.33,1998-01-01
1998,2,28.74,26.76,1.98,1998-02-01
1998,3,28.67,27.24,1.43,1998-03-01
1998,4,28.52,27.73,0.79,1998-04-01
1998,5,28.72,27.84,0.88,1998-05-01
1998,6,27.15,27.61,-0.45,1998-06-01
1998,7,26.52,27.17,-0.65,1998-07-01
1998,8,26.06,26.84,-0.79,1998-08-01
1998,9,25.69,26.73,-1.04,1998-09-01
1998,10,25.46,26.67,-1.21,1998-10-01
1998,11,25.53,26.64,-1.1,1998-11-01
1998,12,24.98,26.57,-1.59,1998-12-01
1999,1,24.87,26.57,-1.7,1999-01-01
1999,2,25.54,26.76,-1.22,1999-02-01
1999,3,26.41,27.24,-0.82,1999-03-01
1999,4,27.01,27.73,-0.72,1999-04-01
1999,5,27.0,27.84,-0.85,1999-05-01
1999,6,26.81,27.61,-0.79,1999-06-01
1999,7,26.31,27.17,-0.86,1999-07-01
1999,8,25.8,26.84,-1.04,1999-08-01
1999,9,25.81,26.73,-0.92,1999-09-01
1999,10,25.65,26.67,-1.02,1999-10-01
1999,11,25.19,26.64,-1.44,1999-11-01
1999,12,24.99,26.57,-1.57,1999-12-01
2000,1,25.02,26.57,-1.55,2000-01-01
2000,2,25.5,26.76,-1.26,2000-02-01
2000,3,26.26,27.24,-0.97,2000-03-01
2000,4,27.04,27.73,-0.69,2000-04-01
2000,5,27.09,27.84,-0.75,2000-05-01
2000,6,27.05,27.61,-0.56,2000-06-01
2000,7,26.64,27.17,-0.53,2000-07-01
2000,8,26.52,26.84,-0.32,2000-08-01
2000,9,26.41,26.73,-0.32,2000-09-01
2000,10,26.08,26.67,-0.59,2000-10-01
2000,11,25.95,26.64,-0.69,2000-11-01
2000,12,25.58,26.57,-0.98,2000-12-01
2001,1,25.82,26.48,-0.66,2001-01-01
2001,2,26.06,26.69,-0.63,2001-02-01
2001,3,26.89,27.21,-0.32,2001-03-01
2001,4,27.44,27.78,-0.34,2001-04-01
2001,5,27.69,27.88,-0.19,2001-05-01
2001,6,27.64,27.67,-0.03,2001-06-01
2001,7,27.26,27.26,-0.0,2001-07-01
2001,8,26.81,26.91,-0.1,2001-08-01
2001,9,26.51,26.8,-0.29,2001-09-01
2001,10,26.69,26.76,-0.07,2001-10-01
2001,11,26.37,26.77,-0.41,2001-11-01
2001,12,26.17,26.66,-0.49,2001-12-01
2002,1,26.44,26.48,-0.05,2002-01-01
2002,2,26.79,26.69,0.11,2002-02-01
2002,3,27.37,27.21,0.16,2002-03-01
2002,4,27.87,27.78,0.08,2002-04-01
2002,5,28.11,27.88,0.23,2002-05-01
2002,6,28.27,27.67,0.6,2002-06-01
2002,7,27.8,27.26,0.54,2002-07-01
2002,8,27.5,26.91,0.59,2002-08-01
2002,9,27.59,26.8,0.79,2002-09-01
2002,10,27.73,26.76,0.97,2002-10-01
2002,11,28.01,26.77,1.24,2002-11-01
2002,12,28.03,26.66,1.37,2002-12-01
2003,1,27.13,26.48,0.64,2003-01-01
2003,2,27.38,26.69,0.69,2003-02-01
2003,3,27.67,27.21,0.46,2003-03-01
2003,4,27.79,27.78,0.01,2003-04-01
2003,5,27.4,27.88,-0.48,2003-05-01
2003,6,27.62,27.67,-0.05,2003-06-01
2003,7,27.4,27.26,0.13,2003-07-01
2003,8,27.12,26.91,0.21,2003-08-01
2003,9,26.88,26.8,0.08,2003-09-01
2003,10,27.16,26.76,0.4,2003-10-01
2003,11,26.98,26.77,0.21,2003-11-01
2003,12,26.93,26.66,0.28,2003-12-01
2004,1,26.89,26.48,0.41,2004-01-01
2004,2,27.03,26.69,0.34,2004-02-01
2004,3,27.28,27.21,0.07,2004-03-01
2004,4,27.94,27.78,0.16,2004-04-01
2004,5,27.96,27.88,0.08,2004-05-01
2004,6,27.8,27.67,0.13,2004-06-01
2004,7,27.74,27.26,0.47,2004-07-01
2004,8,27.49,26.91,0.58,2004-08-01
2004,9,27.39,26.8,0.59,2004-09-01
2004,10,27.34,26.76,0.58,2004-10-01
2004,11,27.43,26.77,0.66,2004-11-01
2004,12,27.36,26.66,0.7,2004-12-01
2005,1,27.26,26.48,0.77,2005-01-01
2005,2,27.09,26.69,0.4,2005-02-01
2005,3,27.71,27.21,0.5,2005-03-01
2005,4,28.09,27.78,0.3,2005-04-01
2005,5,28.2,27.88,0.32,2005-05-01
2005,6,27.87,27.67,0.2,2005-06-01
2005,7,27.04,27.26,-0.22,2005-07-01
2005,8,26.82,26.91,-0.09,2005-08-01
2005,9,26.7,26.8,-0.1,2005-09-01
2005,10,26.64,26.76,-0.12,2005-10-01
2005,11,26.19,26.77,-0.58,2005-11-01
2005,12,25.67,26.66,-0.99,2005-12-01
2006,1,25.74,26.61,-0.87,2006-01-01
2006,2,26.09,26.8,-0.71,2006-02-01
2006,3,26.51,27.31,-0.8,2006-03-01
2006,4,27.53,27.9,-0.37,2006-04-01
2006,5,27.82,27.98,-0.16,2006-05-01
2006,6,27.74,27.76,-0.02,2006-06-01
2006,7,27.34,27.31,0.03,2006-07-01
2006,8,27.28,26.9,0.37,2006-08-01
2006,9,27.34,26.74,0.6,2006-09-01
2006,10,27.41,26.75,0.66,2006-10-01
2006,11,27.66,26.77,0.89,2006-11-01
2006,12,27.74,26.62,1.12,2006-12-01
2007,1,27.25,26.61,0.65,2007-01-01
2007,2,26.9,26.8,0.11,2007-02-01
2007,3,27.14,27.31,-0.17,2007-03-01
2007,4,27.63,27.9,-0.27,2007-04-01
2007,5,27.48,27.98,-0.5,2007-05-01
2007,6,27.52,27.76,-0.24,2007-06-01
2007,7,26.83,27.31,-0.49,2007-07-01
2007,8,26.18,26.9,-0.72,2007-08-01
2007,9,25.66,26.74,-1.08,2007-09-01
2007,10,25.42,26.75,-1.34,2007-10-01
2007,11,25.07,26.77,-1.7,2007-11-01
2007,12,24.96,26.62,-1.66,2007-12-01
2008,1,24.82,26.61,-1.79,2008-01-01
2008,2,25.0,26.8,-1.8,2008-02-01
2008,3,26.07,27.31,-1.24,2008-03-01
2008,4,26.85,27.9,-1.05,2008-04-01
2008,5,27.15,27.98,-0.83,2008-05-01
2008,6,27.12,27.76,-0.64,2008-06-01
2008,7,27.13,27.31,-0.18,2008-07-01
2008,8,26.74,26.9,-0.16,2008-08-01
2008,9,26.49,26.74,-0.25,2008-09-01
2008,10,26.45,26.75,-0.31,2008-10-01
2008,11,26.28,26.77,-0.49,2008-11-01
2008,12,25.74,26.62,-0.89,2008-12-01
2009,1,25.63,26.61,-0.98,2009-01-01
2009,2,26.02,26.8,-0.78,2009-02-01
2009,3,26.58,27.31,-0.74,2009-03-01
2009,4,27.54,27.9,-0.37,2009-04-01
2009,5,28.05,27.98,0.07,2009-05-01
2009,6,28.17,27.76,0.41,2009-06-01
2009,7,27.87,27.31,0.56,2009-07-01
2009,8,27.44,26.9,0.53,2009-08-01
2009,9,27.34,26.74,0.6,2009-09-01
2009,10,27.6,26.75,0.85,2009-10-01
2009,11,28.1,26.77,1.34,2009-11-01
2009,12,28.37,26.62,1.74,2009-12-01
2010,1,28.03,26.61,1.42,2010-01-01
2010,2,28.07,26.8,1.27,2010-02-01
2010,3,28.26,27.31,0.95,2010-03-01
2010,4,28.34,27.9,0.43,2010-04-01
2010,5,27.75,27.98,-0.24,2010-05-01
2010,6,27.1,27.76,-0.66,2010-06-01
2010,7,26.26,27.31,-1.06,2010-07-01
2010,8,25.69,26.9,-1.22,2010-08-01
2010,9,25.3,26.74,-1.44,2010-09-01
2010,10,25.13,26.75,-1.63,2010-10-01
2010,11,25.22,26.77,-1.55,2010-11-01
2010,12,25.09,26.62,-1.53,2010-12-01
2011,1,25.11,26.44,-1.33,2011-01-01
2011,2,25.66,26.66,-1.0,2011-02-01
2011,3,26.39,27.22,-0.83,2011-03-01
2011,4,27.09,27.79,-0.71,2011-04-01
2011,5,27.38,27.88,-0.5,2011-05-01
2011,6,27.43,27.71,-0.28,2011-06-01
2011,7,27.07,27.29,-0.22,2011-07-01
2011,8,26.27,26.87,-0.6,2011-08-01
2011,9,26.04,26.71,-0.68,2011-09-01
2011,10,25.7,26.71,-1.01,2011-10-01
2011,11,25.59,26.71,-1.12,2011-11-01
2011,12,25.61,26.53,-0.91,2011-12-01
2012,1,25.74,26.44,-0.7,2012-01-01
2012,2,26.17,26.66,-0.49,2012-02-01
2012,3,26.76,27.22,-0.46,2012-03-01
2012,4,27.44,27.79,-0.36,2012-04-01
2012,5,27.67,27.88,-0.21,2012-05-01
2012,6,27.76,27.71,0.05,2012-06-01
2012,7,27.55,27.29,0.26,2012-07-01
2012,8,27.41,26.87,0.54,2012-08-01
2012,9,27.09,26.71,0.38,2012-09-01
2012,10,26.91,26.71,0.2,2012-10-01
2012,11,26.98,26.71,0.28,2012-11-01
2012,12,26.47,26.53,-0.06,2012-12-01
2013,1,26.16,26.44,-0.28,2013-01-01
2013,2,26.28,26.66,-0.38,2013-02-01
2013,3,27.06,27.22,-0.16,2013-03-01
2013,4,27.66,27.79,-0.13,2013-04-01
2013,5,27.58,27.88,-0.3,2013-05-01
2013,6,27.24,27.71,-0.47,2013-06-01
2013,7,26.93,27.29,-0.36,2013-07-01
2013,8,26.37,26.87,-0.51,2013-08-01
2013,9,26.56,26.71,-0.15,2013-09-01
2013,10,26.43,26.71,-0.27,2013-10-01
2013,11,26.74,26.71,0.03,2013-11-01
2013,12,26.42,26.53,-0.11,2013-12-01
2014,1,26.21,26.44,-0.24,2014-01-01
2014,2,26.31,26.66,-0.35,2014-02-01
2014,3,27.21,27.22,-0.02,2014-03-01
2014,4,28.12,27.79,0.33,2014-04-01
2014,5,28.34,27.88,0.46,2014-05-01
2014,6,27.98,27.71,0.27,2014-06-01
2014,7,27.22,27.29,-0.07,2014-07-01
2014,8,26.88,26.87,0.01,2014-08-01
2014,9,27.01,26.71,0.3,2014-09-01
2014,10,27.14,26.71,0.43,2014-10-01
2014,11,27.53,26.71,0.82,2014-11-01
2014,12,27.4,26.53,0.87,2014-12-01
2015,1,27.16,26.44,0.72,2015-01-01
2015,2,27.29,26.66,0.63,2015-02-01
2015,3,27.84,27.22,0.62,2015-03-01
2015,4,28.74,27.79,0.94,2015-04-01
2015,5,28.9,27.88,1.02,2015-05-01
2015,6,28.88,27.71,1.17,2015-06-01
2015,7,28.69,27.29,1.4,2015-07-01
2015,8,28.63,26.87,1.76,2015-08-01
2015,9,28.77,26.71,2.06,2015-09-01
2015,10,28.97,26.71,2.26,2015-10-01
2015,11,29.24,26.71,2.54,2015-11-01
2015,12,29.11,26.53,2.58,2015-12-01
2016,1,29.11,26.44,2.67,2016-01-01
2016,2,28.93,26.66,2.27,2016-02-01
2016,3,28.93,27.22,1.71,2016-03-01
2016,4,28.9,27.79,1.1,2016-04-01
2016,5,28.39,27.88,0.52,2016-05-01
2016,6,27.82,27.71,0.11,2016-06-01
2016,7,26.95,27.29,-0.34,2016-07-01
2016,8,26.54,26.87,-0.33,2016-08-01
2016,9,26.39,26.71,-0.33,2016-09-01
2016,10,26.12,26.71,-0.59,2016-10-01
2016,11,26.1,26.71,-0.6,2016-11-01
2016,12,26.26,26.53,-0.27,2016-12-01
2017,1,26.21,26.44,-0.23,2017-01-01
2017,2,26.95,26.66,0.29,2017-02-01
2017,3,27.43,27.22,0.21,2017-03-01
2017,4,28.13,27.79,0.34,2017-04-01
2017,5,28.31,27.88,0.43,2017-05-01
2017,6,28.02,27.71,0.31,2017-06-01
2017,7,27.51,27.29,0.22,2017-07-01
2017,8,26.78,26.87,-0.09,2017-08-01
2017,9,26.4,26.71,-0.31,2017-09-01
2017,10,26.44,26.71,-0.26,2017-10-01
2017,11,25.99,26.71,-0.72,2017-11-01
2017,12,25.71,26.53,-0.82,2017-12-01
2018,1,25.73,26.44,-0.71,2018-01-01
2018,2,26.08,26.66,-0.58,2018-02-01
2018,3,26.53,27.22,-0.7,2018-03-01
2018,4,27.45,27.79,-0.34,2018-04-01
2018,5,27.87,27.88,-0.01,2018-05-01
2018,6,27.86,27.71,0.15,2018-06-01
2018,7,27.56,27.29,0.28,2018-07-01
2018,8,27.07,26.87,0.19,2018-08-01
2018,9,27.15,26.71,0.43,2018-09-01
2018,10,27.65,26.71,0.95,2018-10-01
2018,11,27.79,26.71,1.08,2018-11-01
2018,12,27.65,26.53,1.12,2018-12-01
2019,1,27.41,26.44,0.97,2019-01-01
2019,2,27.56,26.66,0.9,2019-02-01
2019,3,28.18,27.22,0.96,2019-03-01
2019,4,28.55,27.79,0.76,2019-04-01
2019,5,28.64,27.88,0.76,2019-05-01
2019,6,28.33,27.71,0.62,2019-06-01
2019,7,27.69,27.29,0.4,2019-07-01
2019,8,27.02,26.87,0.15,2019-08-01
2019,9,26.79,26.71,0.08,2019-09-01
2019,10,27.43,26.71,0.72,2019-10-01
2019,11,27.44,26.71,0.73,2019-11-01
2019,12,27.24,26.53,0.71,2019-12-01
2020,1,27.27,26.44,0.83,2020-01-01
2020,2,27.26,26.66,0.6,2020-02-01
2020,3,27.8,27.22,0.57,2020-03-01
2020,4,28.34,27.79,0.54,2020-04-01
2020,5,27.78,27.88,-0.1,2020-05-01
2020,6,27.39,27.71,-0.32,2020-06-01
2020,7,27.2,27.29,-0.09,2020-07-01
2020,8,26.42,26.87,-0.45,2020-08-01
2020,9,25.97,26.71,-0.75,2020-09-01
2020,10,25.6,26.71,-1.11,2020-10-01
2020,11,25.58,26.71,-1.13,2020-11-01
2020,12,25.46,26.53,-1.07,2020-12-01
2021,1,25.49,26.44,-0.96,2021-01-01
2021,2,25.72,26.66,-0.94,2021-02-01
2021,3,26.57,27.22,-0.66,2021-03-01
2021,4,27.17,27.79,-0.62,2021-04-01
2021,5,27.48,27.88,-0.4,2021-05-01
2021,6,27.54,27.71,-0.17,2021-06-01
2021,7,26.93,27.29,-0.36,2021-07-01
2021,8,26.38,26.87,-0.49,2021-08-01
2021,9,26.18,26.71,-0.53,2021-09-01
2021,10,25.84,26.71,-0.87,2021-10-01
2021,11,25.83,26.71,-0.88,2021-11-01
2021,12,25.57,26.53,-0.96,2021-12-01
2022,1,25.8,26.44,-0.64,2022-01-01
2022,2,26.0,26.66,-0.66,2022-02-01
2022,3,26.49,27.22,-0.73,2022-03-01
2022,4,26.89,27.79,-0.9,2022-04-01
2022,5,26.95,27.88,-0.93,2022-05-01
2022,6,27.05,27.71,-0.66,2022-06-01
2022,7,26.7,27.29,-0.59,2022-07-01
2022,8,26.05,26.87,-0.82,2022-08-01
2022,9,25.8,26.71,-0.91,2022-09-01
2022,10,25.84,26.71,-0.87,2022-10-01
2022,11,25.82,26.71,-0.89,2022-11-01
2022,12,25.85,26.53,-0.68,2022-12-01
2023,1,25.92,26.44,-0.53,2023-01-01
2023,2,26.24,26.66,-0.42,2023-02-01
2023,3,27.2,27.22,-0.02,2023-03-01
2023,4,27.92,27.79,0.12,2023-04-01
2023,5,28.36,27.88,0.48,2023-05-01
2023,6,28.5,27.71,0.79,2023-06-01
2023,7,28.24,27.29,0.95,2023-07-01
2023,8,28.15,26.87,1.28,2023-08-01
2023,9,28.26,26.71,1.55,2023-09-01
2023,10,28.39,26.71,1.68,2023-10-01
2023,11,28.72,26.71,2.01,2023-11-01
2023,12,28.55,26.53,2.02,2023-12-01
2024,1,28.39,26.44,1.94,2024-01-01
2024,2,28.22,26.66,1.56,2024-02-01
2024,3,28.31,27.22,1.09,2024-03-01
2024,4,28.69,27.79,0.89,2024-04-01
2024,5,28.22,27.88,0.34,2024-05-01
2024,6,27.78,27.71,0.08,2024-06-01
2024,7,27.42,27.29,0.13,2024-07-01
2024,8,26.87,26.87,-0.0,2024-08-01
2024,9,26.49,26.71,-0.22,2024-09-01
2024,10,26.58,26.71,-0.13,2024-10-01
2024,11,26.5,26.71,-0.21,2024-11-01
2024,12,26.0,26.53,-0.53,2024-12-01
2025,1,25.92,26.44,-0.53,2025-01-01
2025,2,26.36,26.66,-0.3,2025-02-01
2025,3,27.4,27.22,0.18,2025-03-01
2025,4,27.7,27.79,-0.1,2025-04-01
2025,5,27.87,27.88,-0.01,2025-05-01
2025,6,27.72,27.71,0.01,2025-06-01
2025,7,27.25,27.29,-0.04,2025-07-01
2025,8,26.57,26.87,-0.3,2025-08-01
2025,9,26.28,26.71,-0.44,2025-09-01
2025,10,26.16,26.71,-0.55,2025-10-01
2025,11,25.99,26.71,-0.72,2025-11-01
2025,12,25.99,26.53,-0.54,2025-12-01
2026,1,25.93,26.44,-0.52,2026-01-01
2026,2,26.55,26.66,-0.11,2026-02-01
2026,3,27.25,27.22,0.03,2026-03-01
2026,4,28.23,27.79,0.43,2026-04-01
2026,5,28.82,27.88,0.94,2026-05-01
2026,6,29.18,27.71,1.47,2026-06-01
2026,7,29.07,27.29,1.78,2026-07-01
2026,8,29.04,26.87,2.17,2026-08-01
