time,common_log_area_change,common_area_change_percent,ci95_low_percent,ci95_high_percent,nino34_anomaly_c,n_observations,n_cays
2017-02-01,0.0,0.0,0.0,0.0,0.29,1792,62
2017-03-01,0.0093063440151779,0.9349782681798846,-0.2580167392652955,2.142242463395962,0.21,1792,62
2017-04-01,0.0187127122334649,1.8888892252557865,-0.5238992371559831,4.360199766033154,0.34,1792,62
2017-05-01,0.0269512207789901,2.7317689784626005,-0.7626300336865636,6.349214625767997,0.43,1792,62
2017-06-01,0.0346065090755315,3.5212282007639497,-0.9914084255610988,8.2395428293454,0.31,1792,62
2017-07-01,0.0412185785344544,4.207985694170442,-1.1966920240093402,9.908306765146545,0.22,1792,62
2017-08-01,0.0472636393071418,4.839837166834953,-1.3934280005439332,11.467128755161452,-0.09,1792,62
2017-09-01,0.0525443666403856,5.394932123177617,-1.5757942495036483,12.85934829291929,-0.31,1792,62
2017-10-01,0.0569612640983708,5.861480320239995,-1.739799797833472,14.050785491331268,-0.26,1792,62
2017-11-01,0.0608441970324309,6.273332428217322,-1.8976141558299853,15.12483705888957,-0.72,1792,62
2017-12-01,0.0639765446192401,6.606739345162284,-2.0402301968682206,16.0169822432967,-0.82,1792,62
2018-01-01,0.0666207249584205,6.888999798677305,-2.179419021809479,16.798102850247254,-0.71,1792,62
2018-02-01,0.0686574897851439,7.106929414180215,-2.3093457615958264,17.430827114108418,-0.58,1792,62
2018-03-01,0.0700250075150275,7.253500235403949,-2.420710620518812,17.886832194585477,-0.7,1792,62
2018-04-01,0.071049817895995,7.363471075845118,-2.538478795385924,18.271444760787475,-0.34,1792,62
2018-05-01,0.0715852214106977,7.420969246597646,-2.647978411520852,18.53133037808492,-0.01,1792,62
2018-06-01,0.071702317147561,7.43354852062145,-2.757605069239367,18.69275078992999,0.15,1792,62
2018-07-01,0.0714274415217863,7.404021715028142,-2.8612856117773444,18.75413374794308,0.28,1792,62
2018-08-01,0.0707776750124358,7.334256846640207,-2.9669098166157872,18.729009568256604,0.19,1792,62
2018-09-01,0.0697921705325903,7.228530561097922,-3.0719038660666915,18.62358000310521,0.43,1792,62
2018-10-01,0.0685530526606574,7.095744058552975,-3.1736717233477103,18.45433571212596,0.95,1792,62
2018-11-01,0.0670131190592858,6.930950641739088,-3.279651490812368,18.21946861636757,1.08,1792,62
2018-12-01,0.0653056112622671,6.748521004114086,-3.383478400313601,17.943044811528104,1.12,1792,62
2019-01-01,0.063336156300538,6.538491489487848,-3.4932355924779097,17.613000897281964,0.97,1792,62
2019-02-01,0.0612253680610557,6.31384846493352,-3.603861947681514,17.251941870227242,0.9,1792,62
2019-03-01,0.0592150957762614,6.100343355478048,-3.7051028684948113,16.904251372498162,0.96,1792,62
2019-04-01,0.0569080670480858,5.855848951535581,-3.8182107958616167,16.50293522267085,0.76,1792,62
2019-05-01,0.0546271901076315,5.614679929635003,-3.927959486429848,16.105170214050798,0.76,1792,62
2019-06-01,0.052255812012993,5.3645243151775945,-4.040549653364916,15.69139823186724,0.62,1792,62
2019-07-01,0.0499808158781726,5.1250928856686295,-4.147311679724808,15.294472673468452,0.4,1792,62
2019-08-01,0.0476859408149606,4.88412053795906,-4.253543160427237,14.893846771303798,0.15,1792,62
2019-09-01,0.0454839232502157,4.653417961055714,-4.353427918785873,14.508420454752075,0.08,1792,62
2019-10-01,0.0434756146240167,4.443452507290516,-4.441678744573138,14.154734285091342,0.72,1792,62
2019-11-01,0.0415625332153897,4.243834683501206,-4.521500144184818,13.813864754173558,0.73,1792,62
2019-12-01,0.0399019946102086,4.0708774125124245,-4.585045005879051,13.51205401792132,0.71,1792,62
2020-01-01,0.0384081026099182,3.915522831657688,-4.634018015459461,13.23152827312436,0.83,1792,62
2020-02-01,0.0371867203892463,3.7886797373378216,-4.663242327469964,12.989892929026125,0.6,1792,62
2020-03-01,0.0362705173375443,3.69363178049324,-4.673392321502806,12.795047822245408,0.57,1792,62
2020-04-01,0.0355181416947632,3.615644559151828,-4.666940514590576,12.617824869573694,0.54,1792,62
2020-05-01,0.034998813165872,3.561847969153868,-4.645102268305761,12.475149257292156,-0.1,1792,62
2020-06-01,0.0346625139278848,3.5270260542172154,-4.608266129140347,12.356120270759291,-0.32,1792,62
2020-07-01,0.0345162033760702,3.5118800659434624,-4.560830656622373,12.267420059327456,-0.09,1792,62
2020-08-01,0.0345347315525806,3.513797970095825,-4.501942049356527,12.202348405155346,-0.45,1792,62
2020-09-01,0.034710109387959,3.531953587915557,-4.435493313215204,12.163666044566805,-0.75,1792,62
2020-10-01,0.0350142723621343,3.5634489644619225,-4.366395743495247,12.150828621365026,-1.11,1792,62
2020-11-01,0.0354521020856582,3.6088020484288297,-4.29251032540076,12.162422172060383,-1.13,1792,62
2020-12-01,0.035980614149829,3.663575023079696,-4.220882749318033,12.197074842941904,-1.07,1792,62
2021-01-01,0.0366030283440635,3.728116787370641,-4.150683424761526,12.254553258171033,-0.96,1792,62
2021-02-01,0.0373191027082482,3.802420432940105,-4.082833339431599,12.335912984869749,-0.94,1792,62
2021-03-01,0.0380207656469201,3.875280302848285,-4.026629831441355,12.427789490403692,-0.66,1792,62
2021-04-01,0.0388438060876811,3.9608090513142686,-3.9714427882682006,12.548289096687926,-0.62,1792,62
2021-05-01,0.039672107993827,4.046955660390884,-3.9261916983241942,12.681793025233016,-0.4,1792,62
2021-06-01,0.0405454955713719,4.13786867431545,-3.888737117154376,12.834805898327051,-0.17,1792,62
2021-07-01,0.0413928839049041,4.226151288855037,-3.862036679482995,12.99480701781191,-0.36,1792,62
2021-08-01,0.0422553696289347,4.316083633519111,-3.844581896709395,13.169341044786725,-0.49,1792,62
2021-09-01,0.0430888425969447,4.403064512426673,-3.8374330272124064,13.349718323039822,-0.53,1792,62
2021-10-01,0.0438529060536581,4.482865561439913,-3.840109592390468,13.526223352122758,-0.87,1792,62
2021-11-01,0.0445831016418003,4.559186350069809,-3.852375764299972,13.706641605495792,-0.88,1792,62
2021-12-01,0.0452175826388239,4.62554821731877,-3.8729059837511466,13.87533818430162,-0.96,1792,62
2022-01-01,0.0457872753581629,4.685169611719671,-3.9026735915969697,14.040474862537176,-0.64,1792,62
2022-02-01,0.0462449603150513,4.733093405223375,-3.939937536294764,14.189191354853778,-0.66,1792,62
2022-03-01,0.0465530479736524,4.765365349787302,-3.9795870915223137,14.306754620353828,-0.73,1792,62
2022-04-01,0.0467629897015543,4.787362280569146,-4.029452800550548,14.4141782467844,-0.9,1792,62
2022-05-01,0.0468205186517933,4.793390760923862,-4.08308046011243,14.49132019512889,-0.93,1792,62
2022-06-01,0.0467140741666596,4.7822366760548505,-4.143502544526035,14.539101827048771,-0.66,1792,62
2022-07-01,0.0464357863025266,4.753081108219699,-4.206434302408908,14.55057468375662,-0.59,1792,62
2022-08-01,0.0459517066140598,4.702384540930135,-4.27584791939235,14.522710207194098,-0.82,1792,62
2022-09-01,0.0452522414835945,4.629174480794164,-4.349723404326454,14.450940887583752,-0.91,1792,62
2022-10-01,0.0443553648370369,4.535377086287518,-4.425741972666636,14.336697852753602,-0.87,1792,62
2022-11-01,0.0431858889768888,4.4131969435426,-4.509607940547917,14.16976578317307,-0.89,1792,62
2022-12-01,0.0418045266288756,4.269064057439162,-4.596927759201292,13.958989622191345,-0.68,1792,62
2023-01-01,0.0400903177805171,4.090478215668301,-4.695892389059599,13.686890594448386,-0.53,1792,62
2023-02-01,0.0381198021237821,3.8855682540753462,-4.803810046156044,13.368101146745165,-0.42,1792,62
2023-03-01,0.0361357125730063,3.679654327011808,-4.910750877921547,13.046120572139156,-0.02,1792,62
2023-04-01,0.033743269198324,3.431903108481359,-5.040940152679704,12.660746619051256,0.12,1792,62
2023-05-01,0.0312621825419982,3.175597683305903,-5.179965906463475,12.267455491592534,0.48,1792,62
2023-06-01,0.0285591568908038,2.897087975207208,-5.338222177766038,11.84884709920046,0.79,1792,62
2023-07-01,0.0258393174881224,2.6176046680570586,-5.506246101502333,11.439882038352014,0.95,1792,62
2023-08-01,0.0229534517709573,2.3218909410520805,-5.695528194326704,11.02092154576599,1.28,1792,62
2023-09-01,0.0200236220192453,2.022543952708237,-5.900372802945069,10.61254740983762,1.55,1792,62
2023-10-01,0.0171775175433823,1.7325899491456065,-6.112369459499448,10.233049850975863,1.68,1792,62
2023-11-01,0.0142575081088183,1.4359631140345903,-6.343720918604971,9.861877001643164,2.01,1792,62
2023-12-01,0.0114827179126999,1.154889738218499,-6.576821741799914,9.526478425636476,2.02,1792,62
2024-01-01,0.0086789306269095,0.8716701737196247,-6.825500860370627,9.204706626729408,1.94,1792,62
2024-02-01,0.0060164071000804,0.6034542028072304,-7.073673872439123,8.914829836736047,1.56,1792,62
2024-03-01,0.0036627257509968,0.3669441728051019,-7.302456830303259,8.670878840293343,1.09,1792,62
2024-04-01,0.0013244812449543,0.1325358757612033,-7.5379373066455715,8.439336619203996,0.89,1792,62
2024-05-01,-0.0007330446880587,-0.0732776076440227,-7.751258832169634,8.243751856866957,0.34,1792,62
2024-06-01,-0.0026149103797318,-0.2611494479657761,-7.950568368523172,8.070610900320839,0.08,1792,62
2024-07-01,-0.0041689686485724,-0.4160290562520749,-8.117262079535136,7.930689630837002,0.13,1792,62
2024-08-01,-0.005466713315325,-0.5451798029663207,-8.25673277797879,7.814573863901927,-0.0,1792,62
2024-09-01,-0.0064186549048549,-0.6398099342661929,-8.357583184901666,7.727924611785609,-0.22,1792,62
2024-10-01,-0.0069795638572196,-0.6955263270101996,-8.414065584708384,7.673504173180359,-0.13,1792,62
2024-11-01,-0.0071547240387225,-0.7129189933470436,-8.426456465398967,7.650354833073081,-0.21,1792,62
2024-12-01,-0.0069020983007988,-0.6878333527356232,-8.391856719753827,7.66407975327657,-0.53,1792,62
2025-01-01,-0.0061964854009825,-0.6177326777788719,-8.31007023720268,7.719954455815199,-0.53,1792,62
2025-02-01,-0.0049713132031222,-0.4958976677018362,-8.1788882147777,7.829955316985647,-0.3,1792,62
2025-03-01,-0.0034007781809504,-0.3395002084428594,-8.022623054450797,7.985414985065868,0.18,1792,62
2025-04-01,-0.0011179549987109,-0.1117330319830642,-7.814438600089443,8.234583880111883,-0.1,1792,62
2025-05-01,0.0016656036803391,0.1666991568599475,-7.587504710343654,8.571547478860404,-0.01,1792,62
2025-06-01,0.0051675784986422,0.5180953461210431,-7.340582637341463,9.043287553453974,0.01,1792,62
2025-07-01,0.0091927720886515,0.9235155391784942,-7.105973550826457,9.64705028002822,-0.04,1792,62
2025-08-01,0.0140416407535574,1.4140687641715364,-6.887327041381916,10.455569757673867,-0.3,1792,62
2025-09-01,0.0196239511427892,1.9817766604407656,-6.712933395980008,11.486866823314225,-0.44,1792,62
2025-10-01,0.025755595470672,2.6090136748009787,-6.60381488341025,12.730618217138732,-0.55,1792,62
2025-11-01,0.0328774600896036,3.342389581043258,-6.5671880696046,14.302986966464536,-0.72,1792,62
2025-12-01,0.0405608063545893,4.13946311885351,-6.614785048215791,16.132171289453638,-0.54,1792,62
