sand_cay_id,sensor,reference_frame_id,pulse_transition_id,pulse_end,typhoon_max_nearest_wind_m_s,pulse_gross_mobility,post_transition_id,post_interval_days,post_gross_mobility,cay_background_median_gross,post_to_background_ratio,post_area_relative_to_pre
GBR_020_cay_001,sentinel2,GBR_020__s2frame_w143.175133_s-11.729606_e143.203839_n-11.695801,sentinel2__GBR_020_cay_001__2019-01-15__to__2019-06-19,2019-06-19,50.4,0.4623322784810126,sentinel2__GBR_020_cay_001__2019-09-07__to__2020-01-05,120,0.4287629347826087,0.5840659914924282,0.734100154825,0.9349005424954792
GBR_034_cay_001,sentinel2,GBR_034__s2frame_w143.967362_s-13.446298_e143.984973_n-13.434812,sentinel2__GBR_034_cay_001__2021-11-22__to__2022-05-14,2022-05-14,30.9,0.5629942196531792,sentinel2__GBR_034_cay_001__2022-05-14__to__2022-09-23,132,0.3847755158951478,0.8824412437673539,0.4360352812301118,0.8857142857142857
GBR_036_cay_001,sentinel2,GBR_036__s2frame_w143.830501_s-13.931918_e143.847229_n-13.901650,sentinel2__GBR_036_cay_001__2019-02-11__to__2019-06-24,2019-06-24,51.4,0.4820249170515906,sentinel2__GBR_036_cay_001__2019-09-09__to__2019-12-08,90,0.762828947368421,0.5800910294117647,1.3150159348989756,0.934487021013597
GBR_037_cay_001,google_earth,GBR_037__frame_404_200_1642_765_1238_565,google_earth__GBR_037_cay_001__2013-12-31__to__2014-12-31,2014-12-31,64.3,0.2122496530206945,google_earth__GBR_037_cay_001__2014-12-31__to__2015-12-31,365,0.1574023364675366,0.1358673019021454,1.1585004947025537,0.8369028006589783
GBR_037_cay_001,google_earth,GBR_037__frame_404_200_1642_765_1238_565,google_earth__GBR_037_cay_001__2014-12-31__to__2015-12-31,2015-12-31,28.3,0.1574023364675366,google_earth__GBR_037_cay_001__2016-12-31__to__2017-12-31,365,0.1429218067930828,0.1358673019021454,1.051922020914335,1.017011834319527
GBR_039_cay_001,sentinel2,GBR_039__s2frame_w144.875835_s-14.209325_e144.900372_n-14.189774,sentinel2__GBR_039_cay_001__2019-02-11__to__2019-06-16,2019-06-16,47.8,0.6158991176470588,sentinel2__GBR_039_cay_001__2019-09-09__to__2019-12-08,90,0.6804251497005988,0.9145352112676056,0.744011976047904,0.7034313725490197
GBR_039_cay_001,sentinel2,GBR_039__s2frame_w144.875835_s-14.209325_e144.900372_n-14.189774,sentinel2__GBR_039_cay_001__2021-08-04__to__2022-02-15,2022-02-15,30.9,1.4886783484509365,sentinel2__GBR_039_cay_001__2022-02-15__to__2022-05-26,100,14.582443097014924,0.9145352112676056,15.945195895522389,1.024502297090352
GBR_052_cay_001,sentinel2,GBR_052__s2frame_w152.362046_s-21.647462_e152.375800_n-21.639653,sentinel2__GBR_052_cay_001__2018-02-12__to__2018-06-29,2018-06-29,20.6,0.6296097179949902,sentinel2__GBR_052_cay_001__2018-06-29__to__2018-09-27,90,1.44839898989899,0.6759291816660752,2.142826540391228,0.8966789667896679
GBR_053_cay_001,sentinel2,GBR_053__s2frame_w152.377053_s-21.637693_e152.397022_n-21.630491,sentinel2__GBR_053_cay_001__2017-12-06__to__2018-06-29,2018-06-29,20.6,0.6217288490853659,sentinel2__GBR_053_cay_001__2018-06-29__to__2018-09-27,90,0.7650799180327869,0.8324615384615385,0.9190573770491802,0.9817708333333334
GBR_055_cay_001,sentinel2,GBR_055__s2frame_w152.443424_s-21.790265_e152.465048_n-21.776997,sentinel2__GBR_055_cay_001__2018-03-06__to__2018-06-29,2018-06-29,20.6,2.1228761493926664,sentinel2__GBR_055_cay_001__2018-06-29__to__2018-09-27,90,0.962853690685413,0.4861704023867809,1.9804860311496275,1.4360313315926894
GBR_073_cay_001,sentinel2,GBR_073__s2frame_w151.838971_s-17.420620_e151.860391_n-17.407771,sentinel2__GBR_073_cay_001__2020-10-19__to__2021-03-13,2021-03-13,48.9,0.45495799787331,sentinel2__GBR_073_cay_001__2021-03-13__to__2021-07-21,130,0.6115632045755968,0.4670300262587053,1.3094729892951875,1.182819383259912
GBR_073_cay_001,sentinel2,GBR_073__s2frame_w151.838971_s-17.420620_e151.860391_n-17.407771,sentinel2__GBR_073_cay_001__2022-10-24__to__2023-03-13,2023-03-13,23.1,0.2993790983606557,sentinel2__GBR_073_cay_001__2023-04-07__to__2023-09-04,150,0.2996861538461539,0.4670300262587053,0.6416849816849818,0.9979508196721312
GBR_073_cay_001,sentinel2,GBR_073__s2frame_w151.838971_s-17.420620_e151.860391_n-17.407771,sentinel2__GBR_073_cay_001__2023-09-04__to__2023-12-23,2023-12-23,27.3,0.8045289341049094,sentinel2__GBR_073_cay_001__2024-01-02__to__2024-06-15,165,0.2772765230594041,0.4670300262587053,0.5937017053927285,0.9876796714579056
GBR_073_cay_001,sentinel2,GBR_073__s2frame_w151.838971_s-17.420620_e151.860391_n-17.407771,sentinel2__GBR_073_cay_001__2024-01-02__to__2024-06-15,2024-06-15,20.6,0.2772765230594041,sentinel2__GBR_073_cay_001__2024-06-15__to__2024-09-28,105,0.6580945945945947,0.4670300262587053,1.4091055341055343,1.1899791231732777
GBR_101_cay_001,sentinel2,GBR_101__s2frame_w149.178258_s-16.955359_e149.212373_n-16.920613,sentinel2__GBR_101_cay_001__2023-11-16__to__2024-02-14,2024-02-14,25.7,0.2984478016561514,sentinel2__GBR_101_cay_001__2024-02-14__to__2024-06-13,120,0.28966031753379,0.2402758821571238,1.2055322196023492,1.0274053627760251
GBR_102_cay_001,sentinel2,GBR_102__s2frame_w149.119644_s-17.026707_e149.168282_n-16.968308,sentinel2__GBR_102_cay_001__2023-11-16__to__2024-02-14,2024-02-14,25.7,0.2554411973497397,sentinel2__GBR_102_cay_001__2024-02-14__to__2024-06-13,120,0.1340260120738636,0.2894203879488237,0.4630842112531566,1.025556081400852
NH_002_cay_001,google_earth,NH_002__frame_339_71_1552_1034_1213_963,google_earth__NH_002_cay_001__2016-08-07__to__2017-02-28,2017-02-28,38.6,0.4626968171783011,google_earth__NH_002_cay_001__2017-04-27__to__2018-04-22,360,0.1546648489932885,0.9899996164896704,0.1562271807151779,1.0366379310344829
NH_002_cay_001,google_earth,NH_002__frame_339_71_1552_1034_1213_963,google_earth__NH_002_cay_001__2017-04-27__to__2018-04-22,2018-04-22,43.7,0.1546648489932885,google_earth__NH_002_cay_001__2018-05-07__to__2018-08-17,102,1.5848702623053206,0.9899996164896704,1.6008796729891026,0.8648130393096836
NH_015_cay_001,google_earth,NH_015__frame_321_221_977_1011_656_790,google_earth__NH_015_cay_001__2014-04-16__to__2015-02-07,2015-02-07,23.1,0.4748580205619322,google_earth__NH_015_cay_001__2015-04-28__to__2015-08-17,111,6.459947961240096,5.518431284964228,1.1706131013792214,0.7304415182029435
NH_015_cay_001,google_earth,NH_015__frame_321_221_977_1011_656_790,google_earth__NH_015_cay_001__2017-11-15__to__2018-02-24,2018-02-24,42.7,7.661861342122705,google_earth__NH_015_cay_001__2018-02-24__to__2018-06-21,117,3.1552977667493805,5.518431284964228,0.5717744054087346,1.2599372384937235
NH_015_cay_001,sentinel2,NH_015__s2frame_w114.249838_s11.068810_e114.262112_n11.082607,sentinel2__NH_015_cay_001__2017-11-15__to__2018-03-18,2018-03-18,42.7,3.6764634146341466,sentinel2__NH_015_cay_001__2018-04-14__to__2018-08-20,128,1.543128277972028,3.939270469390855,0.3917294559900194,2.470238095238096
NH_JY_010_cay_001,google_earth,NH_JY_010__frame_481_92_1654_1011_1173_919,google_earth__NH_JY_010_cay_001__2017-10-06__to__2018-03-03,2018-03-03,42.7,3.6931229551920346,google_earth__NH_JY_010_cay_001__2018-03-03__to__2018-08-09,159,5.0817375477764966,5.0817375477764966,1.0,0.6789473684210525
NH_NE_008_cay_001,google_earth,NH_NE_008__frame_385_171_1713_1027_1328_856,google_earth__NH_NE_008_cay_001__2017-04-25__to__2018-04-25,2018-04-25,42.7,1.4419022219825262,google_earth__NH_NE_008_cay_001__2018-05-06__to__2019-04-29,358,5.013556691213814,5.013556691213814,1.0,1.0170603674540684
NH_QF_001_cay_001,google_earth,NH_QF_001__frame_148_169_1705_1053_1557_884,google_earth__NH_QF_001_cay_001__2013-06-08__to__2014-04-02,2014-04-02,51.4,0.7548581309203242,google_earth__NH_QF_001_cay_001__2015-04-25__to__2016-03-10,320,0.0003878297018348,1.2873455746987723,0.000301263086973,1.1983706720977596
NH_QF_001_cay_001,google_earth,NH_QF_001__frame_148_169_1705_1053_1557_884,google_earth__NH_QF_001_cay_001__2015-04-25__to__2016-03-10,2016-03-10,37.6,0.0003878297018348,google_earth__NH_QF_001_cay_001__2016-03-10__to__2016-08-07,150,1.7844161114887829,1.2873455746987723,1.3861205153917748,0.892286782195039
NH_QF_001_cay_001,google_earth,NH_QF_001__frame_148_169_1705_1053_1557_884,google_earth__NH_QF_001_cay_001__2016-08-07__to__2017-02-25,2017-02-25,38.6,0.9942655885923704,google_earth__NH_QF_001_cay_001__2017-04-27__to__2018-04-25,363,0.7660573041704731,1.2873455746987723,0.5950673379599133,1.0178979436405178
NH_QF_001_cay_001,google_earth,NH_QF_001__frame_148_169_1705_1053_1557_884,google_earth__NH_QF_001_cay_001__2017-04-27__to__2018-04-25,2018-04-25,43.7,0.7660573041704731,google_earth__NH_QF_001_cay_001__2018-06-29__to__2018-11-13,137,2.630554724445024,1.2873455746987723,2.0433943893119384,1.752784918594687
NH_QF_001_cay_001,sentinel2,NH_QF_001__s2frame_w111.640857_s16.556175_e111.694292_n16.584995,sentinel2__NH_QF_001_cay_001__2017-08-08__to__2018-03-16,2018-03-16,43.7,0.3543095205099778,sentinel2__NH_QF_001_cay_001__2018-03-16__to__2018-10-07,205,1.333161821958914,1.0932468110923237,1.219451827741329,0.3001355013550135
NH_QF_001_cay_001,sentinel2,NH_QF_001__s2frame_w111.640857_s16.556175_e111.694292_n16.584995,sentinel2__NH_QF_001_cay_001__2022-09-16__to__2023-04-19,2023-04-19,66.9,1.0006538392640751,sentinel2__NH_QF_001_cay_001__2024-08-01__to__2025-04-23,265,1.1120161878216122,1.0932468110923237,1.0171684715096814,0.4839148164929769
NH_QF_001_cay_001,sentinel2,NH_QF_001__s2frame_w111.640857_s16.556175_e111.694292_n16.584995,sentinel2__NH_QF_001_cay_001__2024-08-01__to__2025-04-23,2025-04-23,66.9,1.1120161878216122,sentinel2__NH_QF_001_cay_001__2025-04-23__to__2025-12-29,250,0.5635951685393259,1.0932468110923237,0.5155241824819106,1.4375
NH_TX_013_cay_001,google_earth,NH_TX_013__frame_291_271_1152_971_861_700,google_earth__NH_TX_013_cay_001__2014-03-03__to__2015-02-28,2015-02-28,23.1,0.9656347270343666,google_earth__NH_TX_013_cay_001__2015-04-28__to__2015-08-17,111,5.857234881509075,3.727122360696666,1.571516659413954,0.3005649717514124
NH_TX_013_cay_001,google_earth,NH_TX_013__frame_291_271_1152_971_861_700,google_earth__NH_TX_013_cay_001__2017-05-09__to__2018-02-24,2018-02-24,42.7,2.019902726970402,google_earth__NH_TX_013_cay_001__2018-02-24__to__2018-11-19,268,1.8875405317164176,3.727122360696666,0.5064337440651137,1.85663082437276
