reference_frame_id,sensor,n_observations,n_intervals,north_convention,evidence,status
GBR_003__frame_712_111_1334_942_622_831,google_earth,7,6,image_row_increases_south_column_increases_east,product_spec_north_up+cross_sensor_axis_agreement,verified
GBR_003__s2frame_w143.385240_s-9.974385_e143.406766_n-9.945731,sentinel2,30,29,image_row_increases_south_column_increases_east,product_spec_north_up+cross_sensor_axis_agreement,verified
GBR_007__frame_698_117_1436_844_738_727,google_earth,12,11,image_row_increases_south_column_increases_east,product_spec_north_up+cross_sensor_axis_agreement,verified
GBR_007__s2frame_w143.311154_s-10.125813_e143.335506_n-10.100891,sentinel2,35,34,image_row_increases_south_column_increases_east,product_spec_north_up+cross_sensor_axis_agreement,verified
GBR_008__frame_475_246_1456_717_981_471,google_earth,4,2,image_row_increases_south_column_increases_east,product_spec_north_up+cross_sensor_axis_agreement,verified
GBR_008__s2frame_w143.194687_s-10.645317_e143.234981_n-10.625482,sentinel2,25,24,image_row_increases_south_column_increases_east,product_spec_north_up+cross_sensor_axis_agreement,verified
GBR_009__s2frame_w143.105363_s-10.259829_e143.118092_n-10.253478,sentinel2,33,32,image_row_increases_south_column_increases_east,product_spec_north_up+cross_sensor_axis_agreement,verified
GBR_020__s2frame_w143.175133_s-11.729606_e143.203839_n-11.695801,sentinel2,32,31,image_row_increases_south_column_increases_east,product_spec_north_up+cross_sensor_axis_agreement,verified
GBR_029__frame_585_94_1421_854_836_760,google_earth,3,2,image_row_increases_south_column_increases_east,product_spec_north_up+cross_sensor_axis_agreement,verified
GBR_030__frame_698_161_1238_842_540_681,google_earth,3,2,image_row_increases_south_column_increases_east,product_spec_north_up+cross_sensor_axis_agreement,verified
GBR_033__s2frame_w143.951201_s-13.374566_e143.970006_n-13.361995,sentinel2,35,34,image_row_increases_south_column_increases_east,product_spec_north_up+cross_sensor_axis_agreement,verified
GBR_034__frame_398_204_1490_829_1092_625,google_earth,2,1,image_row_increases_south_column_increases_east,product_spec_north_up+cross_sensor_axis_agreement,verified
GBR_034__s2frame_w143.967362_s-13.446298_e143.984973_n-13.434812,sentinel2,35,34,image_row_increases_south_column_increases_east,product_spec_north_up+cross_sensor_axis_agreement,verified
GBR_036__frame_705_211_1268_1164_563_953,google_earth,3,2,image_row_increases_south_column_increases_east,product_spec_north_up+cross_sensor_axis_agreement,verified
GBR_036__s2frame_w143.830501_s-13.931918_e143.847229_n-13.901650,sentinel2,34,31,image_row_increases_south_column_increases_east,product_spec_north_up+cross_sensor_axis_agreement,verified
GBR_037__frame_404_200_1642_765_1238_565,google_earth,12,11,image_row_increases_south_column_increases_east,product_spec_north_up+cross_sensor_axis_agreement,verified
GBR_037__s2frame_w144.498897_s-13.992049_e144.539268_n-13.969822,sentinel2,35,34,image_row_increases_south_column_increases_east,product_spec_north_up+cross_sensor_axis_agreement,verified
GBR_038__frame_667_142_1386_859_719_717,google_earth,4,3,image_row_increases_south_column_increases_east,product_spec_north_up+cross_sensor_axis_agreement,verified
GBR_038__s2frame_w144.844101_s-14.335245_e144.865120_n-14.310763,sentinel2,34,33,image_row_increases_south_column_increases_east,product_spec_north_up+cross_sensor_axis_agreement,verified
GBR_039__frame_333_102_1671_996_1338_894,google_earth,4,3,image_row_increases_south_column_increases_east,product_spec_north_up+cross_sensor_axis_agreement,verified
GBR_039__s2frame_w144.875835_s-14.209325_e144.900372_n-14.189774,sentinel2,33,32,image_row_increases_south_column_increases_east,product_spec_north_up+cross_sensor_axis_agreement,verified
GBR_052__frame_542_173_1684_884_1142_711,google_earth,3,2,image_row_increases_south_column_increases_east,product_spec_north_up+cross_sensor_axis_agreement,verified
GBR_052__s2frame_w152.362046_s-21.647462_e152.375800_n-21.639653,sentinel2,34,33,image_row_increases_south_column_increases_east,product_spec_north_up+cross_sensor_axis_agreement,verified
GBR_053__frame_354_358_1192_717_838_359,google_earth,2,1,image_row_increases_south_column_increases_east,product_spec_north_up+cross_sensor_axis_agreement,verified
GBR_053__s2frame_w152.377053_s-21.637693_e152.397022_n-21.630491,sentinel2,29,28,image_row_increases_south_column_increases_east,product_spec_north_up+cross_sensor_axis_agreement,verified
GBR_055__s2frame_w152.443424_s-21.790265_e152.465048_n-21.776997,sentinel2,36,35,image_row_increases_south_column_increases_east,product_spec_north_up+cross_sensor_axis_agreement,verified
GBR_058__frame_583_136_1431_892_848_756,google_earth,4,3,image_row_increases_south_column_increases_east,product_spec_north_up+cross_sensor_axis_agreement,verified
GBR_058__s2frame_w151.772665_s-23.252846_e151.790195_n-23.238778,sentinel2,36,35,image_row_increases_south_column_increases_east,product_spec_north_up+cross_sensor_axis_agreement,verified
GBR_059__frame_300_146_1615_996_1315_850,google_earth,2,1,image_row_increases_south_column_increases_east,product_spec_north_up+cross_sensor_axis_agreement,verified
GBR_059__s2frame_w151.716451_s-23.550821_e151.768015_n-23.527015,sentinel2,34,33,image_row_increases_south_column_increases_east,product_spec_north_up+cross_sensor_axis_agreement,verified
GBR_060__frame_406_127_1544_961_1138_834,google_earth,3,2,image_row_increases_south_column_increases_east,product_spec_north_up+cross_sensor_axis_agreement,verified
GBR_060__s2frame_w152.379468_s-23.918571_e152.431527_n-23.885000,sentinel2,35,34,image_row_increases_south_column_increases_east,product_spec_north_up+cross_sensor_axis_agreement,verified
GBR_061__s2frame_w152.280114_s-23.814134_e152.304587_n-23.796481,sentinel2,34,32,image_row_increases_south_column_increases_east,product_spec_north_up+cross_sensor_axis_agreement,verified
GBR_068__frame_779_167_1613_821_834_654,google_earth,2,1,image_row_increases_south_column_increases_east,product_spec_north_up+cross_sensor_axis_agreement,verified
GBR_068__s2frame_w150.265349_s-16.545567_e150.305599_n-16.510159,sentinel2,32,31,image_row_increases_south_column_increases_east,product_spec_north_up+cross_sensor_axis_agreement,verified
GBR_073__s2frame_w151.838971_s-17.420620_e151.860391_n-17.407771,sentinel2,33,32,image_row_increases_south_column_increases_east,product_spec_north_up+cross_sensor_axis_agreement,verified
GBR_085__frame_596_148_1699_1034_1103_886,google_earth,4,3,image_row_increases_south_column_increases_east,product_spec_north_up+cross_sensor_axis_agreement,verified
GBR_085__s2frame_w158.596811_s-19.127764_e158.609914_n-19.117239,sentinel2,31,30,image_row_increases_south_column_increases_east,product_spec_north_up+cross_sensor_axis_agreement,verified
GBR_086__frame_537_148_1452_973_915_825,google_earth,3,2,image_row_increases_south_column_increases_east,product_spec_north_up+cross_sensor_axis_agreement,verified
GBR_095__frame_834_228_1660_1151_826_923,google_earth,3,2,image_row_increases_south_column_increases_east,product_spec_north_up+cross_sensor_axis_agreement,verified
GBR_095__s2frame_w150.327781_s-16.615031_e150.343544_n-16.594665,sentinel2,31,30,image_row_increases_south_column_increases_east,product_spec_north_up+cross_sensor_axis_agreement,verified
GBR_098__s2frame_w149.956310_s-16.315522_e149.972766_n-16.278337,sentinel2,33,32,image_row_increases_south_column_increases_east,product_spec_north_up+cross_sensor_axis_agreement,verified
GBR_101__frame_473_67_1369_915_896_848,google_earth,3,2,image_row_increases_south_column_increases_east,product_spec_north_up+cross_sensor_axis_agreement,verified
GBR_101__s2frame_w149.178258_s-16.955359_e149.212373_n-16.920613,sentinel2,34,33,image_row_increases_south_column_increases_east,product_spec_north_up+cross_sensor_axis_agreement,verified
GBR_102__frame_669_181_1359_936_690_755,google_earth,2,1,image_row_increases_south_column_increases_east,product_spec_north_up+cross_sensor_axis_agreement,verified
GBR_102__s2frame_w149.119644_s-17.026707_e149.168282_n-16.968308,sentinel2,35,34,image_row_increases_south_column_increases_east,product_spec_north_up+cross_sensor_axis_agreement,verified
GBR_104__frame_179_65_1652_1034_1473_969,google_earth,2,1,image_row_increases_south_column_increases_east,product_spec_north_up+cross_sensor_axis_agreement,verified
GBR_104__s2frame_w144.870165_s-14.438563_e144.904634_n-14.412680,sentinel2,35,34,image_row_increases_south_column_increases_east,product_spec_north_up+cross_sensor_axis_agreement,verified
GBR_108__s2frame_w144.013356_s-11.444855_e144.064459_n-11.402310,sentinel2,34,33,image_row_increases_south_column_increases_east,product_spec_north_up+cross_sensor_axis_agreement,verified
MEDF_001__frame_438_215_1677_1078_1239_863,google_earth,13,12,image_row_increases_south_column_increases_east,product_spec_north_up+cross_sensor_axis_agreement,verified
MEDF_001__s2frame_w73.080983_s6.857961_e73.111420_n6.878947,sentinel2,5,4,image_row_increases_south_column_increases_east,product_spec_north_up+cross_sensor_axis_agreement,verified
MEDF_002__frame_508_131_1271_934_763_803,google_earth,7,6,image_row_increases_south_column_increases_east,product_spec_north_up+cross_sensor_axis_agreement,verified
MEDF_002__s2frame_w72.885163_s6.365366_e72.929443_n6.411732,sentinel2,18,17,image_row_increases_south_column_increases_east,product_spec_north_up+cross_sensor_axis_agreement,verified
MEDF_004__frame_579_140_1244_1009_665_869,google_earth,3,2,image_row_increases_south_column_increases_east,product_spec_north_up+cross_sensor_axis_agreement,verified
MEDF_004__s2frame_w73.093826_s5.972070_e73.117139_n6.002849,sentinel2,7,5,image_row_increases_south_column_increases_east,product_spec_north_up+cross_sensor_axis_agreement,verified
MEDF_005__frame_491_288_1467_842_976_554,google_earth,6,5,image_row_increases_south_column_increases_east,product_spec_north_up+cross_sensor_axis_agreement,verified
MEDF_005__s2frame_w73.150891_s5.914388_e73.163292_n5.921777,sentinel2,36,35,image_row_increases_south_column_increases_east,product_spec_north_up+cross_sensor_axis_agreement,verified
MEDF_006__frame_339_169_1727_980_1388_811,google_earth,8,7,image_row_increases_south_column_increases_east,product_spec_north_up+cross_sensor_axis_agreement,verified
MEDF_006__s2frame_w73.196873_s5.859425_e73.212508_n5.869042,sentinel2,36,35,image_row_increases_south_column_increases_east,product_spec_north_up+cross_sensor_axis_agreement,verified
MEDF_007__frame_456_225_1621_963_1165_738,google_earth,5,4,image_row_increases_south_column_increases_east,product_spec_north_up+cross_sensor_axis_agreement,verified
MEDF_007__s2frame_w72.815287_s5.587752_e72.836456_n5.602445,sentinel2,25,24,image_row_increases_south_column_increases_east,product_spec_north_up+cross_sensor_axis_agreement,verified
MEDF_008__frame_423_81_1544_1059_1121_978,google_earth,6,5,image_row_increases_south_column_increases_east,product_spec_north_up+cross_sensor_axis_agreement,verified
MEDF_008__s2frame_w72.853663_s5.584525_e72.862829_n5.593249,sentinel2,30,29,image_row_increases_south_column_increases_east,product_spec_north_up+cross_sensor_axis_agreement,verified
MEDF_009__frame_410_340_1727_796_1317_456,google_earth,5,4,image_row_increases_south_column_increases_east,product_spec_north_up+cross_sensor_axis_agreement,verified
MEDF_010__frame_652_375_1359_980_707_605,google_earth,6,5,image_row_increases_south_column_increases_east,product_spec_north_up+cross_sensor_axis_agreement,verified
MEDF_010__s2frame_w72.910556_s5.599843_e72.915839_n5.604707,sentinel2,35,34,image_row_increases_south_column_increases_east,product_spec_north_up+cross_sensor_axis_agreement,verified
MEDF_011__frame_279_273_1694_1003_1415_730,google_earth,7,6,image_row_increases_south_column_increases_east,product_spec_north_up+cross_sensor_axis_agreement,verified
MEDF_011__s2frame_w72.924238_s5.561088_e72.933735_n5.566497,sentinel2,35,34,image_row_increases_south_column_increases_east,product_spec_north_up+cross_sensor_axis_agreement,verified
MEDF_012__frame_183_302_1507_982_1324_680,google_earth,7,6,image_row_increases_south_column_increases_east,product_spec_north_up+cross_sensor_axis_agreement,verified
MEDF_013__frame_344_363_1657_740_1313_377,google_earth,5,4,image_row_increases_south_column_increases_east,product_spec_north_up+cross_sensor_axis_agreement,verified
MEDF_014__frame_333_311_1415_809_1082_498,google_earth,9,8,image_row_increases_south_column_increases_east,product_spec_north_up+cross_sensor_axis_agreement,verified
MEDF_014__s2frame_w72.943388_s5.554565_e72.948995_n5.557399,sentinel2,35,34,image_row_increases_south_column_increases_east,product_spec_north_up+cross_sensor_axis_agreement,verified
MEDF_015__frame_298_186_1552_892_1254_706,google_earth,9,8,image_row_increases_south_column_increases_east,product_spec_north_up+cross_sensor_axis_agreement,verified
MEDF_015__s2frame_w72.941386_s5.535943_e72.946042_n5.538869,sentinel2,36,35,image_row_increases_south_column_increases_east,product_spec_north_up+cross_sensor_axis_agreement,verified
MEDF_017__frame_291_277_1673_811_1382_534,google_earth,11,10,image_row_increases_south_column_increases_east,product_spec_north_up+cross_sensor_axis_agreement,verified
MEDF_017__s2frame_w72.991228_s5.491815_e73.004682_n5.497654,sentinel2,35,34,image_row_increases_south_column_increases_east,product_spec_north_up+cross_sensor_axis_agreement,verified
MEDF_018__frame_567_265_1198_990_631_725,google_earth,4,3,image_row_increases_south_column_increases_east,product_spec_north_up+cross_sensor_axis_agreement,verified
MEDF_018__s2frame_w72.829311_s5.454988_e72.861906_n5.494073,sentinel2,4,3,image_row_increases_south_column_increases_east,product_spec_north_up+cross_sensor_axis_agreement,verified
MEDF_019__frame_461_368_1697_1076_1236_708,google_earth,8,7,image_row_increases_south_column_increases_east,product_spec_north_up+cross_sensor_axis_agreement,verified
MEDF_019__s2frame_w72.935162_s5.366845_e72.956813_n5.380359,sentinel2,35,34,image_row_increases_south_column_increases_east,product_spec_north_up+cross_sensor_axis_agreement,verified
MEDF_020__frame_412_181_1596_923_1184_742,google_earth,2,1,image_row_increases_south_column_increases_east,product_spec_north_up+cross_sensor_axis_agreement,verified
MEDF_022__frame_308_204_1561_903_1253_699,google_earth,8,7,image_row_increases_south_column_increases_east,product_spec_north_up+cross_sensor_axis_agreement,verified
MEDF_022__s2frame_w72.935240_s5.169249_e72.947272_n5.176617,sentinel2,34,33,image_row_increases_south_column_increases_east,product_spec_north_up+cross_sensor_axis_agreement,verified
MEDF_023__frame_121_192_1732_975_1611_783,google_earth,10,9,image_row_increases_south_column_increases_east,product_spec_north_up+cross_sensor_axis_agreement,verified
MEDF_025__frame_371_342_1698_886_1327_544,google_earth,8,7,image_row_increases_south_column_increases_east,product_spec_north_up+cross_sensor_axis_agreement,verified
MEDF_026__frame_277_388_1698_967_1421_579,google_earth,16,14,image_row_increases_south_column_increases_east,product_spec_north_up+cross_sensor_axis_agreement,verified
MEDF_026__s2frame_w73.129679_s5.225928_e73.163570_n5.240336,sentinel2,38,36,image_row_increases_south_column_increases_east,product_spec_north_up+cross_sensor_axis_agreement,verified
MEDF_027__frame_581_233_1096_971_515_738,google_earth,8,7,image_row_increases_south_column_increases_east,product_spec_north_up+cross_sensor_axis_agreement,verified
MEDF_027__s2frame_w73.166479_s5.231743_e73.170571_n5.237482,sentinel2,35,34,image_row_increases_south_column_increases_east,product_spec_north_up+cross_sensor_axis_agreement,verified
MEDF_028__frame_264_185_1621_990_1357_805,google_earth,7,6,image_row_increases_south_column_increases_east,product_spec_north_up+cross_sensor_axis_agreement,verified
MEDF_028__s2frame_w72.870724_s5.072468_e72.882575_n5.080100,sentinel2,36,35,image_row_increases_south_column_increases_east,product_spec_north_up+cross_sensor_axis_agreement,verified
MEDF_029__frame_414_100_1175_1023_761_923,google_earth,10,9,image_row_increases_south_column_increases_east,product_spec_north_up+cross_sensor_axis_agreement,verified
MEDF_030__frame_221_219_1559_1034_1338_815,google_earth,10,9,image_row_increases_south_column_increases_east,product_spec_north_up+cross_sensor_axis_agreement,verified
MEDF_031__frame_387_135_1321_1019_934_884,google_earth,3,2,image_row_increases_south_column_increases_east,product_spec_north_up+cross_sensor_axis_agreement,verified
MEDF_032__frame_346_104_1525_1011_1179_907,google_earth,13,12,image_row_increases_south_column_increases_east,product_spec_north_up+cross_sensor_axis_agreement,verified
MEDF_032__s2frame_w73.413165_s5.495371_e73.430570_n5.510266,sentinel2,18,17,image_row_increases_south_column_increases_east,product_spec_north_up+cross_sensor_axis_agreement,verified
MEDF_033__frame_275_113_1338_994_1063_881,google_earth,12,11,image_row_increases_south_column_increases_east,product_spec_north_up+cross_sensor_axis_agreement,verified
MEDF_033__s2frame_w73.349101_s5.420558_e73.365500_n5.435230,sentinel2,11,10,image_row_increases_south_column_increases_east,product_spec_north_up+cross_sensor_axis_agreement,verified
MEDF_034__frame_377_213_1613_894_1236_681,google_earth,13,12,image_row_increases_south_column_increases_east,product_spec_north_up+cross_sensor_axis_agreement,verified
MEDF_035__frame_552_142_1390_930_838_788,google_earth,4,3,image_row_increases_south_column_increases_east,product_spec_north_up+cross_sensor_axis_agreement,verified
MEDF_036__frame_329_142_1444_950_1115_808,google_earth,14,13,image_row_increases_south_column_increases_east,product_spec_north_up+cross_sensor_axis_agreement,verified
MEDF_037__frame_508_136_1506_961_998_825,google_earth,10,9,image_row_increases_south_column_increases_east,product_spec_north_up+cross_sensor_axis_agreement,verified
MEDF_038__frame_360_311_1525_884_1165_573,google_earth,6,5,image_row_increases_south_column_increases_east,product_spec_north_up+cross_sensor_axis_agreement,verified
MEDF_039__frame_425_238_1348_905_923_667,google_earth,5,4,image_row_increases_south_column_increases_east,product_spec_north_up+cross_sensor_axis_agreement,verified
MEDF_040__frame_410_138_1438_928_1028_790,google_earth,7,6,image_row_increases_south_column_increases_east,product_spec_north_up+cross_sensor_axis_agreement,verified
MEDF_040__s2frame_w72.896281_s3.598538_e72.903159_n3.604493,sentinel2,36,35,image_row_increases_south_column_increases_east,product_spec_north_up+cross_sensor_axis_agreement,verified
MEDF_041__frame_352_333_1690_846_1338_513,google_earth,5,4,image_row_increases_south_column_increases_east,product_spec_north_up+cross_sensor_axis_agreement,verified
MEDF_043__frame_677_258_1371_867_694_609,google_earth,3,2,image_row_increases_south_column_increases_east,product_spec_north_up+cross_sensor_axis_agreement,verified
MEDF_044__frame_171_173_1498_827_1327_654,google_earth,6,5,image_row_increases_south_column_increases_east,product_spec_north_up+cross_sensor_axis_agreement,verified
MEDF_044__s2frame_w72.953617_s2.921276_e72.961804_n2.925740,sentinel2,22,21,image_row_increases_south_column_increases_east,product_spec_north_up+cross_sensor_axis_agreement,verified
MEDF_045__frame_275_198_1513_925_1238_727,google_earth,3,2,image_row_increases_south_column_increases_east,product_spec_north_up+cross_sensor_axis_agreement,verified
MEDF_046__frame_258_427_1531_873_1273_446,google_earth,2,1,image_row_increases_south_column_increases_east,product_spec_north_up+cross_sensor_axis_agreement,verified
MEDF_047__frame_387_331_1456_880_1069_549,google_earth,3,2,image_row_increases_south_column_increases_east,product_spec_north_up+cross_sensor_axis_agreement,verified
MEDF_048__frame_116_227_1713_980_1597_753,google_earth,3,2,image_row_increases_south_column_increases_east,product_spec_north_up+cross_sensor_axis_agreement,verified
MEDF_050__frame_143_208_1694_604_1551_396,google_earth,5,4,image_row_increases_south_column_increases_east,product_spec_north_up+cross_sensor_axis_agreement,verified
MEDF_050__s2frame_w73.485338_s3.549621_e73.508159_n3.556353,sentinel2,13,12,image_row_increases_south_column_increases_east,product_spec_north_up+cross_sensor_axis_agreement,verified
MEDF_051__frame_366_290_1463_1005_1097_715,google_earth,2,1,image_row_increases_south_column_increases_east,product_spec_north_up+cross_sensor_axis_agreement,verified
MEDF_052__frame_327_119_1352_911_1025_792,google_earth,2,1,image_row_increases_south_column_increases_east,product_spec_north_up+cross_sensor_axis_agreement,verified
MEDF_053__frame_304_196_1417_861_1113_665,google_earth,4,3,image_row_increases_south_column_increases_east,product_spec_north_up+cross_sensor_axis_agreement,verified
MEDF_053__s2frame_w72.980380_s2.313185_e72.985146_n2.316168,sentinel2,51,47,image_row_increases_south_column_increases_east,product_spec_north_up+cross_sensor_axis_agreement,verified
NH_002__frame_339_71_1552_1034_1213_963,google_earth,20,18,image_row_increases_south_column_increases_east,product_spec_north_up+cross_sensor_axis_agreement,verified
NH_014__frame_160_161_1698_1002_1538_841,google_earth,3,2,image_row_increases_south_column_increases_east,product_spec_north_up+cross_sensor_axis_agreement,verified
NH_015__frame_321_221_977_1011_656_790,google_earth,30,29,image_row_increases_south_column_increases_east,product_spec_north_up+cross_sensor_axis_agreement,verified
NH_015__s2frame_w114.249838_s11.068810_e114.262112_n11.082607,sentinel2,21,20,image_row_increases_south_column_increases_east,product_spec_north_up+cross_sensor_axis_agreement,verified
NH_BK_006__frame_517_23_1769_1067_1252_1044,google_earth,13,12,image_row_increases_south_column_increases_east,product_spec_north_up+cross_sensor_axis_agreement,verified
NH_CX_007__frame_150_404_1475_932_1325_528,google_earth,3,2,image_row_increases_south_column_increases_east,product_spec_north_up+cross_sensor_axis_agreement,verified
NH_JY_010__frame_481_92_1654_1011_1173_919,google_earth,10,9,image_row_increases_south_column_increases_east,product_spec_north_up+cross_sensor_axis_agreement,verified
NH_KG_012__frame_437_150_1359_1053_922_903,google_earth,7,6,image_row_increases_south_column_increases_east,product_spec_north_up+cross_sensor_axis_agreement,verified
NH_NE_008__frame_385_171_1713_1027_1328_856,google_earth,17,15,image_row_increases_south_column_increases_east,product_spec_north_up+cross_sensor_axis_agreement,verified
NH_PSY_003__frame_298_163_1821_917_1523_754,google_earth,3,2,image_row_increases_south_column_increases_east,product_spec_north_up+cross_sensor_axis_agreement,verified
NH_QF_001__frame_148_169_1705_1053_1557_884,google_earth,35,33,image_row_increases_south_column_increases_east,product_spec_north_up+cross_sensor_axis_agreement,verified
NH_QF_001__s2frame_w111.640857_s16.556175_e111.694292_n16.584995,sentinel2,22,20,image_row_increases_south_column_increases_east,product_spec_north_up+cross_sensor_axis_agreement,verified
NH_QLY_004__frame_546_12_1556_1076_1010_1064,google_earth,68,62,image_row_increases_south_column_increases_east,product_spec_north_up+cross_sensor_axis_agreement,verified
NH_TX_013__frame_291_271_1152_971_861_700,google_earth,13,12,image_row_increases_south_column_increases_east,product_spec_north_up+cross_sensor_axis_agreement,verified
NH_XM_005__frame_294_27_1490_1055_1196_1028,google_earth,6,5,image_row_increases_south_column_increases_east,product_spec_north_up+cross_sensor_axis_agreement,verified
NH_YSY_017__frame_368_192_1340_1002_972_810,google_earth,2,1,image_row_increases_south_column_increases_east,product_spec_north_up+cross_sensor_axis_agreement,verified
NH_YSZ_011__frame_298_265_1179_1011_881_746,google_earth,17,16,image_row_increases_south_column_increases_east,product_spec_north_up+cross_sensor_axis_agreement,verified
NH_YSZ_016__frame_379_267_1540_961_1161_694,google_earth,10,9,image_row_increases_south_column_increases_east,product_spec_north_up+cross_sensor_axis_agreement,verified
OTHER_004__frame_598_177_1077_971_479_794,google_earth,7,6,image_row_increases_south_column_increases_east,product_spec_north_up+cross_sensor_axis_agreement,verified
OTHER_004__s2frame_w165.244839_s11.671312_e165.260501_n11.695443,sentinel2,37,35,image_row_increases_south_column_increases_east,product_spec_north_up+cross_sensor_axis_agreement,verified
OTHER_005__frame_683_133_1156_955_473_822,google_earth,6,5,image_row_increases_south_column_increases_east,product_spec_north_up+cross_sensor_axis_agreement,verified
OTHER_005__s2frame_w165.216334_s11.573557_e165.223212_n11.585293,sentinel2,34,33,image_row_increases_south_column_increases_east,product_spec_north_up+cross_sensor_axis_agreement,verified
OTHER_006__frame_533_65_1079_980_546_915,google_earth,6,5,image_row_increases_south_column_increases_east,product_spec_north_up+cross_sensor_axis_agreement,verified
OTHER_006__s2frame_w165.222268_s11.563763_e165.231191_n11.577866,sentinel2,40,39,image_row_increases_south_column_increases_east,product_spec_north_up+cross_sensor_axis_agreement,verified
OTHER_007__frame_731_169_1240_940_509_771,google_earth,7,6,image_row_increases_south_column_increases_east,product_spec_north_up+cross_sensor_axis_agreement,verified
OTHER_007__s2frame_w165.231054_s11.557911_e165.236732_n11.566824,sentinel2,14,13,image_row_increases_south_column_increases_east,product_spec_north_up+cross_sensor_axis_agreement,verified
OTHER_008__frame_500_81_1367_1036_867_955,google_earth,12,10,image_row_increases_south_column_increases_east,product_spec_north_up+cross_sensor_axis_agreement,verified
OTHER_008__s2frame_w165.241721_s11.543741_e165.258432_n11.561354,sentinel2,61,59,image_row_increases_south_column_increases_east,product_spec_north_up+cross_sensor_axis_agreement,verified
OTHER_009__frame_125_350_1598_927_1473_577,google_earth,6,3,image_row_increases_south_column_increases_east,product_spec_north_up+cross_sensor_axis_agreement,verified
OTHER_010__frame_454_163_1261_982_807_819,google_earth,4,2,image_row_increases_south_column_increases_east,product_spec_north_up+cross_sensor_axis_agreement,verified
OTHER_014__frame_589_94_1194_1063_605_969,google_earth,4,2,image_row_increases_south_column_increases_east,product_spec_north_up+cross_sensor_axis_agreement,verified
OTHER_017__frame_592_188_1388_1042_796_854,google_earth,3,2,image_row_increases_south_column_increases_east,product_spec_north_up+cross_sensor_axis_agreement,verified
OTHER_017__s2frame_w169.614307_s11.078504_e169.624885_n11.091831,sentinel2,11,10,image_row_increases_south_column_increases_east,product_spec_north_up+cross_sensor_axis_agreement,verified
OTHER_018__frame_391_323_1559_969_1168_646,google_earth,2,1,image_row_increases_south_column_increases_east,product_spec_north_up+cross_sensor_axis_agreement,verified
OTHER_023__frame_487_88_1448_884_961_796,google_earth,10,9,image_row_increases_south_column_increases_east,product_spec_north_up+cross_sensor_axis_agreement,verified
OTHER_024__frame_362_117_1115_994_753_877,google_earth,5,4,image_row_increases_south_column_increases_east,product_spec_north_up+cross_sensor_axis_agreement,verified
OTHER_024__s2frame_w72.078356_s11.190752_e72.101006_n11.216810,sentinel2,15,14,image_row_increases_south_column_increases_east,product_spec_north_up+cross_sensor_axis_agreement,verified
OTHER_025__frame_469_117_1052_1007_583_890,google_earth,10,9,image_row_increases_south_column_increases_east,product_spec_north_up+cross_sensor_axis_agreement,verified
OTHER_025__s2frame_w72.914403_s7.010571_e72.921648_n7.021384,sentinel2,9,8,image_row_increases_south_column_increases_east,product_spec_north_up+cross_sensor_axis_agreement,verified
