specification,outcome,n_matched_event_pairs,n_independent_storms,storm_median_difference,bootstrap_ci95_low,bootstrap_ci95_high,wilcoxon_p_value,fdr_q_value,inference_status,interpretation
all_events,erosion_fraction,10,5,0.0143128681483272,-0.2214285714285714,0.2871915080055441,1.0,1.0,descriptive_or_inferential_allowed,current CI does not identify a general excess event effect; absence of evidence is not evidence of absence
all_events,deposition_fraction,10,5,0.0221130297437233,-0.2992063492063492,0.0959038653525588,1.0,1.0,descriptive_or_inferential_allowed,current CI does not identify a general excess event effect; absence of evidence is not evidence of absence
all_events,gross_mobility_fraction,10,5,0.051017179288152,-0.5206349206349207,0.1706706106252544,0.625,1.0,descriptive_or_inferential_allowed,current CI does not identify a general excess event effect; absence of evidence is not evidence of absence
all_events,net_area_fraction,10,5,-0.0067911198007053,-0.3869285370868742,0.141058076450025,0.8125,1.0,descriptive_or_inferential_allowed,current CI does not identify a general excess event effect; absence of evidence is not evidence of absence
all_events,centroid_shift_normalized,10,5,0.0086218468992186,-1.6633631109901192,0.1095403573802253,1.0,1.0,descriptive_or_inferential_allowed,current CI does not identify a general excess event effect; absence of evidence is not evidence of absence
all_events,redistribution_balance_index,10,5,0.0526803118908381,-0.3969574036511156,0.726890756302521,1.0,1.0,descriptive_or_inferential_allowed,current CI does not identify a general excess event effect; absence of evidence is not evidence of absence
exclude_extreme_pending_review,erosion_fraction,10,5,0.0143128681483272,-0.2214285714285714,0.2871915080055441,1.0,1.0,descriptive_or_inferential_allowed,current CI does not identify a general excess event effect; absence of evidence is not evidence of absence
exclude_extreme_pending_review,deposition_fraction,10,5,0.0221130297437233,-0.2992063492063492,0.0959038653525588,1.0,1.0,descriptive_or_inferential_allowed,current CI does not identify a general excess event effect; absence of evidence is not evidence of absence
exclude_extreme_pending_review,gross_mobility_fraction,10,5,0.051017179288152,-0.5206349206349207,0.1706706106252544,0.625,1.0,descriptive_or_inferential_allowed,current CI does not identify a general excess event effect; absence of evidence is not evidence of absence
exclude_extreme_pending_review,net_area_fraction,10,5,-0.0067911198007053,-0.3869285370868742,0.141058076450025,0.8125,1.0,descriptive_or_inferential_allowed,current CI does not identify a general excess event effect; absence of evidence is not evidence of absence
exclude_extreme_pending_review,centroid_shift_normalized,10,5,0.0086218468992186,-1.6633631109901192,0.1095403573802253,1.0,1.0,descriptive_or_inferential_allowed,current CI does not identify a general excess event effect; absence of evidence is not evidence of absence
exclude_extreme_pending_review,redistribution_balance_index,10,5,0.0526803118908381,-0.3969574036511156,0.726890756302521,1.0,1.0,descriptive_or_inferential_allowed,current CI does not identify a general excess event effect; absence of evidence is not evidence of absence
