window_days,event_pair_id,sid,storm_name,reef_id,sand_cay_id,sensor,reference_frame_id,event_time_utc,pre_date,post_date,pre_lag_days,post_lag_days,pair_span_days,nearest_dist_km,wind_at_nearest_ms,storm_max_wind_ms,inside_r34,storm_center_bearing_from_cay_deg,storm_motion_bearing_deg,local_duration_within_250km_h,local_duration_within_100km_h,local_r34_duration_approx_h,center_wind_ge17_5_within_250km_h,quality_grade_pre,quality_grade_post,development_stage_pre,development_stage_post,pre_image_id,post_image_id,pre_mask_path,post_mask_path,response_status,response_qc_flag,area_pre_m2,area_post_m2,erosion_area_m2,deposition_area_m2,gross_boundary_change_m2,erosion_fraction,deposition_fraction,gross_mobility_fraction,net_area_fraction,centroid_shift_m,centroid_shift_normalized,redistribution_balance_index,vegetation_fraction_pre,vegetation_fraction_post
90,2017082S14152__GBR_068_cay_001__sentinel2__2017-02-20__2017-05-21,2017082S14152,DEBBIE,GBR_068,GBR_068_cay_001,sentinel2,GBR_068__s2frame_w150.265349_s-16.545567_e150.305599_n-16.510159,2017-03-24 00:00:00,2017-02-20,2017-05-21,32,58,90,146.9,15.4,59.16106,0,61.87695803321882,169.12321331096072,75.0,0.0,27.0,48.0,B,B,stage3_stable_exposed,stage3_stable_exposed,s2__GBR_068__GBR_068_cay_001__2017-02-20__S2A_55KHB_20170220_0_L2A,s2__GBR_068__GBR_068_cay_001__2017-05-21__S2A_56KKG_20170521_0_L2A,local://s2__GBR_068__GBR_068_cay_001__2017-02-20__S2A_55KHB_20170220_0_L2A_mask.png,local://s2__GBR_068__GBR_068_cay_001__2017-05-21__S2A_56KKG_20170521_0_L2A_mask.png,mask_scale_or_area_unavailable,,,,,,,,,,,,,,,
90,2017082S14152__GBR_098_cay_001__sentinel2__2017-02-20__2017-05-21,2017082S14152,DEBBIE,GBR_098,GBR_098_cay_001,sentinel2,GBR_098__s2frame_w149.956310_s-16.315522_e149.972766_n-16.278337,2017-03-24 00:00:00,2017-02-20,2017-05-21,32,58,90,169.6,15.4,59.16106,0,75.50481922567485,169.12321331096072,33.0,0.0,0.0,6.0,B,B,stage3_stable_exposed,stage3_stable_exposed,s2__GBR_098__GBR_098_cay_001__2017-02-20__S2A_55KHB_20170220_0_L2A,s2__GBR_098__GBR_098_cay_001__2017-05-21__S2A_55KHB_20170521_0_L2A,local://s2__GBR_098__GBR_098_cay_001__2017-02-20__S2A_55KHB_20170220_0_L2A_mask.png,local://s2__GBR_098__GBR_098_cay_001__2017-05-21__S2A_55KHB_20170521_0_L2A_mask.png,ok,within_screening_range,102200.0,97200.0,8500.0,3500.0,12000.0,0.0831702544031311,0.0342465753424657,0.1174168297455968,-0.0489236790606653,7.733344783682167,0.0428762566287764,0.5833333333333334,0.0958904109589041,0.3065843621399177
90,2017082S14152__GBR_101_cay_001__sentinel2__2017-02-10__2017-05-21,2017082S14152,DEBBIE,GBR_101,GBR_101_cay_001,sentinel2,GBR_101__s2frame_w149.178258_s-16.955359_e149.212373_n-16.920613,2017-03-26 12:00:00,2017-02-10,2017-05-21,44,56,100,242.4,33.4,59.16106,0,135.8085079112676,234.8454577221164,6.0,0.0,0.0,6.0,B,A,stage4_stable_vegetated,stage3_stable_exposed,s2__GBR_101__GBR_101_cay_001__2017-02-10__S2A_55KGB_20170210_0_L2A,s2__GBR_101__GBR_101_cay_001__2017-05-21__S2A_55KGB_20170521_0_L2A,local://s2__GBR_101__GBR_101_cay_001__2017-02-10__S2A_55KGB_20170210_0_L2A_mask.png,local://s2__GBR_101__GBR_101_cay_001__2017-05-21__S2A_55KGB_20170521_0_L2A_mask.png,ok,within_screening_range,505400.0,552100.0,2800.0,49500.0,52300.0,0.0055401662049861,0.0979422239810051,0.1034823901859913,0.092402057776019,11.792726876041016,0.0294016401422883,0.1070745697896749,0.6187277755827736,0.0478174243796413
90,2017082S14152__GBR_102_cay_001__sentinel2__2017-02-10__2017-05-21,2017082S14152,DEBBIE,GBR_102,GBR_102_cay_001,sentinel2,GBR_102__s2frame_w149.119644_s-17.026707_e149.168282_n-16.968308,2017-03-26 12:00:00,2017-02-10,2017-05-21,44,56,100,243.8,33.4,59.16106,0,133.92722709660856,234.8454577221164,6.0,0.0,0.0,6.0,B,A,stage3_stable_exposed,stage3_stable_exposed,s2__GBR_102__GBR_102_cay_001__2017-02-10__S2A_55KGB_20170210_0_L2A,s2__GBR_102__GBR_102_cay_001__2017-05-21__S2A_55KGB_20170521_0_L2A,local://s2__GBR_102__GBR_102_cay_001__2017-02-10__S2A_55KGB_20170210_0_L2A_mask.png,local://s2__GBR_102__GBR_102_cay_001__2017-05-21__S2A_55KGB_20170521_0_L2A_mask.png,ok,within_screening_range,242300.0,240100.0,10700.0,8500.0,19200.0,0.0441601320676846,0.035080478745357,0.0792406108130416,-0.0090796533223276,11.634848213226578,0.0418946871043307,0.8854166666666666,0.1167973586463062,0.0874635568513119
90,2017082S14152__GBR_058_cay_001__sentinel2__2017-01-25__2017-06-07,2017082S14152,DEBBIE,GBR_058,GBR_058_cay_001,sentinel2,GBR_058__s2frame_w151.772665_s-23.252846_e151.790195_n-23.238778,2017-03-30 03:00:00,2017-01-25,2017-06-07,64,69,133,238.7,,59.16106,0,204.3495896650432,109.62190374974892,3.0,0.0,0.0,0.0,B,B,stage4_stable_vegetated,stage4_stable_vegetated,s2__GBR_058__GBR_058_cay_001__2017-01-25__S2A_56KLV_20170125_0_L2A,s2__GBR_058__GBR_058_cay_001__2017-06-07__S2A_56KLV_20170607_0_L2A,local://s2__GBR_058__GBR_058_cay_001__2017-01-25__S2A_56KLV_20170125_0_L2A_mask.png,local://s2__GBR_058__GBR_058_cay_001__2017-06-07__S2A_56KLV_20170607_0_L2A_mask.png,ok,within_screening_range,156400.0,164300.0,2400.0,10300.0,12700.0,0.0153452685421994,0.0658567774936061,0.0812020460358056,0.0505115089514066,4.961288363235939,0.0222357115771318,0.3779527559055118,0.4705882352941176,0.5094339622641509
90,2017082S14152__GBR_060_cay_001__sentinel2__2017-02-04__2017-05-25,2017082S14152,DEBBIE,GBR_060,GBR_060_cay_001,sentinel2,GBR_060__s2frame_w152.379468_s-23.918571_e152.431527_n-23.885000,2017-03-30 03:00:00,2017-02-04,2017-05-25,54,56,110,215.9,,59.16106,0,227.93007377196665,109.62190374974892,6.0,0.0,0.0,0.0,B,A,stage4_stable_vegetated,stage4_stable_vegetated,s2__GBR_060__GBR_060_cay_001__2017-02-04__S2A_56KMU_20170204_0_L2A,s2__GBR_060__GBR_060_cay_001__2017-05-25__S2A_56KMU_20170525_0_L2A,local://s2__GBR_060__GBR_060_cay_001__2017-02-04__S2A_56KMU_20170204_0_L2A_mask.png,local://s2__GBR_060__GBR_060_cay_001__2017-05-25__S2A_56KMU_20170525_0_L2A_mask.png,ok,within_screening_range,218100.0,222200.0,4400.0,8500.0,12900.0,0.020174232003668,0.0389729481889041,0.0591471801925722,0.0187987161852361,8.762008779936398,0.0332545279657136,0.6821705426356589,0.504355800091701,0.4342934293429343
90,2017111S09146__GBR_108_cay_001__sentinel2__2017-01-30__2017-05-10,2017111S09146,FRANCES,GBR_108,GBR_108_cay_001,sentinel2,GBR_108__s2frame_w144.013356_s-11.444855_e144.064459_n-11.402310,2017-04-21 06:00:00,2017-01-30,2017-05-10,81,19,100,197.2,,41.15552,0,15.46472543448279,295.19366132568666,9.0,0.0,0.0,0.0,B,B,stage3_stable_exposed,stage3_stable_exposed,s2__GBR_108__GBR_108_cay_001__2017-01-30__S2A_54LZN_20170130_0_L2A,s2__GBR_108__GBR_108_cay_001__2017-05-10__S2A_54LZN_20170510_0_L2A,local://s2__GBR_108__GBR_108_cay_001__2017-01-30__S2A_54LZN_20170130_0_L2A_mask.png,local://s2__GBR_108__GBR_108_cay_001__2017-05-10__S2A_54LZN_20170510_0_L2A_mask.png,ok,within_screening_range,161000.0,158600.0,9100.0,6700.0,15800.0,0.0565217391304347,0.0416149068322981,0.0981366459627329,-0.0149068322981366,11.270533427977435,0.0497859123030545,0.8481012658227848,0.0900621118012422,0.1134930643127364
90,2018072N05076__MEDF_026_cay_001__sentinel2__2018-01-07__2018-05-07,2018072N05076,UNNAMED,MEDF_026,MEDF_026_cay_001,sentinel2,MEDF_026__s2frame_w73.129679_s5.225928_e73.163570_n5.240336,2018-03-13 21:00:00,2018-01-07,2018-05-07,65,55,120,245.1,,,0,44.69546143116445,315.22301837206555,12.0,0.0,0.0,0.0,B,B,stage3_stable_exposed,stage3_stable_exposed,s2__MEDF_026__MEDF_026_cay_001__2018-01-07__S2B_43NBF_20180107_0_L2A,s2__MEDF_026__MEDF_026_cay_001__2018-05-07__S2B_43NBF_20180507_0_L2A,local://s2__MEDF_026__MEDF_026_cay_001__2018-01-07__S2B_43NBF_20180107_0_L2A_mask.png,local://s2__MEDF_026__MEDF_026_cay_001__2018-05-07__S2B_43NBF_20180507_0_L2A_mask.png,ok,within_screening_range,88500.0,70600.0,19800.0,1900.0,21700.0,0.223728813559322,0.0214689265536723,0.2451977401129943,-0.2022598870056497,4.848221845785723,0.028885892131767,0.1751152073732718,0.0135593220338983,0.0014164305949008
90,2018072N05076__MEDF_026_cay_002__sentinel2__2018-01-07__2018-05-07,2018072N05076,UNNAMED,MEDF_026,MEDF_026_cay_002,sentinel2,MEDF_026__s2frame_w73.129679_s5.225928_e73.163570_n5.240336,2018-03-13 21:00:00,2018-01-07,2018-05-07,65,55,120,245.1,,,0,44.80314601444629,315.22301837206555,12.0,0.0,0.0,0.0,B,B,stage3_stable_exposed,stage3_stable_exposed,s2__MEDF_026__MEDF_026_cay_002__2018-01-07__S2B_43NBF_20180107_0_L2A,s2__MEDF_026__MEDF_026_cay_002__2018-05-07__S2B_43NBF_20180507_0_L2A,local://s2__MEDF_026__MEDF_026_cay_002__2018-01-07__S2B_43NBF_20180107_0_L2A_mask.png,local://s2__MEDF_026__MEDF_026_cay_002__2018-05-07__S2B_43NBF_20180507_0_L2A_mask.png,ok,within_screening_range,58100.0,50200.0,14400.0,6500.0,20900.0,0.2478485370051635,0.1118760757314974,0.3597246127366609,-0.1359724612736661,23.37141019184217,0.1718588051135033,0.6220095693779905,0.0034423407917383,0.0199203187250996
90,2018072N05076__MEDF_027_cay_001__sentinel2__2018-01-07__2018-05-07,2018072N05076,UNNAMED,MEDF_027,MEDF_027_cay_001,sentinel2,MEDF_027__s2frame_w73.166479_s5.231743_e73.170571_n5.237482,2018-03-13 21:00:00,2018-01-07,2018-05-07,65,55,120,242.8,,,0,44.16330197933076,315.22301837206555,12.0,0.0,0.0,0.0,B,B,stage4_stable_vegetated,stage4_stable_vegetated,s2__MEDF_027__MEDF_027_cay_001__2018-01-07__S2B_43NBF_20180107_0_L2A,s2__MEDF_027__MEDF_027_cay_001__2018-05-07__S2B_43NBF_20180507_0_L2A,local://s2__MEDF_027__MEDF_027_cay_001__2018-01-07__S2B_43NBF_20180107_0_L2A_mask.png,local://s2__MEDF_027__MEDF_027_cay_001__2018-05-07__S2B_43NBF_20180507_0_L2A_mask.png,ok,within_screening_range,29200.0,30500.0,4700.0,6000.0,10700.0,0.160958904109589,0.2054794520547945,0.3664383561643836,0.0445205479452054,25.35325464289248,0.2629766744274341,0.8785046728971962,0.5273972602739726,0.5147540983606558
90,2018072N05076__MEDF_005_cay_001__sentinel2__2018-01-07__2018-05-07,2018072N05076,UNNAMED,MEDF_005,MEDF_005_cay_001,sentinel2,MEDF_005__s2frame_w73.150891_s5.914388_e73.163292_n5.921777,2018-03-14 00:00:00,2018-01-07,2018-05-07,66,54,120,190.9,,,0,50.95396095264466,315.26667352909595,24.0,0.0,0.0,0.0,B,B,stage3_stable_exposed,stage3_stable_exposed,s2__MEDF_005__MEDF_005_cay_001__2018-01-07__S2B_43NBG_20180107_0_L2A,s2__MEDF_005__MEDF_005_cay_001__2018-05-07__S2B_43NBG_20180507_0_L2A,local://s2__MEDF_005__MEDF_005_cay_001__2018-01-07__S2B_43NBG_20180107_0_L2A_mask.png,local://s2__MEDF_005__MEDF_005_cay_001__2018-05-07__S2B_43NBG_20180507_0_L2A_mask.png,ok,within_screening_range,39000.0,33800.0,10000.0,4800.0,14800.0,0.2564102564102564,0.123076923076923,0.3794871794871794,-0.1333333333333333,55.14717594077165,0.4949552215011892,0.6486486486486487,0.1743589743589743,0.1331360946745562
90,2018072N05076__MEDF_006_cay_001__sentinel2__2018-01-07__2018-05-07,2018072N05076,UNNAMED,MEDF_006,MEDF_006_cay_001,sentinel2,MEDF_006__s2frame_w73.196873_s5.859425_e73.212508_n5.869042,2018-03-14 00:00:00,2018-01-07,2018-05-07,66,54,120,190.7,,,0,48.40016956473077,315.26667352909595,24.0,0.0,0.0,0.0,B,B,stage3_stable_exposed,stage3_stable_exposed,s2__MEDF_006__MEDF_006_cay_001__2018-01-07__S2B_43NBG_20180107_0_L2A,s2__MEDF_006__MEDF_006_cay_001__2018-05-07__S2B_43NBG_20180507_0_L2A,local://s2__MEDF_006__MEDF_006_cay_001__2018-01-07__S2B_43NBG_20180107_0_L2A_mask.png,local://s2__MEDF_006__MEDF_006_cay_001__2018-05-07__S2B_43NBG_20180507_0_L2A_mask.png,ok,within_screening_range,63700.0,65700.0,11700.0,13700.0,25400.0,0.1836734693877551,0.2150706436420722,0.3987441130298273,0.0313971742543171,31.172418038983054,0.2189150965671951,0.9212598425196852,0.2558869701726844,0.2831050228310502
90,2018072N05076__MEDF_008_cay_001__sentinel2__2018-01-07__2018-05-07,2018072N05076,UNNAMED,MEDF_008,MEDF_008_cay_001,sentinel2,MEDF_008__s2frame_w72.853663_s5.584525_e72.862829_n5.593249,2018-03-14 00:00:00,2018-01-07,2018-05-07,66,54,120,239.7,,,0,48.99998240306103,315.26667352909595,12.0,0.0,0.0,0.0,B,B,stage3_stable_exposed,stage3_stable_exposed,s2__MEDF_008__MEDF_008_cay_001__2018-01-07__S2B_43NBG_20180107_0_L2A,s2__MEDF_008__MEDF_008_cay_001__2018-05-07__S2B_43NBG_20180507_0_L2A,local://s2__MEDF_008__MEDF_008_cay_001__2018-01-07__S2B_43NBG_20180107_0_L2A_mask.png,local://s2__MEDF_008__MEDF_008_cay_001__2018-05-07__S2B_43NBG_20180507_0_L2A_mask.png,ok,within_screening_range,24700.0,25700.0,900.0,1900.0,2800.0,0.0364372469635627,0.0769230769230769,0.1133603238866396,0.0404858299595141,6.949339419423525,0.0783736338682659,0.6428571428571429,0.0040485829959514,0.0038910505836575
90,2018072N05076__MEDF_010_cay_001__sentinel2__2018-01-07__2018-05-07,2018072N05076,UNNAMED,MEDF_010,MEDF_010_cay_001,sentinel2,MEDF_010__s2frame_w72.910556_s5.599843_e72.915839_n5.604707,2018-03-14 00:00:00,2018-01-07,2018-05-07,66,54,120,234.3,,,0,48.35111147853642,315.26667352909595,12.0,0.0,0.0,0.0,B,B,stage3_stable_exposed,stage3_stable_exposed,s2__MEDF_010__MEDF_010_cay_001__2018-01-07__S2B_43NBG_20180107_0_L2A,s2__MEDF_010__MEDF_010_cay_001__2018-05-07__S2B_43NBG_20180507_0_L2A,local://s2__MEDF_010__MEDF_010_cay_001__2018-01-07__S2B_43NBG_20180107_0_L2A_mask.png,local://s2__MEDF_010__MEDF_010_cay_001__2018-05-07__S2B_43NBG_20180507_0_L2A_mask.png,ok,within_screening_range,10300.0,10700.0,3400.0,3800.0,7200.0,0.3300970873786408,0.3689320388349514,0.6990291262135923,0.0388349514563106,24.91617456369205,0.4351486984761054,0.9444444444444444,0.0,0.0
90,2018072N05076__MEDF_014_cay_001__sentinel2__2018-01-07__2018-05-07,2018072N05076,UNNAMED,MEDF_014,MEDF_014_cay_001,sentinel2,MEDF_014__s2frame_w72.943388_s5.554565_e72.948995_n5.557399,2018-03-14 00:00:00,2018-01-07,2018-05-07,66,54,120,235.1,,,0,46.85423313510921,315.26667352909595,12.0,0.0,0.0,0.0,B,B,stage3_stable_exposed,stage3_stable_exposed,s2__MEDF_014__MEDF_014_cay_001__2018-01-07__S2B_43NBG_20180107_0_L2A,s2__MEDF_014__MEDF_014_cay_001__2018-05-07__S2B_43NBG_20180507_0_L2A,local://s2__MEDF_014__MEDF_014_cay_001__2018-01-07__S2B_43NBG_20180107_0_L2A_mask.png,local://s2__MEDF_014__MEDF_014_cay_001__2018-05-07__S2B_43NBG_20180507_0_L2A_mask.png,ok,within_screening_range,23400.0,21800.0,3600.0,2000.0,5600.0,0.1538461538461538,0.0854700854700854,0.2393162393162393,-0.0683760683760683,19.846479614569947,0.2299590416418215,0.7142857142857143,0.4145299145299145,0.4220183486238532
90,2018072N05076__MEDF_015_cay_001__sentinel2__2018-01-07__2018-05-07,2018072N05076,UNNAMED,MEDF_015,MEDF_015_cay_001,sentinel2,MEDF_015__s2frame_w72.941386_s5.535943_e72.946042_n5.538869,2018-03-14 00:00:00,2018-01-07,2018-05-07,66,54,120,236.7,,,0,46.519254076472535,315.26667352909595,12.0,0.0,0.0,0.0,B,B,stage3_stable_exposed,stage3_stable_exposed,s2__MEDF_015__MEDF_015_cay_001__2018-01-07__S2B_43NBG_20180107_0_L2A,s2__MEDF_015__MEDF_015_cay_001__2018-05-07__S2B_43NBG_20180507_0_L2A,local://s2__MEDF_015__MEDF_015_cay_001__2018-01-07__S2B_43NBG_20180107_0_L2A_mask.png,local://s2__MEDF_015__MEDF_015_cay_001__2018-05-07__S2B_43NBG_20180507_0_L2A_mask.png,ok,within_screening_range,12300.0,11500.0,2600.0,1800.0,4400.0,0.2113821138211382,0.1463414634146341,0.3577235772357723,-0.065040650406504,16.408424303030028,0.262234156358347,0.8181818181818182,0.3089430894308943,0.3043478260869565
90,2018072N05076__MEDF_017_cay_001__sentinel2__2018-01-07__2018-05-07,2018072N05076,UNNAMED,MEDF_017,MEDF_017_cay_001,sentinel2,MEDF_017__s2frame_w72.991228_s5.491815_e73.004682_n5.497654,2018-03-14 00:00:00,2018-01-07,2018-05-07,66,54,120,235.8,,,0,44.69037759808803,315.26667352909595,18.0,0.0,0.0,0.0,B,B,stage4_stable_vegetated,stage4_stable_vegetated,s2__MEDF_017__MEDF_017_cay_001__2018-01-07__S2B_43NBG_20180107_0_L2A,s2__MEDF_017__MEDF_017_cay_001__2018-05-07__S2B_43NBG_20180507_0_L2A,local://s2__MEDF_017__MEDF_017_cay_001__2018-01-07__S2B_43NBG_20180107_0_L2A_mask.png,local://s2__MEDF_017__MEDF_017_cay_001__2018-05-07__S2B_43NBG_20180507_0_L2A_mask.png,ok,within_screening_range,68800.0,71400.0,7300.0,9900.0,17200.0,0.1061046511627906,0.1438953488372093,0.25,0.0377906976744186,22.20349129785763,0.1500382485805459,0.8488372093023255,0.6031976744186046,0.5798319327731093
90,2018072N05076__MEDF_019_cay_001__sentinel2__2018-01-07__2018-05-07,2018072N05076,UNNAMED,MEDF_019,MEDF_019_cay_001,sentinel2,MEDF_019__s2frame_w72.935162_s5.366845_e72.956813_n5.380359,2018-03-14 00:00:00,2018-01-07,2018-05-07,66,54,120,248.5,,,0,43.33013447225199,315.26667352909595,6.0,0.0,0.0,0.0,B,B,stage3_stable_exposed,stage3_stable_exposed,s2__MEDF_019__MEDF_019_cay_001__2018-01-07__S2B_43NBG_20180107_0_L2A,s2__MEDF_019__MEDF_019_cay_001__2018-05-07__S2B_43NBG_20180507_0_L2A,local://s2__MEDF_019__MEDF_019_cay_001__2018-01-07__S2B_43NBG_20180107_0_L2A_mask.png,local://s2__MEDF_019__MEDF_019_cay_001__2018-05-07__S2B_43NBG_20180507_0_L2A_mask.png,ok,within_screening_range,89500.0,48900.0,44100.0,3500.0,47600.0,0.4927374301675977,0.0391061452513966,0.5318435754189944,-0.4536312849162011,45.03663532537739,0.2668267434063029,0.1470588235294117,0.0011173184357541,0.4662576687116564
90,2018082S12164__GBR_073_cay_001__sentinel2__2018-02-12__2018-06-07,2018082S12164,IRIS,GBR_073,GBR_073_cay_001,sentinel2,GBR_073__s2frame_w151.838971_s-17.420620_e151.860391_n-17.407771,2018-03-30 15:00:00,2018-02-12,2018-06-07,46,69,115,62.7,15.4,28.29442,0,67.85861254246133,304.73166016657245,108.0,6.0,0.0,45.0,B,B,stage3_stable_exposed,stage3_stable_exposed,s2__GBR_073__GBR_073_cay_001__2018-02-12__S2A_56KLF_20180212_0_L2A,s2__GBR_073__GBR_073_cay_001__2018-06-07__S2B_56KLF_20180607_0_L2A,local://s2__GBR_073__GBR_073_cay_001__2018-02-12__S2A_56KLF_20180212_0_L2A_mask.png,local://s2__GBR_073__GBR_073_cay_001__2018-06-07__S2B_56KLF_20180607_0_L2A_mask.png,ok,within_screening_range,43400.0,47600.0,4500.0,8700.0,13200.0,0.1036866359447004,0.2004608294930875,0.304147465437788,0.0967741935483871,19.959548435713472,0.1698168509648143,0.6818181818181818,0.0599078341013824,0.01890756302521
90,2018082S12164__GBR_068_cay_001__sentinel2__2018-02-20__2018-04-26,2018082S12164,IRIS,GBR_068,GBR_068_cay_001,sentinel2,GBR_068__s2frame_w150.265349_s-16.545567_e150.305599_n-16.510159,2018-03-31 00:00:00,2018-02-20,2018-04-26,39,26,65,74.6,12.9,28.29442,0,61.01346588287634,312.22001706458406,99.0,6.0,0.0,48.0,B,B,stage3_stable_exposed,stage3_stable_exposed,s2__GBR_068__GBR_068_cay_001__2018-02-20__S2B_55KHB_20180220_0_L2A,s2__GBR_068__GBR_068_cay_001__2018-04-26__S2A_55KHB_20180426_0_L2A,local://s2__GBR_068__GBR_068_cay_001__2018-02-20__S2B_55KHB_20180220_0_L2A_mask.png,local://s2__GBR_068__GBR_068_cay_001__2018-04-26__S2A_55KHB_20180426_0_L2A_mask.png,ok,within_screening_range,237700.0,218000.0,39100.0,19400.0,58500.0,0.1644930584770719,0.0816154816996213,0.2461085401766933,-0.0828775767774505,115.68313833881814,0.4205623661818942,0.6632478632478632,0.1779554059739167,0.1885321100917431
90,2018082S12164__GBR_095_cay_001__sentinel2__2018-02-20__2018-04-26,2018082S12164,IRIS,GBR_095,GBR_095_cay_001,sentinel2,GBR_095__s2frame_w150.327781_s-16.615031_e150.343544_n-16.594665,2018-03-31 00:00:00,2018-02-20,2018-04-26,39,26,65,75.0,12.9,28.29442,0,53.4997514012584,312.22001706458406,99.0,6.0,0.0,48.0,B,B,stage3_stable_exposed,stage4_stable_vegetated,s2__GBR_095__GBR_095_cay_001__2018-02-20__S2B_55KHB_20180220_0_L2A,s2__GBR_095__GBR_095_cay_001__2018-04-26__S2A_55KHB_20180426_0_L2A,local://s2__GBR_095__GBR_095_cay_001__2018-02-20__S2B_55KHB_20180220_0_L2A_mask.png,local://s2__GBR_095__GBR_095_cay_001__2018-04-26__S2A_55KHB_20180426_0_L2A_mask.png,ok,within_screening_range,375800.0,390100.0,2800.0,17100.0,19900.0,0.0074507716870675,0.045502927088877,0.0529536987759446,0.0380521554018094,4.913249708557352,0.0142057898426888,0.2814070351758794,0.4696647152740819,0.741861061266342
90,2018082S12164__GBR_098_cay_001__sentinel2__2018-01-11__2018-04-26,2018082S12164,IRIS,GBR_098,GBR_098_cay_001,sentinel2,GBR_098__s2frame_w149.956310_s-16.315522_e149.972766_n-16.278337,2018-03-31 03:00:00,2018-01-11,2018-04-26,79,26,105,78.8,12.9,28.29442,0,46.644762326665536,311.61234814045827,93.0,6.0,0.0,45.0,B,B,stage3_stable_exposed,stage3_stable_exposed,s2__GBR_098__GBR_098_cay_001__2018-01-11__S2B_55LHC_20180111_0_L2A,s2__GBR_098__GBR_098_cay_001__2018-04-26__S2A_55KHB_20180426_0_L2A,local://s2__GBR_098__GBR_098_cay_001__2018-01-11__S2B_55LHC_20180111_0_L2A_mask.png,local://s2__GBR_098__GBR_098_cay_001__2018-04-26__S2A_55KHB_20180426_0_L2A_mask.png,ok,within_screening_range,97600.0,100700.0,3900.0,7000.0,10900.0,0.0399590163934426,0.0717213114754098,0.1116803278688524,0.0317622950819672,9.285481142995542,0.0526810521185497,0.7155963302752294,0.089139344262295,0.2184707050645481
90,2018082S12164__GBR_101_cay_001__sentinel2__2018-02-15__2018-04-26,2018082S12164,IRIS,GBR_101,GBR_101_cay_001,sentinel2,GBR_101__s2frame_w149.178258_s-16.955359_e149.212373_n-16.920613,2018-04-03 00:00:00,2018-02-15,2018-04-26,47,23,70,27.3,23.1,28.29442,1,230.41032371180805,142.66343644013608,93.0,39.0,42.0,48.0,A,A,stage3_stable_exposed,stage3_stable_exposed,s2__GBR_101__GBR_101_cay_001__2018-02-15__S2A_55KGB_20180215_0_L2A,s2__GBR_101__GBR_101_cay_001__2018-04-26__S2A_55KGB_20180426_0_L2A,local://s2__GBR_101__GBR_101_cay_001__2018-02-15__S2A_55KGB_20180215_0_L2A_mask.png,local://s2__GBR_101__GBR_101_cay_001__2018-04-26__S2A_55KGB_20180426_0_L2A_mask.png,ok,within_screening_range,479500.0,569200.0,0.0,89700.0,89700.0,0.0,0.1870698644421272,0.1870698644421272,0.1870698644421272,38.01088648320452,0.0972945757889858,0.0,0.7503649635036497,0.2607167955024596
90,2018082S12164__GBR_102_cay_001__sentinel2__2018-02-15__2018-04-26,2018082S12164,IRIS,GBR_102,GBR_102_cay_001,sentinel2,GBR_102__s2frame_w149.119644_s-17.026707_e149.168282_n-16.968308,2018-04-03 00:00:00,2018-02-15,2018-04-26,47,23,70,19.2,23.1,28.29442,1,228.38980132672583,142.66343644013608,93.0,39.0,42.0,48.0,A,B,stage3_stable_exposed,stage3_stable_exposed,s2__GBR_102__GBR_102_cay_001__2018-02-15__S2A_55KGB_20180215_0_L2A,s2__GBR_102__GBR_102_cay_001__2018-04-26__S2A_55KGB_20180426_0_L2A,local://s2__GBR_102__GBR_102_cay_001__2018-02-15__S2A_55KGB_20180215_0_L2A_mask.png,local://s2__GBR_102__GBR_102_cay_001__2018-04-26__S2A_55KGB_20180426_0_L2A_mask.png,ok,within_screening_range,248700.0,248200.0,7200.0,6700.0,13900.0,0.0289505428226779,0.0269400884599919,0.0558906312826698,-0.0020104543626859,5.017697825150435,0.0178337037305881,0.9640287769784172,0.04583835946924,0.0938759065269943
90,2018082S12164__GBR_052_cay_001__sentinel2__2018-02-12__2018-06-29,2018082S12164,IRIS,GBR_052,GBR_052_cay_001,sentinel2,GBR_052__s2frame_w152.362046_s-21.647462_e152.375800_n-21.639653,2018-04-05 12:00:00,2018-02-12,2018-06-29,52,85,137,168.9,20.6,28.29442,1,35.20525249289955,90.01726491380978,30.0,0.0,30.0,30.0,B,B,stage3_stable_exposed,stage3_stable_exposed,s2__GBR_052__GBR_052_cay_001__2018-02-12__S2A_56KMB_20180212_0_L2A,s2__GBR_052__GBR_052_cay_001__2018-06-29__S2A_56KMB_20180629_0_L2A,local://s2__GBR_052__GBR_052_cay_001__2018-02-12__S2A_56KMB_20180212_0_L2A_mask.png,local://s2__GBR_052__GBR_052_cay_001__2018-06-29__S2A_56KMB_20180629_0_L2A_mask.png,ok,within_screening_range,27100.0,29700.0,1900.0,4500.0,6400.0,0.070110701107011,0.1660516605166051,0.2361623616236162,0.0959409594095941,18.56088743187156,0.1998430400946957,0.59375,0.011070110701107,0.0235690235690235
90,2018082S12164__GBR_055_cay_001__sentinel2__2018-03-06__2018-06-29,2018082S12164,IRIS,GBR_055,GBR_055_cay_001,sentinel2,GBR_055__s2frame_w152.443424_s-21.790265_e152.465048_n-21.776997,2018-04-05 12:00:00,2018-03-06,2018-06-29,30,85,115,177.8,20.6,28.29442,1,29.86505163998332,90.01726491380978,21.0,0.0,30.0,21.0,B,B,stage3_stable_exposed,stage3_stable_exposed,s2__GBR_055__GBR_055_cay_001__2018-03-06__S2B_56KMB_20180306_0_L2A,s2__GBR_055__GBR_055_cay_001__2018-06-29__S2A_56KMB_20180629_0_L2A,local://s2__GBR_055__GBR_055_cay_001__2018-03-06__S2B_56KMB_20180306_0_L2A_mask.png,local://s2__GBR_055__GBR_055_cay_001__2018-06-29__S2A_56KMB_20180629_0_L2A_mask.png,ok,within_screening_range,38300.0,56900.0,3500.0,22100.0,25600.0,0.0913838120104438,0.577023498694517,0.6684073107049608,0.4856396866840731,37.017747589286415,0.3352629323096289,0.2734375,0.0391644908616188,0.0404217926186291
90,2018153N12113__NH_015_cay_001__sentinel2__2018-04-14__2018-08-20,2018153N12113,EWINIAR,NH_015,NH_015_cay_001,sentinel2,NH_015__s2frame_w114.249838_s11.068810_e114.262112_n11.082607,2018-06-02 06:00:00,2018-04-14,2018-08-20,49,79,128,226.2,10.3,20.57776,0,307.2128277762734,278.3947867281256,1.5,0.0,0.0,0.0,B,B,stage3_stable_exposed,stage3_stable_exposed,s2__NH_015__NH_015_cay_001__2018-04-14__S2A_49PHN_20180414_0_L2A,s2__NH_015__NH_015_cay_001__2018-08-20__S2B_49PHN_20180820_0_L2A,local://s2__NH_015__NH_015_cay_001__2018-04-14__S2A_49PHN_20180414_0_L2A_mask.png,local://s2__NH_015__NH_015_cay_001__2018-08-20__S2B_49PHN_20180820_0_L2A_mask.png,ok,within_screening_range,42900.0,41500.0,12300.0,10900.0,23200.0,0.2867132867132867,0.2540792540792541,0.5407925407925408,-0.0326340326340326,52.55729884201141,0.4497584452955031,0.9396551724137931,0.0,0.0024096385542168
90,2018334S09156__GBR_055_cay_001__sentinel2__2018-09-27__2019-03-11,2018334S09156,OWEN,GBR_055,GBR_055_cay_001,sentinel2,GBR_055__s2frame_w152.443424_s-21.790265_e152.465048_n-21.776997,2018-12-17 12:00:00,2018-09-27,2019-03-11,81,84,165,189.0,15.4,43.72774,0,324.5890577951692,57.47027217930094,54.0,0.0,0.0,0.0,B,B,stage3_stable_exposed,stage3_stable_exposed,s2__GBR_055__GBR_055_cay_001__2018-09-27__S2A_56KMA_20180927_0_L2A,s2__GBR_055__GBR_055_cay_001__2019-03-11__S2B_56KMA_20190311_0_L2A,local://s2__GBR_055__GBR_055_cay_001__2018-09-27__S2A_56KMA_20180927_0_L2A_mask.png,local://s2__GBR_055__GBR_055_cay_001__2019-03-11__S2B_56KMA_20190311_0_L2A_mask.png,ok,within_screening_range,55000.0,33800.0,22100.0,900.0,23000.0,0.4018181818181818,0.0163636363636363,0.4181818181818181,-0.3854545454545454,33.080961375973224,0.2500182516217183,0.0782608695652174,0.0127272727272727,0.0355029585798816
90,2018334S09156__GBR_095_cay_001__sentinel2__2018-11-12__2019-01-16,2018334S09156,OWEN,GBR_095,GBR_095_cay_001,sentinel2,GBR_095__s2frame_w150.327781_s-16.615031_e150.343544_n-16.594665,2018-12-20 06:00:00,2018-11-12,2019-01-16,38,27,65,33.4,10.3,43.72774,0,228.6737136732908,324.2785730097166,120.0,30.0,0.0,0.0,B,B,stage4_stable_vegetated,stage4_stable_vegetated,s2__GBR_095__GBR_095_cay_001__2018-11-12__S2A_56KKG_20181112_0_L2A,s2__GBR_095__GBR_095_cay_001__2019-01-16__S2B_56KKG_20190116_0_L2A,local://s2__GBR_095__GBR_095_cay_001__2018-11-12__S2A_56KKG_20181112_0_L2A_mask.png,local://s2__GBR_095__GBR_095_cay_001__2019-01-16__S2B_56KKG_20190116_0_L2A_mask.png,ok,within_screening_range,364200.0,373400.0,1700.0,10900.0,12600.0,0.0046677649643053,0.029928610653487,0.0345963756177924,0.0252608456891817,4.059590315490191,0.0119230447346126,0.2698412698412698,0.0260845689181768,0.1930905195500803
90,2018334S09156__GBR_098_cay_001__sentinel2__2018-11-27__2019-02-25,2018334S09156,OWEN,GBR_098,GBR_098_cay_001,sentinel2,GBR_098__s2frame_w149.956310_s-16.315522_e149.972766_n-16.278337,2018-12-20 12:00:00,2018-11-27,2019-02-25,23,67,90,24.6,10.3,43.72774,0,196.1730734237977,289.1318196267164,120.0,48.0,0.0,0.0,B,B,stage3_stable_exposed,stage3_stable_exposed,s2__GBR_098__GBR_098_cay_001__2018-11-27__S2B_55LHC_20181127_0_L2A,s2__GBR_098__GBR_098_cay_001__2019-02-25__S2B_55LHC_20190225_0_L2A,local://s2__GBR_098__GBR_098_cay_001__2018-11-27__S2B_55LHC_20181127_0_L2A_mask.png,local://s2__GBR_098__GBR_098_cay_001__2019-02-25__S2B_55LHC_20190225_0_L2A_mask.png,ok,within_screening_range,107600.0,97800.0,17200.0,7400.0,24600.0,0.1598513011152416,0.0687732342007435,0.2286245353159851,-0.0910780669144981,17.78296706608507,0.0960888564429688,0.6016260162601627,0.0910780669144981,0.3404907975460122
90,2018334S09156__GBR_101_cay_001__sentinel2__2018-11-27__2019-01-11,2018334S09156,OWEN,GBR_101,GBR_101_cay_001,sentinel2,GBR_101__s2frame_w149.178258_s-16.955359_e149.212373_n-16.920613,2018-12-21 03:00:00,2018-11-27,2019-01-11,24,21,45,4.8,7.7,43.72774,0,2.444901345677527,205.5233160048469,132.0,39.0,0.0,0.0,A,A,stage3_stable_exposed,stage3_stable_exposed,s2__GBR_101__GBR_101_cay_001__2018-11-27__S2B_55KGB_20181127_0_L2A,s2__GBR_101__GBR_101_cay_001__2019-01-11__S2A_55KGB_20190111_0_L2A,local://s2__GBR_101__GBR_101_cay_001__2018-11-27__S2B_55KGB_20181127_0_L2A_mask.png,local://s2__GBR_101__GBR_101_cay_001__2019-01-11__S2A_55KGB_20190111_0_L2A_mask.png,ok,within_screening_range,519000.0,499800.0,24800.0,5600.0,30400.0,0.0477842003853564,0.0107899807321772,0.0585741811175337,-0.0369942196531791,5.876467570890625,0.0144579793885572,0.3684210526315789,0.0601156069364161,0.8237294917967187
90,2018334S09156__GBR_102_cay_001__sentinel2__2018-11-27__2019-01-11,2018334S09156,OWEN,GBR_102,GBR_102_cay_001,sentinel2,GBR_102__s2frame_w149.119644_s-17.026707_e149.168282_n-16.968308,2018-12-21 03:00:00,2018-11-27,2019-01-11,24,21,45,11.8,7.7,43.72774,0,36.08611093840897,205.5233160048469,130.5,33.0,0.0,0.0,A,A,stage3_stable_exposed,stage3_stable_exposed,s2__GBR_102__GBR_102_cay_001__2018-11-27__S2B_55KGB_20181127_0_L2A,s2__GBR_102__GBR_102_cay_001__2019-01-11__S2A_55KGB_20190111_0_L2A,local://s2__GBR_102__GBR_102_cay_001__2018-11-27__S2B_55KGB_20181127_0_L2A_mask.png,local://s2__GBR_102__GBR_102_cay_001__2019-01-11__S2A_55KGB_20190111_0_L2A_mask.png,ok,within_screening_range,248100.0,193600.0,60200.0,5700.0,65900.0,0.2426440951229343,0.022974607013301,0.2656187021362354,-0.2196694881096332,28.81597342489984,0.1025403626754266,0.17298937784522,0.0193470374848851,0.6637396694214877
90,2018363S12145__GBR_003_cay_001__sentinel2__2018-11-16__2019-01-15,2018363S12145,PENNY,GBR_003,GBR_003_cay_001,sentinel2,GBR_003__s2frame_w143.385240_s-9.974385_e143.406766_n-9.945731,2018-12-28 15:00:00,2018-11-16,2019-01-15,42,18,60,240.7,10.3,28.29442,0,143.88706990477567,224.3629152661585,4.5,0.0,0.0,0.0,B,B,stage4_stable_vegetated,stage4_stable_vegetated,s2__GBR_003__GBR_003_cay_001__2018-11-16__S2B_54LYP_20181116_0_L2A,s2__GBR_003__GBR_003_cay_001__2019-01-15__S2B_54LYQ_20190115_0_L2A,local://s2__GBR_003__GBR_003_cay_001__2018-11-16__S2B_54LYP_20181116_0_L2A_mask.png,local://s2__GBR_003__GBR_003_cay_001__2019-01-15__S2B_54LYQ_20190115_0_L2A_mask.png,ok,within_screening_range,211200.0,178500.0,38300.0,5600.0,43900.0,0.1813446969696969,0.0265151515151515,0.2078598484848484,-0.1548295454545454,23.51952524180423,0.0907102847756136,0.255125284738041,0.0501893939393939,0.4280112044817927
90,2018363S12145__GBR_007_cay_001__sentinel2__2018-11-16__2019-01-10,2018363S12145,PENNY,GBR_007,GBR_007_cay_001,sentinel2,GBR_007__s2frame_w143.311154_s-10.125813_e143.335506_n-10.100891,2018-12-28 15:00:00,2018-11-16,2019-01-10,42,13,55,232.6,10.3,28.29442,0,139.78196827458572,224.3629152661585,10.5,0.0,0.0,0.0,B,B,stage4_stable_vegetated,stage4_stable_vegetated,s2__GBR_007__GBR_007_cay_001__2018-11-16__S2B_54LYP_20181116_0_L2A,s2__GBR_007__GBR_007_cay_001__2019-01-10__S2A_54LYP_20190110_0_L2A,local://s2__GBR_007__GBR_007_cay_001__2018-11-16__S2B_54LYP_20181116_0_L2A_mask.png,local://s2__GBR_007__GBR_007_cay_001__2019-01-10__S2A_54LYP_20190110_0_L2A_mask.png,ok,within_screening_range,227500.0,159000.0,74700.0,6200.0,80900.0,0.3283516483516484,0.0272527472527472,0.3556043956043956,-0.3010989010989011,181.36586707332364,0.6739688001907079,0.1532756489493201,0.0158241758241758,0.5025157232704403
90,2018363S12145__GBR_009_cay_001__sentinel2__2018-11-16__2019-01-10,2018363S12145,PENNY,GBR_009,GBR_009_cay_001,sentinel2,GBR_009__s2frame_w143.105363_s-10.259829_e143.118092_n-10.253478,2018-12-28 15:00:00,2018-11-16,2019-01-10,42,13,55,236.5,10.3,28.29442,0,132.93606779923311,224.3629152661585,10.5,0.0,0.0,0.0,B,B,stage3_stable_exposed,stage3_stable_exposed,s2__GBR_009__GBR_009_cay_001__2018-11-16__S2B_54LYP_20181116_0_L2A,s2__GBR_009__GBR_009_cay_001__2019-01-10__S2A_54LYP_20190110_0_L2A,local://s2__GBR_009__GBR_009_cay_001__2018-11-16__S2B_54LYP_20181116_0_L2A_mask.png,local://s2__GBR_009__GBR_009_cay_001__2019-01-10__S2A_54LYP_20190110_0_L2A_mask.png,ok,extreme_requires_visual_review,20000.0,25900.0,6900.0,12800.0,19700.0,0.345,0.64,0.985,0.295,82.53925148111101,1.0344761076471576,0.700507614213198,0.01,0.1081081081081081
90,2018363S12145__GBR_108_cay_001__sentinel2__2018-11-16__2019-01-10,2018363S12145,PENNY,GBR_108,GBR_108_cay_001,sentinel2,GBR_108__s2frame_w144.013356_s-11.444855_e144.064459_n-11.402310,2018-12-28 15:00:00,2018-11-16,2019-01-10,42,13,55,80.8,10.3,28.29442,0,113.6324436707054,224.3629152661585,64.5,13.5,3.0,18.0,B,B,stage3_stable_exposed,stage3_stable_exposed,s2__GBR_108__GBR_108_cay_001__2018-11-16__S2B_54LZN_20181116_0_L2A,s2__GBR_108__GBR_108_cay_001__2019-01-10__S2A_54LZN_20190110_0_L2A,local://s2__GBR_108__GBR_108_cay_001__2018-11-16__S2B_54LZN_20181116_0_L2A_mask.png,local://s2__GBR_108__GBR_108_cay_001__2019-01-10__S2A_54LZN_20190110_0_L2A_mask.png,ok,within_screening_range,139300.0,115800.0,28000.0,4500.0,32500.0,0.2010050251256281,0.0323043790380473,0.2333094041636755,-0.1687006460875807,25.62374081114633,0.1216863629651564,0.2769230769230769,0.0136396267049533,0.1122625215889464
90,2018363S12145__GBR_033_cay_001__sentinel2__2018-12-13__2019-02-11,2018363S12145,PENNY,GBR_033,GBR_033_cay_001,sentinel2,GBR_033__s2frame_w143.951201_s-13.374566_e143.970006_n-13.361995,2018-12-29 21:00:00,2018-12-13,2019-02-11,16,44,60,9.3,12.9,28.29442,0,320.68971174560795,235.55285527825723,76.5,33.0,0.0,24.0,B,B,stage3_stable_exposed,stage3_stable_exposed,s2__GBR_033__GBR_033_cay_001__2018-12-13__S2B_54LZL_20181213_0_L2A,s2__GBR_033__GBR_033_cay_001__2019-02-11__S2B_54LZL_20190211_0_L2A,local://s2__GBR_033__GBR_033_cay_001__2018-12-13__S2B_54LZL_20181213_0_L2A_mask.png,local://s2__GBR_033__GBR_033_cay_001__2019-02-11__S2B_54LZL_20190211_0_L2A_mask.png,ok,within_screening_range,64300.0,75300.0,6000.0,17000.0,23000.0,0.093312597200622,0.2643856920684292,0.3576982892690513,0.1710730948678071,38.48622870097363,0.2690139529665058,0.5217391304347826,0.0124416796267496,0.0610889774236387
90,2018363S12145__GBR_034_cay_001__sentinel2__2018-12-13__2019-02-11,2018363S12145,PENNY,GBR_034,GBR_034_cay_001,sentinel2,GBR_034__s2frame_w143.967362_s-13.446298_e143.984973_n-13.434812,2018-12-29 21:00:00,2018-12-13,2019-02-11,16,44,60,17.2,12.9,28.29442,0,333.1677475698599,235.55285527825723,76.5,30.0,0.0,24.0,B,B,stage3_stable_exposed,stage3_stable_exposed,s2__GBR_034__GBR_034_cay_001__2018-12-13__S2B_54LZL_20181213_0_L2A,s2__GBR_034__GBR_034_cay_001__2019-02-11__S2B_54LZL_20190211_0_L2A,local://s2__GBR_034__GBR_034_cay_001__2018-12-13__S2B_54LZL_20181213_0_L2A_mask.png,local://s2__GBR_034__GBR_034_cay_001__2019-02-11__S2B_54LZL_20190211_0_L2A_mask.png,ok,within_screening_range,50000.0,55100.0,8400.0,13500.0,21900.0,0.168,0.27,0.438,0.102,33.83911218967674,0.2682309541361963,0.7671232876712328,0.004,0.0108892921960072
90,2018363S12145__GBR_020_cay_001__sentinel2__2018-11-06__2019-01-15,2018363S12145,PENNY,GBR_020,GBR_020_cay_001,sentinel2,GBR_020__s2frame_w143.175133_s-11.729606_e143.203839_n-11.695801,2019-01-01 15:00:00,2018-11-06,2019-01-15,56,14,70,122.2,18.0,28.29442,0,179.0169738571925,96.6016276755533,76.5,0.0,9.0,24.0,B,B,stage4_stable_vegetated,stage4_stable_vegetated,s2__GBR_020__GBR_020_cay_001__2018-11-06__S2B_54LYN_20181106_0_L2A,s2__GBR_020__GBR_020_cay_001__2019-01-15__S2B_54LYN_20190115_0_L2A,local://s2__GBR_020__GBR_020_cay_001__2018-11-06__S2B_54LYN_20181106_0_L2A_mask.png,local://s2__GBR_020__GBR_020_cay_001__2019-01-15__S2B_54LYN_20190115_0_L2A_mask.png,ok,within_screening_range,100700.0,110600.0,4400.0,14300.0,18700.0,0.0436941410129096,0.1420059582919563,0.1857000993048659,0.0983118172790466,15.892339148376749,0.088766281149475,0.4705882352941176,0.0178748758689175,0.2197106690777577
90,2019074S08151__GBR_033_cay_001__sentinel2__2019-02-11__2019-05-10,2019074S08151,TREVOR,GBR_033,GBR_033_cay_001,sentinel2,GBR_033__s2frame_w143.951201_s-13.374566_e143.970006_n-13.361995,2019-03-19 03:00:00,2019-02-11,2019-05-10,36,52,88,41.0,51.4,56.588840000000005,1,351.7388647224756,269.9550096156464,69.0,21.0,39.0,69.0,B,B,stage3_stable_exposed,stage3_stable_exposed,s2__GBR_033__GBR_033_cay_001__2019-02-11__S2B_54LZL_20190211_0_L2A,s2__GBR_033__GBR_033_cay_001__2019-05-10__S2A_54LZL_20190510_0_L2A,local://s2__GBR_033__GBR_033_cay_001__2019-02-11__S2B_54LZL_20190211_0_L2A_mask.png,local://s2__GBR_033__GBR_033_cay_001__2019-05-10__S2A_54LZL_20190510_0_L2A_mask.png,ok,within_screening_range,75300.0,70900.0,7700.0,3300.0,11000.0,0.1022576361221779,0.0438247011952191,0.1460823373173971,-0.0584329349269588,9.321542948636488,0.060209532227949,0.6,0.0610889774236387,0.0874471086036671
90,2019074S08151__GBR_034_cay_001__sentinel2__2019-02-11__2019-05-10,2019074S08151,TREVOR,GBR_034,GBR_034_cay_001,sentinel2,GBR_034__s2frame_w143.967362_s-13.446298_e143.984973_n-13.434812,2019-03-19 03:00:00,2019-02-11,2019-05-10,36,52,88,49.3,51.4,56.588840000000005,1,350.9429755213185,269.9550096156464,66.0,21.0,39.0,66.0,B,B,stage3_stable_exposed,stage3_stable_exposed,s2__GBR_034__GBR_034_cay_001__2019-02-11__S2B_54LZL_20190211_0_L2A,s2__GBR_034__GBR_034_cay_001__2019-05-10__S2A_54LZL_20190510_0_L2A,local://s2__GBR_034__GBR_034_cay_001__2019-02-11__S2B_54LZL_20190211_0_L2A_mask.png,local://s2__GBR_034__GBR_034_cay_001__2019-05-10__S2A_54LZL_20190510_0_L2A_mask.png,ok,within_screening_range,55100.0,55700.0,7800.0,8400.0,16200.0,0.1415607985480943,0.1524500907441016,0.294010889292196,0.0108892921960072,13.515331039760428,0.1020530114130644,0.9629629629629628,0.0108892921960072,0.0610412926391382
90,2019074S08151__GBR_108_cay_001__sentinel2__2019-01-10__2019-05-10,2019074S08151,TREVOR,GBR_108,GBR_108_cay_001,sentinel2,GBR_108__s2frame_w144.013356_s-11.444855_e144.064459_n-11.402310,2019-03-19 08:00:00,2019-01-10,2019-05-10,68,52,120,175.1,51.4,56.588840000000005,0,198.79041588117485,288.848702190764,51.0,0.0,0.0,51.0,B,B,stage3_stable_exposed,stage3_stable_exposed,s2__GBR_108__GBR_108_cay_001__2019-01-10__S2A_54LZN_20190110_0_L2A,s2__GBR_108__GBR_108_cay_001__2019-05-10__S2A_54LZN_20190510_0_L2A,local://s2__GBR_108__GBR_108_cay_001__2019-01-10__S2A_54LZN_20190110_0_L2A_mask.png,local://s2__GBR_108__GBR_108_cay_001__2019-05-10__S2A_54LZN_20190510_0_L2A_mask.png,ok,within_screening_range,115800.0,177300.0,700.0,62200.0,62900.0,0.0060449050086355,0.5371329879101899,0.5431778929188256,0.5310880829015544,41.958935113446,0.218547133327121,0.0222575516693163,0.1122625215889464,0.0439932318104906
90,2019129S10160__GBR_098_cay_001__sentinel2__2019-02-25__2019-06-10,2019129S10160,ANN,GBR_098,GBR_098_cay_001,sentinel2,GBR_098__s2frame_w149.956310_s-16.315522_e149.972766_n-16.278337,2019-05-13 18:00:00,2019-02-25,2019-06-10,77,28,105,147.6,23.1,30.86664,0,14.14061182276381,284.35225964680967,15.0,0.0,0.0,15.0,B,B,stage3_stable_exposed,stage3_stable_exposed,s2__GBR_098__GBR_098_cay_001__2019-02-25__S2B_55LHC_20190225_0_L2A,s2__GBR_098__GBR_098_cay_001__2019-06-10__S2A_55LHC_20190610_0_L2A,local://s2__GBR_098__GBR_098_cay_001__2019-02-25__S2B_55LHC_20190225_0_L2A_mask.png,local://s2__GBR_098__GBR_098_cay_001__2019-06-10__S2A_55LHC_20190610_0_L2A_mask.png,ok,within_screening_range,97800.0,95200.0,9000.0,6400.0,15400.0,0.0920245398773006,0.065439672801636,0.1574642126789366,-0.0265848670756646,9.798675907735031,0.055535783402719,0.8311688311688312,0.3404907975460122,0.3876050420168067
90,2019129S10160__GBR_108_cay_001__sentinel2__2019-05-10__2019-07-04,2019129S10160,ANN,GBR_108,GBR_108_cay_001,sentinel2,GBR_108__s2frame_w144.013356_s-11.444855_e144.064459_n-11.402310,2019-05-15 00:00:00,2019-05-10,2019-07-04,5,50,55,156.5,15.4,30.86664,0,188.78491511859136,282.2396544325644,15.0,0.0,0.0,3.0,B,B,stage3_stable_exposed,stage3_stable_exposed,s2__GBR_108__GBR_108_cay_001__2019-05-10__S2A_54LZN_20190510_0_L2A,s2__GBR_108__GBR_108_cay_001__2019-07-04__S2B_54LZN_20190704_0_L2A,local://s2__GBR_108__GBR_108_cay_001__2019-05-10__S2A_54LZN_20190510_0_L2A_mask.png,local://s2__GBR_108__GBR_108_cay_001__2019-07-04__S2B_54LZN_20190704_0_L2A_mask.png,ok,within_screening_range,177300.0,184000.0,4400.0,11100.0,15500.0,0.0248166948674562,0.0626057529610829,0.0874224478285392,0.0377890580936266,23.540828339883745,0.0990928476524846,0.567741935483871,0.0439932318104906,0.0239130434782608
90,2020073S14149__GBR_068_cay_001__sentinel2__2020-02-10__2020-04-20,2020073S14149,GRETEL,GBR_068,GBR_068_cay_001,sentinel2,GBR_068__s2frame_w150.265349_s-16.545567_e150.305599_n-16.510159,2020-03-13 03:00:00,2020-02-10,2020-04-20,32,38,70,226.4,,33.43886,0,5.766106658188836,107.95364396443452,6.0,0.0,0.0,0.0,B,B,stage3_stable_exposed,stage3_stable_exposed,s2__GBR_068__GBR_068_cay_001__2020-02-10__S2B_56KKG_20200210_1_L2A,s2__GBR_068__GBR_068_cay_001__2020-04-20__S2B_55KHB_20200420_0_L2A,local://s2__GBR_068__GBR_068_cay_001__2020-02-10__S2B_56KKG_20200210_1_L2A_mask.png,local://s2__GBR_068__GBR_068_cay_001__2020-04-20__S2B_55KHB_20200420_0_L2A_mask.png,mask_scale_or_area_unavailable,,,,,,,,,,,,,,,
90,2020073S14149__GBR_095_cay_001__sentinel2__2020-02-10__2020-04-20,2020073S14149,GRETEL,GBR_095,GBR_095_cay_001,sentinel2,GBR_095__s2frame_w150.327781_s-16.615031_e150.343544_n-16.594665,2020-03-13 03:00:00,2020-02-10,2020-04-20,32,38,70,234.4,,33.43886,0,4.333771456610069,107.95364396443452,6.0,0.0,0.0,0.0,B,A,stage4_stable_vegetated,stage4_stable_vegetated,s2__GBR_095__GBR_095_cay_001__2020-02-10__S2B_56KKG_20200210_1_L2A,s2__GBR_095__GBR_095_cay_001__2020-04-20__S2B_55KHB_20200420_0_L2A,local://s2__GBR_095__GBR_095_cay_001__2020-02-10__S2B_56KKG_20200210_1_L2A_mask.png,local://s2__GBR_095__GBR_095_cay_001__2020-04-20__S2B_55KHB_20200420_0_L2A_mask.png,mask_scale_or_area_unavailable,,,,,,,,,,,,,,,
90,2020073S14149__GBR_098_cay_001__sentinel2__2020-01-16__2020-04-20,2020073S14149,GRETEL,GBR_098,GBR_098_cay_001,sentinel2,GBR_098__s2frame_w149.956310_s-16.315522_e149.972766_n-16.278337,2020-03-13 03:00:00,2020-01-16,2020-04-20,57,38,95,206.9,,33.43886,0,16.188602581349755,107.95364396443452,6.0,0.0,0.0,0.0,B,B,stage3_stable_exposed,stage3_stable_exposed,s2__GBR_098__GBR_098_cay_001__2020-01-16__S2A_55LHC_20200116_0_L2A,s2__GBR_098__GBR_098_cay_001__2020-04-20__S2B_55KHB_20200420_0_L2A,local://s2__GBR_098__GBR_098_cay_001__2020-01-16__S2A_55LHC_20200116_0_L2A_mask.png,local://s2__GBR_098__GBR_098_cay_001__2020-04-20__S2B_55KHB_20200420_0_L2A_mask.png,ok,within_screening_range,98100.0,96700.0,7100.0,5700.0,12800.0,0.0723751274209989,0.0581039755351682,0.1304791029561672,-0.0142711518858307,8.73588370274582,0.0494364499636716,0.890625,0.0611620795107033,0.1416752843846949
90,2020073S14149__GBR_073_cay_001__sentinel2__2020-03-03__2020-06-01,2020073S14149,GRETEL,GBR_073,GBR_073_cay_001,sentinel2,GBR_073__s2frame_w151.838971_s-17.420620_e151.860391_n-17.407771,2020-03-13 12:00:00,2020-03-03,2020-06-01,10,80,90,190.3,15.4,33.43886,0,40.06605040371061,132.86811030508898,12.0,0.0,0.0,3.0,B,B,stage3_stable_exposed,stage3_stable_exposed,s2__GBR_073__GBR_073_cay_001__2020-03-03__S2A_56KLF_20200303_0_L2A,s2__GBR_073__GBR_073_cay_001__2020-06-01__S2A_56KLF_20200601_0_L2A,local://s2__GBR_073__GBR_073_cay_001__2020-03-03__S2A_56KLF_20200303_0_L2A_mask.png,local://s2__GBR_073__GBR_073_cay_001__2020-06-01__S2A_56KLF_20200601_0_L2A_mask.png,ok,within_screening_range,50400.0,49500.0,5700.0,4800.0,10500.0,0.1130952380952381,0.0952380952380952,0.2083333333333333,-0.0178571428571428,13.220355897354086,0.1043765204310978,0.9142857142857144,0.0178571428571428,0.0303030303030303
90,2020091S10145__GBR_108_cay_001__sentinel2__2020-02-19__2020-06-23,2020091S10145,UNNAMED,GBR_108,GBR_108_cay_001,sentinel2,GBR_108__s2frame_w144.013356_s-11.444855_e144.064459_n-11.402310,2020-03-31 09:00:00,2020-02-19,2020-06-23,41,84,125,188.2,,,0,26.98415071595192,288.66603078630146,22.5,0.0,0.0,0.0,B,B,stage3_stable_exposed,stage3_stable_exposed,s2__GBR_108__GBR_108_cay_001__2020-02-19__S2B_54LZN_20200219_0_L2A,s2__GBR_108__GBR_108_cay_001__2020-06-23__S2A_54LZN_20200623_0_L2A,local://s2__GBR_108__GBR_108_cay_001__2020-02-19__S2B_54LZN_20200219_0_L2A_mask.png,local://s2__GBR_108__GBR_108_cay_001__2020-06-23__S2A_54LZN_20200623_0_L2A_mask.png,ok,within_screening_range,118300.0,174700.0,300.0,56700.0,57000.0,0.0025359256128486,0.4792899408284023,0.4818258664412511,0.4767540152155536,39.5062354525848,0.2035861416751636,0.0105263157894736,0.147083685545224,0.0601030337721808
90,2020091S10145__GBR_003_cay_001__sentinel2__2020-01-20__2020-04-19,2020091S10145,UNNAMED,GBR_003,GBR_003_cay_001,sentinel2,GBR_003__s2frame_w143.385240_s-9.974385_e143.406766_n-9.945731,2020-03-31 12:00:00,2020-01-20,2020-04-19,71,19,90,143.7,,,0,83.27396079778264,341.805190569956,37.5,0.0,0.0,0.0,B,B,stage4_stable_vegetated,stage4_stable_vegetated,s2__GBR_003__GBR_003_cay_001__2020-01-20__S2B_54LYP_20200120_0_L2A,s2__GBR_003__GBR_003_cay_001__2020-04-19__S2B_54LYP_20200419_0_L2A,local://s2__GBR_003__GBR_003_cay_001__2020-01-20__S2B_54LYP_20200120_0_L2A_mask.png,local://s2__GBR_003__GBR_003_cay_001__2020-04-19__S2B_54LYP_20200419_0_L2A_mask.png,ok,within_screening_range,226200.0,171300.0,54900.0,0.0,54900.0,0.2427055702917772,0.0,0.2427055702917772,-0.2427055702917772,48.67972843393739,0.1814164995159191,0.0,0.0512820512820512,0.315820198482195
90,2020091S10145__GBR_007_cay_001__sentinel2__2020-01-20__2020-04-19,2020091S10145,UNNAMED,GBR_007,GBR_007_cay_001,sentinel2,GBR_007__s2frame_w143.311154_s-10.125813_e143.335506_n-10.100891,2020-03-31 12:00:00,2020-01-20,2020-04-19,71,19,90,154.8,,,0,77.45107737956407,341.805190569956,34.5,0.0,0.0,0.0,B,B,stage4_stable_vegetated,stage4_stable_vegetated,s2__GBR_007__GBR_007_cay_001__2020-01-20__S2B_54LYP_20200120_0_L2A,s2__GBR_007__GBR_007_cay_001__2020-04-19__S2B_54LYP_20200419_0_L2A,local://s2__GBR_007__GBR_007_cay_001__2020-01-20__S2B_54LYP_20200120_0_L2A_mask.png,local://s2__GBR_007__GBR_007_cay_001__2020-04-19__S2B_54LYP_20200419_0_L2A_mask.png,ok,within_screening_range,223000.0,182300.0,41000.0,300.0,41300.0,0.1838565022421524,0.0013452914798206,0.1852017937219731,-0.1825112107623318,56.65435938900177,0.2126453244152139,0.0145278450363196,0.0726457399103139,0.5370268787712562
90,2020091S10145__GBR_009_cay_001__sentinel2__2020-01-20__2020-04-19,2020091S10145,UNNAMED,GBR_009,GBR_009_cay_001,sentinel2,GBR_009__s2frame_w143.105363_s-10.259829_e143.118092_n-10.253478,2020-03-31 12:00:00,2020-01-20,2020-04-19,71,19,90,181.3,,,0,73.94097405912221,341.805190569956,28.5,0.0,0.0,0.0,B,B,stage3_stable_exposed,stage3_stable_exposed,s2__GBR_009__GBR_009_cay_001__2020-01-20__S2B_54LYP_20200120_0_L2A,s2__GBR_009__GBR_009_cay_001__2020-04-19__S2B_54LYP_20200419_0_L2A,local://s2__GBR_009__GBR_009_cay_001__2020-01-20__S2B_54LYP_20200120_0_L2A_mask.png,local://s2__GBR_009__GBR_009_cay_001__2020-04-19__S2B_54LYP_20200419_0_L2A_mask.png,ok,within_screening_range,23600.0,25800.0,7000.0,9200.0,16200.0,0.2966101694915254,0.3898305084745763,0.6864406779661016,0.0932203389830508,70.51835501878067,0.8136190486116146,0.8641975308641975,0.0211864406779661,0.0271317829457364
90,2021058S14149__GBR_085_cay_001__sentinel2__2021-02-21__2021-04-27,2021058S14149,NIRAN,GBR_085,GBR_085_cay_001,sentinel2,GBR_085__s2frame_w158.596811_s-19.127764_e158.609914_n-19.117239,2021-03-05 12:00:00,2021-02-21,2021-04-27,12,53,65,127.3,72.0,72.02216,1,51.755082093843306,115.0361194648928,12.0,0.0,12.0,12.0,B,B,stage4_stable_vegetated,stage4_stable_vegetated,s2__GBR_085__GBR_085_cay_001__2021-02-21__S2B_57KVU_20210221_0_L2A,s2__GBR_085__GBR_085_cay_001__2021-04-27__S2A_57KVU_20210427_0_L2A,local://s2__GBR_085__GBR_085_cay_001__2021-02-21__S2B_57KVU_20210221_0_L2A_mask.png,local://s2__GBR_085__GBR_085_cay_001__2021-04-27__S2A_57KVU_20210427_0_L2A_mask.png,ok,within_screening_range,63900.0,64300.0,3200.0,3600.0,6800.0,0.0500782472613458,0.056338028169014,0.1064162754303599,0.0062597809076682,10.133852676133165,0.0710557280364696,0.9411764705882352,0.2237871674491393,0.4572317262830482
90,2021346N05145__NH_015_cay_001__sentinel2__2021-10-28__2022-01-16,2021346N05145,RAI,NH_015,NH_015_cay_001,sentinel2,NH_015__s2frame_w114.249838_s11.068810_e114.262112_n11.082607,2021-12-18 06:00:00,2021-10-28,2022-01-16,51,29,80,50.2,59.2,77.1666,1,73.83342898495827,291.53856871330896,18.0,6.0,21.0,18.0,B,B,stage3_stable_exposed,stage3_stable_exposed,s2__NH_015__NH_015_cay_001__2021-10-28__S2A_50PKT_20211028_1_L2A,s2__NH_015__NH_015_cay_001__2022-01-16__S2A_50PKT_20220116_0_L2A,local://s2__NH_015__NH_015_cay_001__2021-10-28__S2A_50PKT_20211028_1_L2A_mask.png,local://s2__NH_015__NH_015_cay_001__2022-01-16__S2A_50PKT_20220116_0_L2A_mask.png,ok,within_screening_range,42000.0,11400.0,32700.0,2100.0,34800.0,0.7785714285714286,0.05,0.8285714285714286,-0.7285714285714285,64.11783417470258,0.5545352207224656,0.1206896551724138,0.1047619047619047,0.1403508771929824
90,2021358S09130__GBR_101_cay_001__sentinel2__2021-11-21__2022-01-05,2021358S09130,SETH,GBR_101,GBR_101_cay_001,sentinel2,GBR_101__s2frame_w149.178258_s-16.955359_e149.212373_n-16.920613,2021-12-30 06:00:00,2021-11-21,2022-01-05,39,6,45,86.7,15.4,25.7222,0,194.0041358028317,93.99484063203442,18.0,6.0,0.0,0.0,A,A,stage3_stable_exposed,stage3_stable_exposed,s2__GBR_101__GBR_101_cay_001__2021-11-21__S2B_55KGB_20211121_0_L2A,s2__GBR_101__GBR_101_cay_001__2022-01-05__S2A_55KGB_20220105_0_L2A,local://s2__GBR_101__GBR_101_cay_001__2021-11-21__S2B_55KGB_20211121_0_L2A_mask.png,local://s2__GBR_101__GBR_101_cay_001__2022-01-05__S2A_55KGB_20220105_0_L2A_mask.png,ok,within_screening_range,532700.0,493000.0,40700.0,1000.0,41700.0,0.0764032288342406,0.0018772292096865,0.0782804580439271,-0.0745259996245541,3.566915724396882,0.0086621646860545,0.0479616306954436,0.0955509667730429,0.7399594320486815
90,2021358S09130__GBR_102_cay_001__sentinel2__2021-11-21__2022-01-05,2021358S09130,SETH,GBR_102,GBR_102_cay_001,sentinel2,GBR_102__s2frame_w149.119644_s-17.026707_e149.168282_n-16.968308,2021-12-30 06:00:00,2021-11-21,2022-01-05,39,6,45,80.7,15.4,25.7222,0,190.1891437543862,93.99484063203442,18.0,6.0,0.0,0.0,A,A,stage3_stable_exposed,stage3_stable_exposed,s2__GBR_102__GBR_102_cay_001__2021-11-21__S2B_55KGB_20211121_0_L2A,s2__GBR_102__GBR_102_cay_001__2022-01-05__S2A_55KGB_20220105_0_L2A,local://s2__GBR_102__GBR_102_cay_001__2021-11-21__S2B_55KGB_20211121_0_L2A_mask.png,local://s2__GBR_102__GBR_102_cay_001__2022-01-05__S2A_55KGB_20220105_0_L2A_mask.png,ok,within_screening_range,212600.0,188100.0,24500.0,0.0,24500.0,0.1152398871119473,0.0,0.1152398871119473,-0.1152398871119473,7.9724221457868465,0.0306466912533096,0.0,0.0954844778927563,0.0738968633705475
90,2021358S09130__GBR_098_cay_001__sentinel2__2021-10-17__2022-01-15,2021358S09130,SETH,GBR_098,GBR_098_cay_001,sentinel2,GBR_098__s2frame_w149.956310_s-16.315522_e149.972766_n-16.278337,2021-12-30 09:00:00,2021-10-17,2022-01-15,74,16,90,159.6,15.4,25.7222,0,190.1069689433706,90.2128327531916,15.0,0.0,0.0,0.0,B,B,stage3_stable_exposed,stage3_stable_exposed,s2__GBR_098__GBR_098_cay_001__2021-10-17__S2A_55LHC_20211017_0_L2A,s2__GBR_098__GBR_098_cay_001__2022-01-15__S2A_55LHC_20220115_0_L2A,local://s2__GBR_098__GBR_098_cay_001__2021-10-17__S2A_55LHC_20211017_0_L2A_mask.png,local://s2__GBR_098__GBR_098_cay_001__2022-01-15__S2A_55LHC_20220115_0_L2A_mask.png,ok,within_screening_range,96800.0,99200.0,5500.0,7900.0,13400.0,0.0568181818181818,0.0816115702479338,0.1384297520661157,0.024793388429752,4.439325229367417,0.0252903139550343,0.8208955223880597,0.0258264462809917,0.0927419354838709
90,2021358S09130__GBR_068_cay_001__sentinel2__2021-10-17__2022-01-05,2021358S09130,SETH,GBR_068,GBR_068_cay_001,sentinel2,GBR_068__s2frame_w150.265349_s-16.545567_e150.305599_n-16.510159,2021-12-30 12:00:00,2021-10-17,2022-01-05,74,6,80,131.1,15.4,25.7222,0,174.8401670432886,100.11187879278232,15.0,0.0,0.0,3.0,B,B,stage3_stable_exposed,stage3_stable_exposed,s2__GBR_068__GBR_068_cay_001__2021-10-17__S2A_56KKG_20211017_0_L2A,s2__GBR_068__GBR_068_cay_001__2022-01-05__S2A_55KHB_20220105_0_L2A,local://s2__GBR_068__GBR_068_cay_001__2021-10-17__S2A_56KKG_20211017_0_L2A_mask.png,local://s2__GBR_068__GBR_068_cay_001__2022-01-05__S2A_55KHB_20220105_0_L2A_mask.png,mask_scale_or_area_unavailable,,,,,,,,,,,,,,,
90,2021358S09130__GBR_095_cay_001__sentinel2__2021-10-17__2022-01-05,2021358S09130,SETH,GBR_095,GBR_095_cay_001,sentinel2,GBR_095__s2frame_w150.327781_s-16.615031_e150.343544_n-16.594665,2021-12-30 12:00:00,2021-10-17,2022-01-05,74,6,80,122.3,15.4,25.7222,0,176.79784561960477,100.11187879278232,15.0,0.0,0.0,3.0,B,B,stage4_stable_vegetated,stage4_stable_vegetated,s2__GBR_095__GBR_095_cay_001__2021-10-17__S2A_56KKG_20211017_0_L2A,s2__GBR_095__GBR_095_cay_001__2022-01-05__S2A_55KHB_20220105_0_L2A,local://s2__GBR_095__GBR_095_cay_001__2021-10-17__S2A_56KKG_20211017_0_L2A_mask.png,local://s2__GBR_095__GBR_095_cay_001__2022-01-05__S2A_55KHB_20220105_0_L2A_mask.png,mask_scale_or_area_unavailable,,,,,,,,,,,,,,,
90,2021358S09130__GBR_073_cay_001__sentinel2__2021-10-24__2022-01-12,2021358S09130,SETH,GBR_073,GBR_073_cay_001,sentinel2,GBR_073__s2frame_w151.838971_s-17.420620_e151.860391_n-17.407771,2021-12-30 18:00:00,2021-10-24,2022-01-12,67,13,80,109.7,18.0,25.7222,0,205.87654804087427,125.26292848779482,18.0,0.0,0.0,9.0,B,B,stage3_stable_exposed,stage3_stable_exposed,s2__GBR_073__GBR_073_cay_001__2021-10-24__S2A_56KLF_20211024_0_L2A,s2__GBR_073__GBR_073_cay_001__2022-01-12__S2A_56KLF_20220112_0_L2A,local://s2__GBR_073__GBR_073_cay_001__2021-10-24__S2A_56KLF_20211024_0_L2A_mask.png,local://s2__GBR_073__GBR_073_cay_001__2022-01-12__S2A_56KLF_20220112_0_L2A_mask.png,ok,within_screening_range,54000.0,43800.0,10200.0,0.0,10200.0,0.1888888888888888,0.0,0.1888888888888888,-0.1888888888888888,3.52973154180437,0.0269227694548021,0.0,0.0166666666666666,0.045662100456621
90,2021358S09130__GBR_053_cay_001__sentinel2__2021-12-05__2022-03-30,2021358S09130,SETH,GBR_053,GBR_053_cay_001,sentinel2,GBR_053__s2frame_w152.377053_s-21.637693_e152.397022_n-21.630491,2021-12-31 03:00:00,2021-12-05,2022-03-30,26,89,115,249.8,23.1,25.7222,0,30.7506603834466,119.97649620025616,3.0,0.0,0.0,3.0,B,B,stage3_stable_exposed,stage3_stable_exposed,s2__GBR_053__GBR_053_cay_001__2021-12-05__S2B_56KMB_20211205_0_L2A,s2__GBR_053__GBR_053_cay_001__2022-03-30__S2A_56KMB_20220330_0_L2A,local://s2__GBR_053__GBR_053_cay_001__2021-12-05__S2B_56KMB_20211205_0_L2A_mask.png,local://s2__GBR_053__GBR_053_cay_001__2022-03-30__S2A_56KMB_20220330_0_L2A_mask.png,ok,within_screening_range,34800.0,39800.0,2900.0,7900.0,10800.0,0.0833333333333333,0.2270114942528735,0.3103448275862069,0.1436781609195402,21.0976963344783,0.2004565961158069,0.5370370370370371,0.0775862068965517,0.0175879396984924
90,2021358S09130__GBR_058_cay_001__sentinel2__2021-11-20__2022-03-30,2021358S09130,SETH,GBR_058,GBR_058_cay_001,sentinel2,GBR_058__s2frame_w151.772665_s-23.252846_e151.790195_n-23.238778,2022-01-06 18:00:00,2021-11-20,2022-03-30,47,83,130,231.0,,25.7222,0,147.78780451306525,222.08768864707,9.0,0.0,0.0,0.0,B,B,stage4_stable_vegetated,stage4_stable_vegetated,s2__GBR_058__GBR_058_cay_001__2021-11-20__S2A_56KLV_20211120_0_L2A,s2__GBR_058__GBR_058_cay_001__2022-03-30__S2A_56KLV_20220330_0_L2A,local://s2__GBR_058__GBR_058_cay_001__2021-11-20__S2A_56KLV_20211120_0_L2A_mask.png,local://s2__GBR_058__GBR_058_cay_001__2022-03-30__S2A_56KLV_20220330_0_L2A_mask.png,ok,within_screening_range,157200.0,154900.0,7000.0,4700.0,11700.0,0.044529262086514,0.0298982188295165,0.0744274809160305,-0.0146310432569974,13.293400656528334,0.0594271304254826,0.8034188034188035,0.4281170483460559,0.4719173660426081
90,2021358S09130__GBR_059_cay_001__sentinel2__2021-11-20__2022-03-30,2021358S09130,SETH,GBR_059,GBR_059_cay_001,sentinel2,GBR_059__s2frame_w151.716451_s-23.550821_e151.768015_n-23.527015,2022-01-06 18:00:00,2021-11-20,2022-03-30,47,83,130,207.5,,25.7222,0,141.7948068717992,222.08768864707,21.0,0.0,0.0,0.0,B,B,stage4_stable_vegetated,stage4_stable_vegetated,s2__GBR_059__GBR_059_cay_001__2021-11-20__S2A_56KLV_20211120_0_L2A,s2__GBR_059__GBR_059_cay_001__2022-03-30__S2A_56KLV_20220330_0_L2A,local://s2__GBR_059__GBR_059_cay_001__2021-11-20__S2A_56KLV_20211120_0_L2A_mask.png,local://s2__GBR_059__GBR_059_cay_001__2022-03-30__S2A_56KLV_20220330_0_L2A_mask.png,ok,within_screening_range,465400.0,502900.0,2100.0,39600.0,41700.0,0.0045122475290073,0.0850880962612806,0.0896003437902879,0.0805758487322733,3.451536382054563,0.0089675581688033,0.1007194244604316,0.6879691185931803,0.4920508744038155
90,2022008S13148__GBR_033_cay_001__sentinel2__2021-11-22__2022-02-13,2022008S13148,TIFFANY,GBR_033,GBR_033_cay_001,sentinel2,GBR_033__s2frame_w143.951201_s-13.374566_e143.970006_n-13.361995,2022-01-09 21:00:00,2021-11-22,2022-02-13,48,35,83,100.8,30.9,30.86664,0,144.28122146608922,253.49307800873987,30.0,0.0,0.0,24.0,B,B,stage3_stable_exposed,stage3_stable_exposed,s2__GBR_033__GBR_033_cay_001__2021-11-22__S2A_54LZL_20211122_0_L2A,s2__GBR_033__GBR_033_cay_001__2022-02-13__S2A_54LZL_20220213_0_L2A,local://s2__GBR_033__GBR_033_cay_001__2021-11-22__S2A_54LZL_20211122_0_L2A_mask.png,local://s2__GBR_033__GBR_033_cay_001__2022-02-13__S2A_54LZL_20220213_0_L2A_mask.png,ok,within_screening_range,60200.0,68500.0,2400.0,10700.0,13100.0,0.0398671096345514,0.1777408637873754,0.2176079734219269,0.1378737541528239,15.26246399007576,0.1102557741634147,0.366412213740458,0.0598006644518272,0.1868613138686131
90,2022285N12116__NH_015_cay_001__sentinel2__2022-08-31__2022-12-07,2022285N12116,SONCA,NH_015,NH_015_cay_001,sentinel2,NH_015__s2frame_w114.249838_s11.068810_e114.262112_n11.082607,2022-10-13 00:00:00,2022-08-31,2022-12-07,43,55,98,118.7,10.3,18.00554,0,29.80509406491187,308.5996996234628,28.5,0.0,0.0,0.0,B,B,stage3_stable_exposed,stage3_stable_exposed,s2__NH_015__NH_015_cay_001__2022-08-31__S2A_49PHN_20220831_0_L2A,s2__NH_015__NH_015_cay_001__2022-12-07__S2B_50PKT_20221207_0_L2A,local://s2__NH_015__NH_015_cay_001__2022-08-31__S2A_49PHN_20220831_0_L2A_mask.png,local://s2__NH_015__NH_015_cay_001__2022-12-07__S2B_50PKT_20221207_0_L2A_mask.png,ok,extreme_requires_visual_review,37800.0,13200.0,37800.0,13200.0,51000.0,1.0,0.3492063492063492,1.3492063492063493,-0.6507936507936508,243.28346787563595,2.217898331712585,0.5176470588235295,0.0,0.0833333333333333
90,2023005S18142__GBR_101_cay_001__sentinel2__2022-12-06__2023-01-25,2023005S18142,HALE,GBR_101,GBR_101_cay_001,sentinel2,GBR_101__s2frame_w149.178258_s-16.955359_e149.212373_n-16.920613,2023-01-05 18:00:00,2022-12-06,2023-01-25,30,20,50,172.9,12.9,25.7222,0,209.16100102510643,98.5210278911353,15.0,0.0,0.0,0.0,A,A,stage3_stable_exposed,stage3_stable_exposed,s2__GBR_101__GBR_101_cay_001__2022-12-06__S2B_55KGB_20221206_0_L2A,s2__GBR_101__GBR_101_cay_001__2023-01-25__S2B_55KGB_20230125_0_L2A,local://s2__GBR_101__GBR_101_cay_001__2022-12-06__S2B_55KGB_20221206_0_L2A_mask.png,local://s2__GBR_101__GBR_101_cay_001__2023-01-25__S2B_55KGB_20230125_0_L2A_mask.png,ok,within_screening_range,533900.0,519500.0,21800.0,7400.0,29200.0,0.0408316164075669,0.0138602734594493,0.0546918898670162,-0.0269713429481176,5.9852674951973,0.0145187270517667,0.5068493150684932,0.3807829181494662,0.5986525505293552
90,2023005S18142__GBR_102_cay_001__sentinel2__2022-12-06__2023-01-25,2023005S18142,HALE,GBR_102,GBR_102_cay_001,sentinel2,GBR_102__s2frame_w149.119644_s-17.026707_e149.168282_n-16.968308,2023-01-05 18:00:00,2022-12-06,2023-01-25,30,20,50,165.6,12.9,25.7222,0,207.9355763774304,98.5210278911353,15.0,0.0,0.0,0.0,A,A,stage3_stable_exposed,stage3_stable_exposed,s2__GBR_102__GBR_102_cay_001__2022-12-06__S2B_55KGB_20221206_0_L2A,s2__GBR_102__GBR_102_cay_001__2023-01-25__S2B_55KGB_20230125_0_L2A,local://s2__GBR_102__GBR_102_cay_001__2022-12-06__S2B_55KGB_20221206_0_L2A_mask.png,local://s2__GBR_102__GBR_102_cay_001__2023-01-25__S2B_55KGB_20230125_0_L2A_mask.png,ok,within_screening_range,233100.0,241100.0,5000.0,13000.0,18000.0,0.0214500214500214,0.0557700557700557,0.0772200772200772,0.0343200343200343,26.4021918654555,0.0969267793412933,0.5555555555555556,0.0124410124410124,0.0170053919535462
90,2023005S18142__GBR_052_cay_001__sentinel2__2022-12-08__2023-03-15,2023005S18142,HALE,GBR_052,GBR_052_cay_001,sentinel2,GBR_052__s2frame_w152.362046_s-21.647462_e152.375800_n-21.639653,2023-01-06 21:00:00,2022-12-08,2023-03-15,29,68,97,220.6,20.6,25.7222,0,39.16329816766947,117.09893482853832,6.0,0.0,0.0,6.0,B,B,stage3_stable_exposed,stage3_stable_exposed,s2__GBR_052__GBR_052_cay_001__2022-12-08__S2A_56KMB_20221208_0_L2A,s2__GBR_052__GBR_052_cay_001__2023-03-15__S2A_56KMB_20230315_0_L2A,local://s2__GBR_052__GBR_052_cay_001__2022-12-08__S2A_56KMB_20221208_0_L2A_mask.png,local://s2__GBR_052__GBR_052_cay_001__2023-03-15__S2A_56KMB_20230315_0_L2A_mask.png,ok,within_screening_range,27300.0,25100.0,3100.0,900.0,4000.0,0.1135531135531135,0.0329670329670329,0.1465201465201465,-0.0805860805860805,13.936462700993127,0.1495017132647735,0.45,0.0,0.0199203187250996
90,2023005S18142__GBR_053_cay_001__sentinel2__2022-10-31__2023-03-15,2023005S18142,HALE,GBR_053,GBR_053_cay_001,sentinel2,GBR_053__s2frame_w152.377053_s-21.637693_e152.397022_n-21.630491,2023-01-06 21:00:00,2022-10-31,2023-03-15,67,68,135,218.9,20.6,25.7222,0,39.01615792207325,117.09893482853832,6.0,0.0,0.0,6.0,B,B,stage3_stable_exposed,stage3_stable_exposed,s2__GBR_053__GBR_053_cay_001__2022-10-31__S2B_56KMB_20221031_0_L2A,s2__GBR_053__GBR_053_cay_001__2023-03-15__S2A_56KMB_20230315_0_L2A,local://s2__GBR_053__GBR_053_cay_001__2022-10-31__S2B_56KMB_20221031_0_L2A_mask.png,local://s2__GBR_053__GBR_053_cay_001__2023-03-15__S2A_56KMB_20230315_0_L2A_mask.png,ok,within_screening_range,38300.0,35800.0,4400.0,1900.0,6300.0,0.1148825065274151,0.0496083550913838,0.1644908616187989,-0.0652741514360313,3.632195047569031,0.0328961225809681,0.6031746031746031,0.06266318537859,0.0391061452513966
90,2023005S18142__GBR_055_cay_001__sentinel2__2022-10-31__2023-03-15,2023005S18142,HALE,GBR_055,GBR_055_cay_001,sentinel2,GBR_055__s2frame_w152.443424_s-21.790265_e152.465048_n-21.776997,2023-01-06 21:00:00,2022-10-31,2023-03-15,67,68,135,228.2,20.6,25.7222,0,34.86865648255905,117.09893482853832,6.0,0.0,0.0,6.0,B,B,stage3_stable_exposed,stage3_stable_exposed,s2__GBR_055__GBR_055_cay_001__2022-10-31__S2B_56KMA_20221031_0_L2A,s2__GBR_055__GBR_055_cay_001__2023-03-15__S2A_56KMB_20230315_0_L2A,local://s2__GBR_055__GBR_055_cay_001__2022-10-31__S2B_56KMA_20221031_0_L2A_mask.png,local://s2__GBR_055__GBR_055_cay_001__2023-03-15__S2A_56KMB_20230315_0_L2A_mask.png,ok,within_screening_range,66400.0,61100.0,6500.0,1200.0,7700.0,0.0978915662650602,0.0180722891566265,0.1159638554216867,-0.0798192771084337,9.028686338670669,0.062103412155638,0.3116883116883117,0.0090361445783132,0.0294599018003273
90,2025106S10135__GBR_020_cay_001__sentinel2__2025-03-09__2025-06-07,2025106S10135,UNNAMED,GBR_020,GBR_020_cay_001,sentinel2,GBR_020__s2frame_w143.175133_s-11.729606_e143.203839_n-11.695801,2025-04-19 00:00:00,2025-03-09,2025-06-07,41,49,90,194.5,14.9,18.00554,0,249.81757817304725,166.28425020839234,21.0,0.0,0.0,0.0,B,B,stage4_stable_vegetated,stage4_stable_vegetated,s2__GBR_020__GBR_020_cay_001__2025-03-09__S2C_54LYN_20250309_0_L2A,s2__GBR_020__GBR_020_cay_001__2025-06-07__S2C_54LYN_20250607_0_L2A,local://s2__GBR_020__GBR_020_cay_001__2025-03-09__S2C_54LYN_20250309_0_L2A_mask.png,local://s2__GBR_020__GBR_020_cay_001__2025-06-07__S2C_54LYN_20250607_0_L2A_mask.png,ok,within_screening_range,125200.0,106500.0,19800.0,1100.0,20900.0,0.15814696485623,0.0087859424920127,0.1669329073482428,-0.1493610223642172,29.899061766533865,0.1497718975884981,0.1052631578947368,0.1429712460063897,0.2647887323943662
