transition_id,priority_tier,review_priority_score,review_reason,sensor,reef_id,sand_cay_id,reference_frame_id,time_t,time_t1,time_interval_days,quality_grade_t,quality_grade_t1,area_t_m2,area_change_m2,erosion_area_m2,deposition_area_m2,gross_boundary_change_m2,gross_mobility_fraction_per_year,centroid_shift_m,centroid_shift_normalized_per_year,typhoon_event_count,typhoon_strong_count,typhoon_r34_count,typhoon_min_distance_km,typhoon_max_nearest_wind_m_s,typhoon_max_storm_wind_m_s,vegetation_fraction_t,vegetation_fraction_t1,vegetation_fraction_change,qualitative_review_status,observed_change_description,image_alignment_check,mask_semantic_check,alternative_explanations,reviewer_notes
sentinel2__NH_015_cay_001__2017-11-15__to__2018-03-18,critical,0.9059146341463414,R34 exposure with high morphological response,sentinel2,NH_015,NH_015_cay_001,NH_015__s2frame_w114.249838_s11.068810_e114.262112_n11.082607,2017-11-15,2018-03-18,123,B,B,16800.0,-7400.0,14100.0,6700.0,20800.0,3.6764634146341466,78.32120053155336,1.7943241000925765,5,2,1,30.4,42.7,43.72774,0.1011904761904761,0.0,-0.1011904761904761,pending,,pending,pending,,
google_earth__NH_015_cay_001__2017-11-15__to__2018-02-24,critical,0.8995588235294117,R34 exposure with high morphological response,google_earth,NH_015,NH_015_cay_001,NH_015__frame_321_221_977_1011_656_790,2017-11-15,2018-02-24,101,A,A,2860.965733958368,339.6648648580272,2860.965733958368,3200.6305988163954,6061.596332774763,7.661861342122705,52.53326407897651,3.5517140293816496,5,2,1,30.4,42.7,43.72774,0.0852510460251046,0.0014025245441795,-0.0838485214809251,pending,,pending,pending,,
sentinel2__NH_015_cay_001__2021-10-28__to__2022-01-16,critical,0.8810975609756098,R34 exposure with high morphological response,sentinel2,NH_015,NH_015_cay_001,NH_015__s2frame_w114.249838_s11.068810_e114.262112_n11.082607,2021-10-28,2022-01-16,80,B,B,42000.0,-30600.0,32700.0,2100.0,34800.0,3.78286875,64.11783417470258,1.42838578174582,1,1,1,50.2,59.2,77.1666,0.1047619047619047,0.1403508771929824,0.0355889724310777,pending,,pending,pending,,
sentinel2__NH_QF_001_cay_001__2024-08-01__to__2025-04-23,critical,0.8353048780487805,R34 exposure with high morphological response,sentinel2,NH_QF_001,NH_QF_001_cay_001,NH_QF_001__s2frame_w111.640857_s16.556175_e111.694292_n16.584995,2024-08-01,2025-04-23,265,B,B,70400.0,36400.0,10200.0,46600.0,56800.0,1.1120161878216122,51.63196908982231,0.2682055690325088,6,4,2,55.5,66.9,74.59438,0.0639204545454545,0.0646067415730337,0.0006862870275791,pending,,pending,pending,,
google_earth__NH_TX_013_cay_001__2017-05-09__to__2018-02-24,critical,0.8095588235294119,R34 exposure with high morphological response,google_earth,NH_TX_013,NH_TX_013_cay_001,NH_TX_013__frame_291_271_1152_971_861_700,2017-05-09,2018-02-24,291,A,A,348.2928653636791,151.051744476721,204.73129003456404,355.78303451128505,560.5143245458491,2.019902726970402,3.660717584908587,0.2461967151598017,8,2,1,27.7,42.7,48.87218,0.4551971326164875,0.3125,-0.1426971326164874,pending,,pending,pending,,
sentinel2__GBR_039_cay_001__2021-08-04__to__2022-02-15,critical,0.8057926829268293,R34 exposure with high morphological response,sentinel2,GBR_039,GBR_039_cay_001,GBR_039__s2frame_w144.875835_s-14.209325_e144.900372_n-14.189774,2021-08-04,2022-02-15,195,B,B,65300.0,-51900.0,51900.0,0.0,51900.0,1.4886783484509365,70.75964628785968,0.5186516430692694,3,1,1,11.1,30.9,30.86664,0.010719754977029,0.1194029850746268,0.1086832300975978,pending,,pending,pending,,
sentinel2__GBR_036_cay_001__2021-12-17__to__2022-02-13,critical,0.7918902439024391,R34 exposure with high morphological response,sentinel2,GBR_036,GBR_036_cay_001,GBR_036__s2frame_w143.830501_s-13.931918_e143.847229_n-13.901650,2021-12-17,2022-02-13,58,B,B,76900.0,-29000.0,29000.0,0.0,29000.0,2.374788686605981,58.8580607253195,1.3365834893110546,3,1,1,57.3,27.3,30.86664,0.0559167750325097,0.9144050104384134,0.8584882354059037,pending,,pending,pending,,
sentinel2__GBR_037_cay_001__2021-11-22__to__2022-02-15,critical,0.7857926829268294,R34 exposure with high morphological response,sentinel2,GBR_037,GBR_037_cay_001,GBR_037__s2frame_w144.498897_s-13.992049_e144.539268_n-13.969822,2021-11-22,2022-02-15,85,B,B,105800.0,-42000.0,42000.0,0.0,42000.0,1.705791726898699,18.68975103951221,0.2469011219993578,3,1,1,13.2,30.9,30.86664,0.0226843100189035,0.0815047021943573,0.0588203921754538,pending,,pending,pending,,
sentinel2__GBR_034_cay_001__2019-02-11__to__2019-05-10,critical,0.760670731707317,R34 exposure with high morphological response,sentinel2,GBR_034,GBR_034_cay_001,GBR_034__s2frame_w143.967362_s-13.446298_e143.984973_n-13.434812,2019-02-11,2019-05-10,88,B,B,55100.0,600.0,7800.0,8400.0,16200.0,1.22028718445801,13.515331039760428,0.2389733781297394,1,1,1,49.3,51.4,56.588840000000005,0.0108892921960072,0.0610412926391382,0.050152000443131,pending,,pending,pending,,
google_earth__NH_QF_001_cay_001__2013-06-08__to__2014-04-02,critical,0.7555882352941176,R34 exposure with high morphological response,google_earth,NH_QF_001,NH_QF_001_cay_001,NH_QF_001__frame_148_169_1705_1053_1557_884,2013-06-08,2014-04-02,298,A,A,31995.31215123738,208.5234193156029,9748.4698530043,9956.993272319902,19705.463125324204,0.7548581309203242,38.78883153212298,0.265783835314731,10,2,3,14.3,51.4,87.45548000000001,0.0663951120162932,0.0522055847834884,-0.0141895272328047,pending,,pending,pending,,
sentinel2__NH_QF_001_cay_001__2022-09-16__to__2023-04-19,critical,0.7538414634146341,R34 exposure with high morphological response,sentinel2,NH_QF_001,NH_QF_001_cay_001,NH_QF_001__s2frame_w111.640857_s16.556175_e111.694292_n16.584995,2022-09-16,2023-04-19,215,B,B,220700.0,-105000.0,117500.0,12500.0,130000.0,1.0006538392640751,95.53634793803027,0.3454699807465684,4,1,2,80.1,66.9,74.59438,0.0058903488898957,0.0164217804667242,0.0105314315768285,pending,,pending,pending,,
sentinel2__GBR_038_cay_001__2021-11-22__to__2022-02-15,critical,0.7477439024390244,R34 exposure with high morphological response,sentinel2,GBR_038,GBR_038_cay_001,GBR_038__s2frame_w144.844101_s-14.335245_e144.865120_n-14.310763,2021-11-22,2022-02-15,85,B,B,76200.0,-15200.0,17100.0,1900.0,19000.0,1.0714231125521074,30.86397760329636,0.4804373806542717,3,1,1,24.9,30.9,30.86664,0.0682414698162729,0.2278688524590164,0.1596273826427435,pending,,pending,pending,,
google_earth__NH_TX_013_cay_001__2018-11-19__to__2019-04-16,critical,0.7429411764705882,R34 exposure with high morphological response,google_earth,NH_TX_013,NH_TX_013_cay_001,NH_TX_013__frame_291_271_1152_971_861_700,2018-11-19,2019-04-16,148,A,A,646.6512697433182,-126.08451398470106,395.73060329851705,269.64608931381605,665.376692612333,2.5393177045288526,17.828581942204714,1.730219990642816,2,1,1,19.1,20.6,46.29996,0.1003861003861003,0.3381294964028777,0.2377433960167774,pending,,pending,pending,,
sentinel2__NH_015_cay_001__2025-04-17__to__2025-12-03,critical,0.7325609756097561,R34 exposure with high morphological response,sentinel2,NH_015,NH_015_cay_001,NH_015__s2frame_w114.249838_s11.068810_e114.262112_n11.082607,2025-04-17,2025-12-03,230,B,B,11900.0,35600.0,300.0,35900.0,36200.0,4.830755754475703,39.08059542217009,0.5689068486482762,5,0,1,168.9,48.4,59.16106,0.0,0.0042105263157894,0.0042105263157894,pending,,pending,pending,,
sentinel2__NH_QF_001_cay_001__2017-06-14__to__2017-08-08,critical,0.7170121951219512,R34 exposure with high morphological response,sentinel2,NH_QF_001,NH_QF_001_cay_001,NH_QF_001__s2frame_w111.640857_s16.556175_e111.694292_n16.584995,2017-06-14,2017-08-08,55,B,B,135200.0,12400.0,4300.0,16700.0,21000.0,1.0314809709521249,16.63612563603167,0.3004570943461552,3,2,1,49.2,18.0,25.7222,0.0014792899408284,0.0013550135501355,-0.0001242763906928,pending,,pending,pending,,
google_earth__NH_BK_006_cay_001__2017-11-15__to__2018-02-03,critical,0.7119117647058824,R34 exposure with high morphological response,google_earth,NH_BK_006,NH_BK_006_cay_001,NH_BK_006__frame_517_23_1769_1067_1252_1044,2017-11-15,2018-02-03,80,A,A,1230.393151161216,822.7033570264477,1230.393151161216,2053.096508187664,3283.48965934888,12.18380859375,155.09882671957328,20.187283392784845,4,0,2,122.0,42.7,43.72774,0.0019841269841269,0.0059453032104637,0.0039611762263368,pending,,pending,pending,,
google_earth__NH_QF_001_cay_001__2017-04-27__to__2018-04-25,critical,0.6972058823529412,R34 exposure with high morphological response,google_earth,NH_QF_001,NH_QF_001_cay_001,NH_QF_001__frame_148_169_1705_1053_1557_884,2017-04-27,2018-04-25,363,A,A,30418.353792663154,4418.089946749271,9370.521155494776,13788.611102244053,23159.132257738827,0.7660573041704731,48.10301844671324,0.2775103322347891,10,5,2,43.8,43.7,48.87218,0.065981148243359,0.0022446689113355,-0.0637364793320235,pending,,pending,pending,,
sentinel2__GBR_085_cay_001__2022-12-08__to__2023-03-13,critical,0.6953048780487805,R34 exposure with high morphological response,sentinel2,GBR_085,GBR_085_cay_001,GBR_085__s2frame_w158.596811_s-19.127764_e158.609914_n-19.117239,2022-12-08,2023-03-13,95,B,B,64500.0,3500.0,6500.0,10000.0,16500.0,0.9835171358629132,22.57699153631189,0.3417778506838411,4,1,1,82.1,42.7,46.29996,0.2403100775193798,0.3926470588235294,0.1523369813041496,pending,,pending,pending,,
sentinel2__GBR_108_cay_001__2019-01-10__to__2019-05-10,critical,0.6894512195121951,R34 exposure with high morphological response,sentinel2,GBR_108,GBR_108_cay_001,GBR_108__s2frame_w144.013356_s-11.444855_e144.064459_n-11.402310,2019-01-10,2019-05-10,120,B,B,115800.0,61500.0,700.0,62200.0,62900.0,1.653263762953368,41.958935113446,0.3752928052421551,1,0,1,175.1,51.4,56.588840000000005,0.1122625215889464,0.0439932318104906,-0.0682692897784558,pending,,pending,pending,,
sentinel2__NH_QF_001_cay_001__2025-04-23__to__2025-12-29,critical,0.6869512195121952,R34 exposure with high morphological response,sentinel2,NH_QF_001,NH_QF_001_cay_001,NH_QF_001__s2frame_w111.640857_s16.556175_e111.694292_n16.584995,2025-04-23,2025-12-29,250,B,B,106800.0,-5600.0,23400.0,17800.0,41200.0,0.5635951685393259,5.422435271636316,0.0242409730217303,11,6,3,24.4,57.6,59.16106,0.0646067415730337,0.008893280632411,-0.0557134609406227,pending,,pending,pending,,
sentinel2__GBR_101_cay_001__2018-02-15__to__2018-04-26,critical,0.6769512195121952,R34 exposure with high morphological response,sentinel2,GBR_101,GBR_101_cay_001,GBR_101__s2frame_w149.178258_s-16.955359_e149.212373_n-16.920613,2018-02-15,2018-04-26,70,A,A,479500.0,89700.0,0.0,89700.0,89700.0,0.9760837851929094,38.01088648320452,0.2864157916233626,1,1,1,27.3,23.1,28.29442,0.7503649635036497,0.2607167955024596,-0.4896481680011901,pending,,pending,pending,,
google_earth__NH_YSZ_016_cay_001__2018-03-20__to__2019-03-17,critical,0.6758823529411764,R34 exposure with high morphological response,google_earth,NH_YSZ_016,NH_YSZ_016_cay_001,NH_YSZ_016__frame_379_267_1540_961_1161_694,2018-03-20,2019-03-17,362,A,A,1552.6496188624249,-806.4352151932999,1505.520288104375,699.0850729110749,2204.60536101545,1.432617112164945,27.96537811897781,0.7160720153618202,4,1,1,30.9,24.7,46.29996,0.0522765598650927,0.0175438596491228,-0.0347327002159699,pending,,pending,pending,,
sentinel2__GBR_098_cay_001__2018-11-27__to__2019-02-25,critical,0.6742682926829269,R34 exposure with high morphological response,sentinel2,GBR_098,GBR_098_cay_001,GBR_098__s2frame_w149.956310_s-16.315522_e149.972766_n-16.278337,2018-11-27,2019-02-25,90,B,B,107600.0,-9800.0,17200.0,7400.0,24600.0,0.9278155204460966,17.78296706608507,0.2200071959337381,2,1,1,24.6,23.1,43.72774,0.0910780669144981,0.3404907975460122,0.2494127306315141,pending,,pending,pending,,
sentinel2__GBR_033_cay_001__2019-02-11__to__2019-05-10,critical,0.6601829268292683,R34 exposure with high morphological response,sentinel2,GBR_033,GBR_033_cay_001,GBR_033__s2frame_w143.951201_s-13.374566_e143.970006_n-13.361995,2019-02-11,2019-05-10,88,B,B,75300.0,-4400.0,7700.0,3300.0,11000.0,0.6063122509960159,9.321542948636464,0.1409902080584994,1,1,1,41.0,51.4,56.588840000000005,0.0610889774236387,0.0874471086036671,0.0263581311800283,pending,,pending,pending,,
google_earth__NH_JY_010_cay_001__2017-10-06__to__2018-03-03,critical,0.6554411764705882,R34 exposure with high morphological response,google_earth,NH_JY_010,NH_JY_010_cay_001,NH_JY_010__frame_481_92_1654_1011_1173_919,2017-10-06,2018-03-03,148,A,A,896.2168999126802,-407.2283808375161,874.2045550025441,466.97617416502806,1341.1807291675725,3.6931229551920346,22.356956859040107,1.8430016141669248,7,0,2,135.7,42.7,46.29996,0.3631578947368421,0.0546623794212218,-0.3084955153156203,pending,,pending,pending,,
sentinel2__GBR_073_cay_001__2023-09-04__to__2023-12-23,critical,0.6537195121951219,R34 exposure with high morphological response,sentinel2,GBR_073,GBR_073_cay_001,GBR_073__s2frame_w151.838971_s-17.420620_e151.860391_n-17.407771,2023-09-04,2023-12-23,110,B,B,48700.0,5400.0,3200.0,8600.0,11800.0,0.8045289341049094,4.046389355048655,0.0608824065029885,1,1,1,29.1,27.3,61.73328,0.028747433264887,0.022181146025878,-0.006566287239009,pending,,pending,pending,,
google_earth__NH_QF_001_cay_001__2016-08-07__to__2017-02-25,high,0.6439705882352941,R34 exposure,google_earth,NH_QF_001,NH_QF_001_cay_001,NH_QF_001__frame_148_169_1705_1053_1557_884,2016-08-07,2017-02-25,202,A,A,34223.90619517285,1381.4676529658536,8718.885470133526,10100.353123099376,18819.2385932329,0.9942655885923704,11.229938270137373,0.10975960056227,5,1,1,30.6,38.6,72.02216,0.0891089108910891,0.0,-0.0891089108910891,pending,,pending,pending,,
google_earth__NH_NE_008_cay_001__2018-05-06__to__2019-04-29,high,0.63,R34 exposure,google_earth,NH_NE_008,NH_NE_008_cay_001,NH_NE_008__frame_385_171_1713_1027_1328_856,2018-05-06,2019-04-29,358,A,A,285.691000795398,832.543977065377,285.691000795398,1118.234977860775,1403.925978656173,5.013556691213814,108.81575960174465,6.568130876758948,4,0,1,138.1,20.6,46.29996,0.3181818181818182,0.5961290322580645,0.2779472140762463,pending,,pending,pending,,
google_earth__NH_YSZ_016_cay_001__2017-11-16__to__2018-01-23,high,0.6283823529411765,R34 exposure,google_earth,NH_YSZ_016,NH_YSZ_016_cay_001,NH_YSZ_016__frame_379_267_1540_961_1161_694,2017-11-16,2018-01-23,68,A,A,1335.33103814475,1021.13549975775,52.3659230645,1073.50142282225,1125.86734588675,4.528669982698962,10.702405807624936,1.573110886163393,4,0,2,155.7,41.2,43.72774,0.1470588235294117,0.0,-0.1470588235294117,pending,,pending,pending,,
sentinel2__GBR_055_cay_001__2018-03-06__to__2018-06-29,high,0.6256707317073171,R34 exposure,sentinel2,GBR_055,GBR_055_cay_001,GBR_055__s2frame_w152.443424_s-21.790265_e152.465048_n-21.776997,2018-03-06,2018-06-29,115,B,B,38300.0,18600.0,3500.0,22100.0,25600.0,2.1228761493926664,37.017747589286415,0.6007504008050804,2,0,1,177.8,20.6,28.29442,0.0391644908616188,0.0404217926186291,0.0012573017570102,pending,,pending,pending,,
sentinel2__NH_QF_001_cay_001__2017-08-08__to__2018-03-16,high,0.618780487804878,R34 exposure,sentinel2,NH_QF_001,NH_QF_001_cay_001,NH_QF_001__s2frame_w111.640857_s16.556175_e111.694292_n16.584995,2017-08-08,2018-03-16,220,B,B,147600.0,10900.0,10300.0,21200.0,31500.0,0.3543095205099778,28.23519430962717,0.122013034423927,7,3,1,43.8,43.7,48.87218,0.0013550135501355,0.0012618296529968,-9.318389713870009e-05,pending,,pending,pending,,
google_earth__NH_NE_008_cay_001__2017-04-25__to__2018-04-25,high,0.6042647058823529,R34 exposure,google_earth,NH_NE_008,NH_NE_008_cay_001,NH_NE_008__frame_385_171_1713_1027_1328_856,2017-04-25,2018-04-25,365,A,A,1099.477487909562,-614.6685168628259,1099.477487909562,484.808971046736,1584.2864589562978,1.4419022219825262,201.74676559081064,6.0883814262435,7,0,2,111.9,42.7,46.29996,0.0866141732283464,0.5714285714285714,0.484814398200225,pending,,pending,pending,,
sentinel2__NH_015_cay_001__2022-01-16__to__2022-08-31,high,0.5907926829268293,Strong-typhoon exposure,sentinel2,NH_015,NH_015_cay_001,NH_015__s2frame_w114.249838_s11.068810_e114.262112_n11.082607,2022-01-16,2022-08-31,227,B,B,11400.0,26400.0,11400.0,37900.0,49300.0,6.958209772779968,229.07666106550096,3.4521039780721354,2,1,0,20.0,10.3,38.5833,0.1403508771929824,0.0,-0.1403508771929824,pending,,pending,pending,,
google_earth__NH_NE_008_cay_002__2017-04-25__to__2018-04-25,high,0.5860294117647058,R34 exposure,google_earth,NH_NE_008,NH_NE_008_cay_002,NH_NE_008__frame_385_171_1713_1027_1328_856,2017-04-25,2018-04-25,365,A,A,1077.834230273547,-764.7284364725301,1077.834230273547,313.105793801017,1390.940024074564,1.2913526984650932,205.04381758746376,6.249699492485758,7,0,2,112.0,42.7,46.29996,0.0562248995983935,0.4009216589861751,0.3446967593877816,pending,,pending,pending,,
google_earth__NH_TX_013_cay_001__2014-03-03__to__2015-02-28,high,0.5855882352941176,R34 exposure,google_earth,NH_TX_013,NH_TX_013_cay_001,NH_TX_013__frame_291_271_1152_971_861_700,2014-03-03,2015-02-28,362,A,A,1104.7999492718852,-692.8406461535551,875.1014287453012,182.26078259174605,1057.3622113370473,0.9656347270343666,12.36758304869364,0.3754185679781969,2,1,1,99.3,23.1,79.73882,0.7638418079096045,0.4878787878787878,-0.2759630200308167,pending,,pending,pending,,
sentinel2__GBR_098_cay_001__2023-11-16__to__2024-02-04,high,0.5853658536585367,R34 exposure,sentinel2,GBR_098,GBR_098_cay_001,GBR_098__s2frame_w149.956310_s-16.315522_e149.972766_n-16.278337,2023-11-16,2024-02-04,80,B,B,97400.0,2600.0,11000.0,13600.0,24600.0,1.1531013218685833,5.221162555245239,0.0763798948298099,2,0,2,123.7,24.7,61.73328,0.1786447638603696,0.093,-0.0856447638603696,pending,,pending,pending,,
sentinel2__NH_QF_001_cay_001__2018-03-16__to__2018-10-07,high,0.5818292682926829,Strong-typhoon exposure,sentinel2,NH_QF_001,NH_QF_001_cay_001,NH_QF_001__s2frame_w111.640857_s16.556175_e111.694292_n16.584995,2018-03-16,2018-10-07,205,B,B,158500.0,-114200.0,116400.0,2200.0,118600.0,1.333161821958914,78.51661379002182,0.3513778440545486,4,2,0,36.3,23.1,30.86664,0.0012618296529968,0.3656884875846501,0.3644266579316533,pending,,pending,pending,,
sentinel2__GBR_033_cay_001__2021-11-22__to__2022-02-13,high,0.5804268292682926,R34 exposure,sentinel2,GBR_033,GBR_033_cay_001,GBR_033__s2frame_w143.951201_s-13.374566_e143.970006_n-13.361995,2021-11-22,2022-02-13,83,B,B,60200.0,8300.0,2400.0,10700.0,13100.0,0.9575865088260018,15.26246399007576,0.273734552998972,3,0,1,100.8,30.9,30.86664,0.0598006644518272,0.1868613138686131,0.1270606494167859,pending,,pending,pending,,
google_earth__NH_002_cay_001__2017-04-27__to__2018-04-22,high,0.5772058823529412,R34 exposure,google_earth,NH_002,NH_002_cay_001,NH_002__frame_339_71_1552_1034_1213_963,2017-04-27,2018-04-22,360,A,A,13398.933554404748,-1040.569144685316,1541.58391805232,501.014773367004,2042.598691419324,0.1546648489932885,6.248145045963409,0.0547639533800012,10,5,2,43.7,43.7,48.87218,0.2147651006711409,0.0083160083160083,-0.2064490923551326,pending,,pending,pending,,
sentinel2__GBR_085_cay_001__2021-02-21__to__2021-04-27,high,0.5767073170731708,R34 exposure,sentinel2,GBR_085,GBR_085_cay_001,GBR_085__s2frame_w158.596811_s-19.127764_e158.609914_n-19.117239,2021-02-21,2021-04-27,65,B,B,63900.0,400.0,3200.0,3600.0,6800.0,0.5979653304442036,10.133852676133165,0.2252641637867147,2,0,1,127.3,72.0,72.02216,0.2237871674491393,0.4572317262830482,0.2334445588339089,pending,,pending,pending,,
sentinel2__GBR_102_cay_001__2018-11-27__to__2019-01-11,high,0.5749390243902439,Strong-typhoon exposure,sentinel2,GBR_102,GBR_102_cay_001,GBR_102__s2frame_w149.119644_s-17.026707_e149.168282_n-16.968308,2018-11-27,2019-01-11,45,A,A,248100.0,-54500.0,60200.0,5700.0,65900.0,2.1558941958887545,28.81597342489984,0.4695574179434397,2,1,0,11.8,17.0,43.72774,0.0193470374848851,0.6637396694214877,0.6443926319366026,pending,,pending,pending,,
sentinel2__GBR_085_cay_001__2024-12-27__to__2025-03-07,high,0.5717073170731707,R34 exposure,sentinel2,GBR_085,GBR_085_cay_001,GBR_085__s2frame_w158.596811_s-19.127764_e158.609914_n-19.117239,2024-12-27,2025-03-07,70,B,B,65200.0,3000.0,4100.0,7100.0,11200.0,0.8963006134969326,10.204357054267003,0.2085187511524489,1,0,1,262.1,54.0,59.16106,0.2361963190184049,0.4530791788856305,0.2168828598672255,pending,,pending,pending,,
google_earth__NH_002_cay_001__2016-08-07__to__2017-02-28,high,0.5663235294117647,R34 exposure,google_earth,NH_002,NH_002_cay_001,NH_002__frame_339_71_1552_1034_1213_963,2016-08-07,2017-02-28,205,A,A,11921.582299604608,2916.162911648971,89.925728553052,3006.088640202024,3096.014368755076,0.4626968171783011,5.596239499146314,0.0913180833366828,5,1,1,31.4,38.6,72.02216,0.1282327586206896,0.0761904761904762,-0.0520422824302134,pending,,pending,pending,,
sentinel2__GBR_034_cay_001__2021-11-22__to__2022-05-14,high,0.561890243902439,R34 exposure,sentinel2,GBR_034,GBR_034_cay_001,GBR_034__s2frame_w143.967362_s-13.446298_e143.984973_n-13.434812,2021-11-22,2022-05-14,173,B,B,52500.0,-3600.0,8800.0,5200.0,14000.0,0.5629942196531792,15.876422857751308,0.1462878339498393,3,1,1,93.2,30.9,30.86664,0.0476190476190476,0.065439672801636,0.0178206251825883,pending,,pending,pending,,
google_earth__NH_015_cay_001__2016-09-24__to__2017-02-16,high,0.5604411764705882,Strong-typhoon exposure,google_earth,NH_015,NH_015_cay_001,NH_015__frame_321_221_977_1011_656_790,2016-09-24,2017-02-16,145,A,A,2946.256030420516,56.86019764143202,2946.256030420516,3003.116228061948,5949.372258482464,5.086440447627888,76.3723970075295,3.544169499474922,3,1,0,98.8,32.4,72.02216,0.0015236160487557,0.0,-0.0015236160487557,pending,,pending,pending,,
sentinel2__GBR_033_cay_001__2018-12-13__to__2019-02-11,high,0.5604268292682928,Strong-typhoon exposure,sentinel2,GBR_033,GBR_033_cay_001,GBR_033__s2frame_w143.951201_s-13.374566_e143.970006_n-13.361995,2018-12-13,2019-02-11,60,B,B,64300.0,11000.0,6000.0,17000.0,23000.0,2.177443623639192,38.48622870097363,0.9239105498306022,1,1,0,9.3,12.9,28.29442,0.0124416796267496,0.0610889774236387,0.0486472977968891,pending,,pending,pending,,
sentinel2__GBR_034_cay_001__2018-12-13__to__2019-02-11,high,0.5577439024390244,Strong-typhoon exposure,sentinel2,GBR_034,GBR_034_cay_001,GBR_034__s2frame_w143.967362_s-13.446298_e143.984973_n-13.434812,2018-12-13,2019-02-11,60,B,B,50000.0,5100.0,8400.0,13500.0,21900.0,2.66627025,33.83911218967674,0.9212213923655316,1,1,0,17.2,12.9,28.29442,0.004,0.0108892921960072,0.0068892921960072,pending,,pending,pending,,
sentinel2__GBR_039_cay_001__2019-02-11__to__2019-06-16,high,0.5504878048780488,R34 exposure,sentinel2,GBR_039,GBR_039_cay_001,GBR_039__s2frame_w144.875835_s-14.209325_e144.900372_n-14.189774,2019-02-11,2019-06-16,125,B,B,81600.0,-15600.0,16400.0,800.0,17200.0,0.6158991176470588,14.631455330335744,0.1496627566028988,2,0,1,102.6,47.8,56.588840000000005,0.0159313725490196,0.0075757575757575,-0.0083556149732621,pending,,pending,pending,,
sentinel2__GBR_068_cay_001__2023-11-16__to__2024-02-04,high,0.5502439024390244,R34 exposure,sentinel2,GBR_068,GBR_068_cay_001,GBR_068__s2frame_w150.265349_s-16.545567_e150.305599_n-16.510159,2023-11-16,2024-02-04,80,B,B,207600.0,-16900.0,27500.0,10600.0,38100.0,0.8378937409682081,11.183186181374303,0.1120580860413983,2,0,2,121.5,24.7,61.73328,0.1671483622350674,0.1473518615626638,-0.0197965006724036,pending,,pending,pending,,
sentinel2__GBR_053_cay_001__2021-12-05__to__2022-03-30,high,0.5453658536585366,R34 exposure,sentinel2,GBR_053,GBR_053_cay_001,GBR_053__s2frame_w152.377053_s-21.637693_e152.397022_n-21.630491,2021-12-05,2022-03-30,115,B,B,34800.0,5000.0,2900.0,7900.0,10800.0,0.9856619190404798,21.0976963344783,0.3591938411770984,1,0,1,249.8,23.1,25.7222,0.0775862068965517,0.0175879396984924,-0.0599982671980593,pending,,pending,pending,,
sentinel2__GBR_038_cay_001__2020-11-17__to__2021-05-16,high,0.5375609756097561,Strong-typhoon exposure,sentinel2,GBR_038,GBR_038_cay_001,GBR_038__s2frame_w144.844101_s-14.335245_e144.865120_n-14.310763,2020-11-17,2021-05-16,180,B,B,49300.0,32000.0,200.0,32200.0,32400.0,1.3335425963488845,43.356101041488735,0.3962192410523532,4,1,0,69.0,23.1,72.02216,0.1886409736308316,0.033210332103321,-0.1554306415275106,pending,,pending,pending,,
google_earth__NH_015_cay_001__2014-04-16__to__2015-02-07,high,0.5344117647058824,R34 exposure,google_earth,NH_015,NH_015_cay_001,NH_015__frame_321_221_977_1011_656_790,2014-04-16,2015-02-07,297,A,A,3863.500797636248,-1114.7591379701803,1303.295582781244,188.536444811064,1491.832027592308,0.4748580205619322,10.828678303798611,0.2142445614645209,2,1,1,95.5,23.1,79.73882,0.0,0.0016330974414806,0.0016330974414806,pending,,pending,pending,,
sentinel2__GBR_102_cay_001__2023-11-16__to__2024-02-14,high,0.5300609756097561,R34 exposure,sentinel2,GBR_102,GBR_102_cay_001,GBR_102__s2frame_w149.119644_s-17.026707_e149.168282_n-16.968308,2023-11-16,2024-02-14,90,A,A,211300.0,-100.0,6700.0,6600.0,13300.0,0.2554411973497397,10.999103138958573,0.0971060577476,2,1,2,14.4,25.7,61.73328,0.0189304306672976,0.2372159090909091,0.2182854784236114,pending,,pending,pending,,
sentinel2__GBR_034_cay_001__2020-11-27__to__2021-03-10,high,0.5234146341463415,Strong-typhoon exposure,sentinel2,GBR_034,GBR_034_cay_001,GBR_034__s2frame_w143.967362_s-13.446298_e143.984973_n-13.434812,2020-11-27,2021-03-10,103,B,B,52100.0,-10000.0,13200.0,3200.0,16400.0,1.1162210461584334,22.15437966235305,0.3441793534411811,3,1,0,62.5,23.1,72.02216,0.0575815738963531,0.2161520190023753,0.1585704451060222,pending,,pending,pending,,
sentinel2__NH_015_cay_001__2024-11-13__to__2025-04-17,high,0.5233536585365854,Strong-typhoon exposure,sentinel2,NH_015,NH_015_cay_001,NH_015__s2frame_w114.249838_s11.068810_e114.262112_n11.082607,2024-11-13,2025-04-17,155,B,B,7600.0,4300.0,7600.0,11900.0,19500.0,6.046034592529711,111.83005690674868,3.022743934310285,1,1,0,65.8,12.9,15.43332,0.0,0.0,0.0,pending,,pending,pending,,
sentinel2__GBR_101_cay_001__2023-11-16__to__2024-02-14,high,0.5215243902439024,R34 exposure,sentinel2,GBR_101,GBR_101_cay_001,GBR_101__s2frame_w149.178258_s-16.955359_e149.212373_n-16.920613,2023-11-16,2024-02-14,90,A,A,507200.0,32900.0,2200.0,35100.0,37300.0,0.2984478016561514,5.039203609307639,0.0287151494732663,2,1,2,22.0,25.7,61.73328,0.0208990536277602,0.4221440473986299,0.4012449937708697,pending,,pending,pending,,
google_earth__GBR_037_cay_001__2018-12-31__to__2019-12-31,high,0.5170588235294117,R34 exposure,google_earth,GBR_037,GBR_037_cay_001,GBR_037__frame_404_200_1642_765_1238_565,2018-12-31,2019-12-31,365,B,B,36342.86077714295,-4261.224915918381,6571.4292285714455,2310.204312653067,8881.633541224513,0.2445469113466012,20.71159397328231,0.1087157361073474,2,1,1,99.4,47.8,56.588840000000005,0.006513926325247,0.0005089058524173,-0.0060050204728297,pending,,pending,pending,,
sentinel2__GBR_052_cay_001__2022-12-08__to__2023-03-15,high,0.5073780487804878,R34 exposure,sentinel2,GBR_052,GBR_052_cay_001,GBR_052__s2frame_w152.362046_s-21.647462_e152.375800_n-21.639653,2022-12-08,2023-03-15,97,B,B,27300.0,-2200.0,3100.0,900.0,4000.0,0.551704996034893,13.936462700993127,0.3176002281855618,2,0,1,220.6,33.4,46.29996,0.0,0.0199203187250996,0.0199203187250996,pending,,pending,pending,,
google_earth__NH_QF_001_cay_001__2018-06-29__to__2018-11-13,high,0.505,Strong-typhoon exposure,google_earth,NH_QF_001,NH_QF_001_cay_001,NH_QF_001__frame_148_169_1705_1053_1557_884,2018-06-29,2018-11-13,137,A,A,28424.34859545773,24892.48318079975,1576.9583585742253,26469.441539373976,28046.3998979482,2.630554724445024,89.23190051528005,1.4110279687135163,3,1,0,36.3,23.1,30.86664,0.0187987161852361,0.0325103886580298,0.0137116724727936,pending,,pending,pending,,
sentinel2__GBR_036_cay_001__2019-02-11__to__2019-06-24,high,0.5043292682926829,R34 exposure,sentinel2,GBR_036,GBR_036_cay_001,GBR_036__s2frame_w143.830501_s-13.931918_e143.847229_n-13.901650,2019-02-11,2019-06-24,133,B,B,80900.0,-12000.0,13100.0,1100.0,14200.0,0.4820249170515906,13.377509930436062,0.1291607883192163,2,0,1,101.4,51.4,56.588840000000005,0.6242274412855378,0.0885341074020319,-0.5356933338835058,pending,,pending,pending,,
sentinel2__GBR_020_cay_001__2019-01-15__to__2019-06-19,high,0.5035365853658537,R34 exposure,sentinel2,GBR_020,GBR_020_cay_001,GBR_020__s2frame_w143.175133_s-11.729606_e143.203839_n-11.695801,2019-01-15,2019-06-19,155,B,B,110600.0,-4500.0,13100.0,8600.0,21700.0,0.4623322784810126,26.266939589240955,0.1861150615919478,2,0,1,111.4,50.4,56.588840000000005,0.2197106690777577,0.2327992459943449,0.0130885769165872,pending,,pending,pending,,
sentinel2__GBR_073_cay_001__2020-10-19__to__2021-03-13,high,0.4946341463414634,R34 exposure,sentinel2,GBR_073,GBR_073_cay_001,GBR_073__s2frame_w151.838971_s-17.420620_e151.860391_n-17.407771,2020-10-19,2021-03-13,145,B,B,45400.0,1000.0,3600.0,4600.0,8200.0,0.45495799787331,12.83024799162166,0.1516772440089868,3,0,1,186.1,48.9,72.02216,0.0352422907488986,0.0258620689655172,-0.0093802217833813,pending,,pending,pending,,
sentinel2__GBR_052_cay_001__2018-02-12__to__2018-06-29,high,0.4939634146341463,R34 exposure,sentinel2,GBR_052,GBR_052_cay_001,GBR_052__s2frame_w152.362046_s-21.647462_e152.375800_n-21.639653,2018-02-12,2018-06-29,137,B,B,27100.0,2600.0,1900.0,4500.0,6400.0,0.6296097179949902,18.56088743187156,0.3005902094288268,2,0,1,168.9,20.6,28.29442,0.011070110701107,0.0235690235690235,0.0124989128679165,pending,,pending,pending,,
google_earth__NH_002_cay_001__2018-05-07__to__2018-08-17,high,0.4938235294117647,Strong-typhoon exposure,google_earth,NH_002,NH_002_cay_001,NH_002__frame_339_71_1552_1034_1213_963,2018-05-07,2018-08-17,102,A,A,19359.72470420705,-7772.152253513777,8170.394765677296,398.242512163516,8568.637277840811,1.5848702623053206,25.303876051628148,0.6512063067179615,3,2,0,35.4,20.6,30.86664,0.0152621101526211,0.1208425720620842,0.105580461909463,pending,,pending,pending,,
sentinel2__GBR_052_cay_001__2021-12-05__to__2022-03-08,high,0.4902439024390244,R34 exposure,sentinel2,GBR_052,GBR_052_cay_001,GBR_052__s2frame_w152.362046_s-21.647462_e152.375800_n-21.639653,2021-12-05,2022-03-08,93,B,B,24200.0,-4400.0,4500.0,100.0,4600.0,0.7465189282857905,11.523149764070988,0.2909121644445422,1,0,1,251.4,23.1,25.7222,0.0289256198347107,0.0151515151515151,-0.0137741046831956,pending,,pending,pending,,
sentinel2__GBR_053_cay_001__2017-12-06__to__2018-06-29,high,0.4827439024390244,R34 exposure,sentinel2,GBR_053,GBR_053_cay_001,GBR_053__s2frame_w152.377053_s-21.637693_e152.397022_n-21.630491,2017-12-06,2018-06-29,205,B,B,38400.0,-1800.0,7600.0,5800.0,13400.0,0.6217288490853659,26.56559409540044,0.2415357198863626,2,0,1,167.3,20.6,28.29442,0.0494791666666666,0.0355191256830601,-0.0139600409836065,pending,,pending,pending,,
sentinel2__GBR_104_cay_001__2021-11-22__to__2022-02-15,high,0.4779878048780487,R34 exposure,sentinel2,GBR_104,GBR_104_cay_001,GBR_104__s2frame_w144.870165_s-14.438563_e144.904634_n-14.412680,2021-11-22,2022-02-15,85,B,B,125900.0,-6500.0,7300.0,800.0,8100.0,0.2764532308554875,5.29104480190515,0.0640753452510776,3,1,1,35.3,30.9,30.86664,0.0555996822875297,0.5695142378559463,0.5139145555684167,pending,,pending,pending,,
google_earth__GBR_037_cay_001__2014-12-31__to__2015-12-31,high,0.4764705882352941,R34 exposure,google_earth,GBR_037,GBR_037_cay_001,GBR_037__frame_404_200_1642_765_1238_565,2014-12-31,2015-12-31,365,B,B,33110.20739265315,65.30612897958781,2571.428828571435,2636.734957551027,5208.163786122463,0.1574023364675366,4.667495935109284,0.0256679651032776,2,1,1,57.2,28.3,51.4444,0.0004930966469428,0.0,-0.0004930966469428,pending,,pending,pending,,
google_earth__NH_KG_012_cay_001__2016-11-13__to__2017-04-08,high,0.475,Strong-typhoon exposure,google_earth,NH_KG_012,NH_KG_012_cay_001,NH_KG_012__frame_437_150_1359_1053_922_903,2016-11-13,2017-04-08,146,B,B,1823.003750435904,-891.3023876784961,1065.522967706304,174.220580027808,1239.743547734112,1.7012680482298033,10.168819895941086,0.5958064841952737,3,1,0,75.3,33.4,72.02216,0.0166204986149584,0.2330623306233062,0.2164418320083478,pending,,pending,pending,,
sentinel2__GBR_068_cay_001__2018-02-20__to__2018-04-26,high,0.4745731707317073,Strong-typhoon exposure,sentinel2,GBR_068,GBR_068_cay_001,GBR_068__s2frame_w150.265349_s-16.545567_e150.305599_n-16.510159,2018-02-20,2018-04-26,65,B,B,237700.0,-19700.0,39100.0,19400.0,58500.0,1.382912284392091,115.6831383388179,1.3332863142222933,1,1,0,74.6,12.9,28.29442,0.1779554059739167,0.1885321100917431,0.0105767041178263,pending,,pending,pending,,
sentinel2__GBR_102_cay_001__2018-02-15__to__2018-04-26,high,0.4715853658536585,R34 exposure,sentinel2,GBR_102,GBR_102_cay_001,GBR_102__s2frame_w149.119644_s-17.026707_e149.168282_n-16.968308,2018-02-15,2018-04-26,70,A,B,248700.0,-500.0,7200.0,6700.0,13900.0,0.2916233413751508,5.017697825150435,0.0524988606009335,1,1,1,19.2,23.1,28.29442,0.04583835946924,0.0938759065269943,0.0480375470577543,pending,,pending,pending,,
sentinel2__GBR_073_cay_001__2022-10-24__to__2023-03-13,high,0.4709756097560974,R34 exposure,sentinel2,GBR_073,GBR_073_cay_001,GBR_073__s2frame_w151.838971_s-17.420620_e151.860391_n-17.407771,2022-10-24,2023-03-13,140,B,B,48800.0,1400.0,2100.0,3500.0,5600.0,0.2993790983606557,6.761279362184921,0.0798495072663188,4,1,1,96.4,23.1,69.44994,0.0471311475409836,0.0318725099601593,-0.0152586375808243,pending,,pending,pending,,
sentinel2__GBR_034_cay_001__2019-05-10__to__2019-09-02,high,0.466890243902439,Strong-typhoon exposure,sentinel2,GBR_034,GBR_034_cay_001,GBR_034__s2frame_w143.967362_s-13.446298_e143.984973_n-13.434812,2019-05-10,2019-09-02,115,B,B,55700.0,-16900.0,18800.0,1900.0,20700.0,1.1803168761220826,36.46057422198847,0.4906585521251942,1,1,0,73.3,15.4,30.86664,0.0610412926391382,0.1237113402061855,0.0626700475670473,pending,,pending,pending,,
sentinel2__GBR_073_cay_001__2024-01-02__to__2024-06-15,high,0.4654268292682926,R34 exposure,sentinel2,GBR_073,GBR_073_cay_001,GBR_073__s2frame_w151.838971_s-17.420620_e151.860391_n-17.407771,2024-01-02,2024-06-15,165,B,B,47900.0,200.0,2900.0,3100.0,6000.0,0.2772765230594041,7.268279297707957,0.0735125035538844,2,1,1,15.6,20.6,28.29442,0.0334029227557411,0.0706860706860706,0.0372831479303295,pending,,pending,pending,,
google_earth__GBR_037_cay_001__2013-12-31__to__2014-12-31,high,0.4632352941176471,R34 exposure,google_earth,GBR_037,GBR_037_cay_001,GBR_037__frame_404_200_1642_765_1238_565,2013-12-31,2014-12-31,365,B,B,39640.82029061236,-6530.61289795921,7469.388502040835,938.775604081635,8408.164106122471,0.2122496530206945,25.49764249710433,0.1281495700647592,3,0,1,107.2,64.3,72.02216,0.0,0.0004930966469428,0.0004930966469428,pending,,pending,pending,,
sentinel2__GBR_098_cay_001__2022-11-26__to__2023-03-31,high,0.4604878048780487,R34 exposure,sentinel2,GBR_098,GBR_098_cay_001,GBR_098__s2frame_w149.956310_s-16.315522_e149.972766_n-16.278337,2022-11-26,2023-03-31,125,B,B,97000.0,1400.0,8100.0,9500.0,17600.0,0.5301664329896908,13.019828019328717,0.1221492132960282,3,0,1,211.1,23.1,69.44994,0.0659793814432989,0.4939024390243902,0.4279230575810913,pending,,pending,pending,,
sentinel2__GBR_108_cay_001__2018-11-16__to__2019-01-10,high,0.4577439024390244,Strong-typhoon exposure,sentinel2,GBR_108,GBR_108_cay_001,GBR_108__s2frame_w144.013356_s-11.444855_e144.064459_n-11.402310,2018-11-16,2019-01-10,55,B,B,139300.0,-23500.0,28000.0,4500.0,32500.0,1.5493547281863864,25.62374081114633,0.4559167958292289,1,1,0,80.8,10.3,28.29442,0.0136396267049533,0.1122625215889464,0.098622894883993,pending,,pending,pending,,
google_earth__NH_XM_005_cay_001__2018-05-19__to__2019-03-01,secondary,0.4488235294117647,R34 exposure,google_earth,NH_XM_005,NH_XM_005_cay_001,NH_XM_005__frame_294_27_1490_1055_1196_1028,2018-05-19,2019-03-01,286,A,A,1761.4315633021513,1219.452620747643,126.04161454756002,1345.4942352952032,1471.5358498427631,1.0668917241077347,3.764402541129632,0.1145456086977762,4,0,1,141.2,22.1,46.29996,0.5241502683363148,0.2695560253699788,-0.254594242966336,pending,,pending,pending,,
sentinel2__GBR_098_cay_001__2019-02-25__to__2019-06-10,secondary,0.4410975609756097,R34 exposure,sentinel2,GBR_098,GBR_098_cay_001,GBR_098__s2frame_w149.956310_s-16.315522_e149.972766_n-16.278337,2019-02-25,2019-06-10,105,B,B,97800.0,-2600.0,9000.0,6400.0,15400.0,0.547739263803681,9.798675907735031,0.1089908335089601,1,0,1,147.6,23.1,30.86664,0.3404907975460122,0.3876050420168067,0.0471142444707944,pending,,pending,pending,,
sentinel2__GBR_095_cay_001__2023-11-16__to__2024-02-04,secondary,0.4321951219512195,R34 exposure,sentinel2,GBR_095,GBR_095_cay_001,GBR_095__s2frame_w150.327781_s-16.615031_e150.343544_n-16.594665,2023-11-16,2024-02-04,80,A,A,360400.0,17000.0,6300.0,23300.0,29600.0,0.3749714900110988,11.647850599608429,0.0885818447062398,2,0,2,112.4,24.7,61.73328,0.0177580466148723,0.3002119766825649,0.2824539300676926,pending,,pending,pending,,
sentinel2__GBR_036_cay_001__2020-11-17__to__2021-03-25,secondary,0.431219512195122,Strong-typhoon exposure,sentinel2,GBR_036,GBR_036_cay_001,GBR_036__s2frame_w143.830501_s-13.931918_e143.847229_n-13.901650,2020-11-17,2021-03-25,128,B,B,82900.0,9400.0,2400.0,11800.0,14200.0,0.488770685690591,32.657881041493404,0.3236548166496907,4,1,0,22.3,23.1,72.02216,0.0205066344993968,0.5276273022751896,0.5071206677757928,pending,,pending,pending,,
sentinel2__GBR_055_cay_001__2025-01-23__to__2025-05-28,secondary,0.4284756097560975,R34 exposure,sentinel2,GBR_055,GBR_055_cay_001,GBR_055__s2frame_w152.443424_s-21.790265_e152.465048_n-21.776997,2025-01-23,2025-05-28,125,B,B,60400.0,5200.0,900.0,6100.0,7000.0,0.3386354304635762,14.455260436687844,0.1718615582177411,1,0,1,313.9,36.0,59.16106,0.0612582781456953,0.0259146341463414,-0.0353436439993539,pending,,pending,pending,,
sentinel2__GBR_037_cay_001__2020-11-17__to__2021-05-16,secondary,0.4236585365853659,Strong-typhoon exposure,sentinel2,GBR_037,GBR_037_cay_001,GBR_037__s2frame_w144.498897_s-13.992049_e144.539268_n-13.969822,2020-11-17,2021-05-16,180,B,B,73800.0,-18500.0,19300.0,800.0,20100.0,0.5526478658536585,23.90125541574412,0.1785259421351251,4,1,0,23.8,23.1,72.02216,0.1111111111111111,0.0596745027124773,-0.0514366083986338,pending,,pending,pending,,
sentinel2__GBR_053_cay_001__2022-10-31__to__2023-03-15,secondary,0.4185975609756097,R34 exposure,sentinel2,GBR_053,GBR_053_cay_001,GBR_053__s2frame_w152.377053_s-21.637693_e152.397022_n-21.630491,2022-10-31,2023-03-15,135,B,B,38300.0,-2500.0,4400.0,1900.0,6300.0,0.4450300261096605,3.632195047569031,0.0502131322614355,2,0,1,218.9,33.4,46.29996,0.06266318537859,0.0391061452513966,-0.0235570401271934,pending,,pending,pending,,
google_earth__NH_QLY_004_cay_001__2018-05-12__to__2018-08-17,secondary,0.4173529411764706,Strong-typhoon exposure,google_earth,NH_QLY_004,NH_QLY_004_cay_001,NH_QLY_004__frame_546_12_1556_1076_1010_1064,2018-05-12,2018-08-17,97,A,A,10084.822882176986,1654.623068934543,1581.3169836019988,3235.9400525365404,4817.257036138539,1.798627035359861,13.660027531223678,0.5121851817507431,4,1,0,68.8,20.6,30.86664,0.1671858774662513,0.127564674397859,-0.0396212030683922,pending,,pending,pending,,
sentinel2__GBR_085_cay_001__2019-01-28__to__2019-05-03,secondary,0.4168292682926829,R34 exposure,sentinel2,GBR_085,GBR_085_cay_001,GBR_085__s2frame_w158.596811_s-19.127764_e158.609914_n-19.117239,2019-01-28,2019-05-03,95,B,B,65000.0,-400.0,3500.0,3100.0,6600.0,0.3903806477732793,9.076027848535446,0.1368663996193914,1,0,1,360.1,32.4,38.5833,0.2461538461538461,0.4814241486068111,0.2352703024529649,pending,,pending,pending,,
sentinel2__GBR_073_cay_001__2018-02-12__to__2018-06-07,secondary,0.4161585365853658,Strong-typhoon exposure,sentinel2,GBR_073,GBR_073_cay_001,GBR_073__s2frame_w151.838971_s-17.420620_e151.860391_n-17.407771,2018-02-12,2018-06-07,115,B,B,43400.0,4200.0,4500.0,8700.0,13200.0,0.9659789621318372,19.959548435713472,0.3042911442006701,1,1,0,62.7,15.4,28.29442,0.0599078341013824,0.01890756302521,-0.0410002710761724,pending,,pending,pending,,
sentinel2__GBR_101_cay_001__2017-02-10__to__2017-05-21,secondary,0.4132317073170731,R34 exposure,sentinel2,GBR_101,GBR_101_cay_001,GBR_101__s2frame_w149.178258_s-16.955359_e149.212373_n-16.920613,2017-02-10,2017-05-21,100,B,A,505400.0,46700.0,3600.0,49500.0,53100.0,0.3837431094182825,11.792726876041016,0.0605867878827058,1,0,1,242.4,33.4,59.16106,0.6187277755827736,0.0478174243796413,-0.5709103512031323,pending,,pending,pending,,
sentinel2__GBR_037_cay_001__2018-11-08__to__2019-02-11,secondary,0.4105487804878048,Strong-typhoon exposure,sentinel2,GBR_037,GBR_037_cay_001,GBR_037__s2frame_w144.498897_s-13.992049_e144.539268_n-13.969822,2018-11-08,2019-02-11,95,B,B,102800.0,15100.0,10400.0,25500.0,35900.0,1.3426383114888387,6.7171010846335175,0.0805458238760757,2,1,0,100.0,15.4,43.72774,0.0116731517509727,0.0025445292620865,-0.0091286224888862,pending,,pending,pending,,
google_earth__NH_TX_013_cay_001__2016-03-16__to__2017-02-16,secondary,0.4080882352941176,Strong-typhoon exposure,google_earth,NH_TX_013,NH_TX_013_cay_001,NH_TX_013__frame_291_271_1152_971_861_700,2016-03-16,2017-02-16,337,A,A,438.1748951349511,21.222145918216995,222.20835137897805,243.43049729719505,465.6388486761731,1.1517364756904818,6.282620056709636,0.3252883103356788,4,1,0,95.8,32.4,72.02216,0.2478632478632478,0.296195652173913,0.0483324043106652,pending,,pending,pending,,
sentinel2__GBR_055_cay_001__2022-10-31__to__2023-03-15,secondary,0.4055487804878048,R34 exposure,sentinel2,GBR_055,GBR_055_cay_001,GBR_055__s2frame_w152.443424_s-21.790265_e152.465048_n-21.776997,2022-10-31,2023-03-15,135,B,B,66400.0,-5300.0,6500.0,1200.0,7700.0,0.3137402108433735,9.028686338670669,0.0947955747909825,2,0,1,228.2,36.0,46.29996,0.0090361445783132,0.0294599018003273,0.0204237572220141,pending,,pending,pending,,
google_earth__NH_QF_001_cay_001__2018-04-25__to__2018-06-29,secondary,0.4026470588235294,Strong-typhoon exposure,google_earth,NH_QF_001,NH_QF_001_cay_001,NH_QF_001__frame_148_169_1705_1053_1557_884,2018-04-25,2018-06-29,65,A,A,34836.443739412425,-6412.095143954695,9683.306284468175,3271.211140513476,12954.517424981652,2.0895625485625486,11.752713827080544,0.3538255615529887,1,1,0,73.0,12.9,20.57776,0.0022446689113355,0.0187987161852361,0.0165540472739006,pending,,pending,pending,,
sentinel2__GBR_033_cay_001__2019-05-10__to__2019-09-02,secondary,0.3990853658536585,Strong-typhoon exposure,sentinel2,GBR_033,GBR_033_cay_001,GBR_033__s2frame_w143.951201_s-13.374566_e143.970006_n-13.361995,2019-05-10,2019-09-02,115,B,B,70900.0,-14400.0,15700.0,1300.0,17000.0,0.7615284846998222,28.698447957389607,0.3423093478358424,1,1,0,65.0,15.4,30.86664,0.0874471086036671,0.0389380530973451,-0.048509055506322,pending,,pending,pending,,
sentinel2__GBR_102_cay_001__2020-12-01__to__2021-03-06,secondary,0.3875,Strong-typhoon exposure,sentinel2,GBR_102,GBR_102_cay_001,GBR_102__s2frame_w149.119644_s-17.026707_e149.168282_n-16.968308,2020-12-01,2021-03-06,95,A,A,229900.0,25100.0,4200.0,29300.0,33500.0,0.5602263569973215,35.76080652352618,0.2867447801584498,3,1,0,64.7,18.0,72.02216,0.026533275337103,0.0627450980392156,0.0362118227021126,pending,,pending,pending,,
sentinel2__GBR_098_cay_001__2020-11-16__to__2021-03-06,secondary,0.3853048780487805,Strong-typhoon exposure,sentinel2,GBR_098,GBR_098_cay_001,GBR_098__s2frame_w149.956310_s-16.315522_e149.972766_n-16.278337,2020-11-16,2021-03-06,110,B,B,93300.0,6100.0,6200.0,12300.0,18500.0,0.6583831482022799,5.22919147862626,0.0568437007575256,3,1,0,57.0,18.0,72.02216,0.1093247588424437,0.4476861167002012,0.3383613578577575,pending,,pending,pending,,
sentinel2__GBR_102_cay_001__2017-02-10__to__2017-05-21,secondary,0.3824999999999999,R34 exposure,sentinel2,GBR_102,GBR_102_cay_001,GBR_102__s2frame_w149.119644_s-17.026707_e149.168282_n-16.968308,2017-02-10,2017-05-21,100,B,A,242300.0,-2200.0,10700.0,8500.0,19200.0,0.2894203879488237,11.63484821322634,0.0863307117806528,1,0,1,243.8,33.4,59.16106,0.1167973586463062,0.0874635568513119,-0.0293338017949943,pending,,pending,pending,,
sentinel2__GBR_073_cay_001__2018-10-10__to__2019-01-18,secondary,0.365609756097561,Strong-typhoon exposure,sentinel2,GBR_073,GBR_073_cay_001,GBR_073__s2frame_w151.838971_s-17.420620_e151.860391_n-17.407771,2018-10-10,2019-01-18,100,B,B,52800.0,-8300.0,8400.0,100.0,8500.0,0.5879850852272728,9.892740095822628,0.1572464844919929,2,1,0,62.8,19.5,43.72774,0.0132575757575757,0.0584269662921348,0.045169390534559,pending,,pending,pending,,
sentinel2__GBR_102_cay_001__2021-11-21__to__2022-01-05,secondary,0.3545731707317073,Strong-typhoon exposure,sentinel2,GBR_102,GBR_102_cay_001,GBR_102__s2frame_w149.119644_s-17.026707_e149.168282_n-16.968308,2021-11-21,2022-01-05,45,A,A,212600.0,-24500.0,24500.0,0.0,24500.0,0.9353445437441203,7.9724221457868465,0.1403387001756962,1,1,0,80.7,15.4,25.7222,0.0954844778927563,0.0738968633705475,-0.0215876145222087,pending,,pending,pending,,
sentinel2__GBR_039_cay_001__2020-11-17__to__2021-05-16,secondary,0.3426829268292682,Strong-typhoon exposure,sentinel2,GBR_039,GBR_039_cay_001,GBR_039__s2frame_w144.875835_s-14.209325_e144.900372_n-14.189774,2020-11-17,2021-05-16,180,B,B,60600.0,-11200.0,11500.0,300.0,11800.0,0.3951101485148515,12.304365627850588,0.1014218942121441,4,1,0,56.1,23.1,72.02216,0.0181518151815181,0.082995951417004,0.0648441362354859,pending,,pending,pending,,
sentinel2__GBR_101_cay_001__2018-11-27__to__2019-01-11,secondary,0.3390853658536585,Strong-typhoon exposure,sentinel2,GBR_101,GBR_101_cay_001,GBR_101__s2frame_w149.178258_s-16.955359_e149.212373_n-16.920613,2018-11-27,2019-01-11,45,A,A,519000.0,-19200.0,24800.0,5600.0,30400.0,0.4754173410404624,5.876467570890625,0.0662066262810021,2,1,0,4.8,17.0,43.72774,0.0601156069364161,0.8237294917967187,0.7636138848603027,pending,,pending,pending,,
sentinel2__GBR_036_cay_001__2018-10-09__to__2019-02-11,secondary,0.3181707317073171,Strong-typhoon exposure,sentinel2,GBR_036,GBR_036_cay_001,GBR_036__s2frame_w143.830501_s-13.931918_e143.847229_n-13.901650,2018-10-09,2019-02-11,125,B,B,68000.0,12900.0,300.0,13200.0,13500.0,0.5800910294117647,5.543179129547874,0.0621120338772778,2,1,0,58.5,14.4,43.72774,0.0161764705882352,0.6242274412855378,0.6080509706973025,pending,,pending,pending,,
google_earth__NH_QLY_004_cay_003__2018-05-12__to__2018-08-17,secondary,0.295,Strong-typhoon exposure,google_earth,NH_QLY_004,NH_QLY_004_cay_003,NH_QLY_004__frame_546_12_1556_1076_1010_1064,2018-05-12,2018-08-17,97,A,A,43145.86736715388,3099.8001797761026,2754.2143489226864,5854.01452869879,8608.228877621477,0.7512494620158142,11.29105732928984,0.2046796110182383,4,1,0,68.5,20.6,30.86664,0.3359223300970874,0.40625,0.0703276699029126,pending,,pending,pending,,
sentinel2__GBR_101_cay_001__2020-12-01__to__2021-03-06,secondary,0.2901829268292683,Strong-typhoon exposure,sentinel2,GBR_101,GBR_101_cay_001,GBR_101__s2frame_w149.178258_s-16.955359_e149.212373_n-16.920613,2020-12-01,2021-03-06,95,A,A,514400.0,3900.0,23100.0,27000.0,50100.0,0.374450545346648,17.396407558868784,0.0932538552411699,3,1,0,65.0,18.0,72.02216,0.0279937791601866,0.7219756897549682,0.6939819105947815,pending,,pending,pending,,
sentinel2__GBR_033_cay_001__2020-11-27__to__2021-05-16,secondary,0.2873170731707317,Strong-typhoon exposure,sentinel2,GBR_033,GBR_033_cay_001,GBR_033__s2frame_w143.951201_s-13.374566_e143.970006_n-13.361995,2020-11-27,2021-05-16,170,B,B,61300.0,-1500.0,5000.0,3500.0,8500.0,0.2979139477977161,12.511835923555436,0.1085733376511187,3,1,0,70.3,23.1,72.02216,0.0277324632952691,0.2558528428093645,0.2281203795140954,pending,,pending,pending,,
sentinel2__GBR_101_cay_001__2021-11-21__to__2022-01-05,secondary,0.2855487804878049,Strong-typhoon exposure,sentinel2,GBR_101,GBR_101_cay_001,GBR_101__s2frame_w149.178258_s-16.955359_e149.212373_n-16.920613,2021-11-21,2022-01-05,45,A,A,532700.0,-39700.0,40700.0,1000.0,41700.0,0.6353633377135348,3.566915724396882,0.0396661722043951,1,1,0,86.7,15.4,25.7222,0.0955509667730429,0.7399594320486815,0.6444084652756387,pending,,pending,pending,,
google_earth__NH_QF_001_cay_001__2015-04-25__to__2016-03-10,secondary,0.2720588235294118,Strong-typhoon exposure,google_earth,NH_QF_001,NH_QF_001_cay_001,NH_QF_001__frame_148_169_1705_1053_1557_884,2015-04-25,2016-03-10,320,A,A,38355.27644036318,-13.032713707223593,13.032713707225,0.0,13.032713707225,0.0003878297018348,0.0182396967834432,0.0001063007635856,3,1,0,29.2,37.6,59.16106,0.0472307169554876,0.0472467709041468,1.605394865920179e-05,pending,,pending,pending,,
sentinel2__GBR_055_cay_001__2021-12-05__to__2022-03-30,secondary,0.2704878048780488,R34 exposure,sentinel2,GBR_055,GBR_055_cay_001,GBR_055__s2frame_w152.443424_s-21.790265_e152.465048_n-21.776997,2021-12-05,2022-03-30,115,B,B,64300.0,-2600.0,3100.0,500.0,3600.0,0.1778177023463384,0.1812796517148089,0.0022705289207448,1,0,1,261.2,23.1,25.7222,0.0590979782270606,0.0372771474878444,-0.0218208307392162,pending,,pending,pending,,
google_earth__NH_QLY_004_cay_002__2018-05-12__to__2018-08-17,secondary,0.2561764705882353,Strong-typhoon exposure,google_earth,NH_QLY_004,NH_QLY_004_cay_002,NH_QLY_004__frame_546_12_1556_1076_1010_1064,2018-05-12,2018-08-17,97,A,A,31720.59035318182,-2743.742051018038,4209.863757668897,1466.1217066508598,5675.985464319757,0.6737667666168616,1.2723120227583422,0.026898779377684,4,1,0,68.7,20.6,30.86664,0.1330472103004291,0.0310805926996747,-0.1019666176007544,pending,,pending,pending,,
google_earth__NH_QLY_004_cay_004__2018-05-12__to__2018-08-17,secondary,0.2426470588235294,Strong-typhoon exposure,google_earth,NH_QLY_004,NH_QLY_004_cay_004,NH_QLY_004__frame_546_12_1556_1076_1010_1064,2018-05-12,2018-08-17,97,A,A,62959.45500274978,837.7838323719261,2764.686646827336,3602.470479199256,6367.157126026591,0.3807975800975369,4.508059388498194,0.0676501433580419,4,1,0,68.4,20.6,30.86664,0.6237524950099801,0.5856861457649376,-0.0380663492450424,pending,,pending,pending,,
google_earth__GBR_037_cay_001__2017-12-31__to__2018-12-31,secondary,0.2375,Strong-typhoon exposure,google_earth,GBR_037,GBR_037_cay_001,GBR_037__frame_404_200_1642_765_1238_565,2017-12-31,2018-12-31,365,B,B,33673.472755102135,2669.3880220408173,832.653144489798,3502.041166530621,4334.694311020419,0.1288127970112079,18.46998573938536,0.1007189173095657,3,1,0,100.0,41.2,51.4444,0.0048484848484848,0.006513926325247,0.0016654414767622,pending,,pending,pending,,
sentinel2__GBR_098_cay_001__2018-01-11__to__2018-04-26,secondary,0.2350609756097561,Strong-typhoon exposure,sentinel2,GBR_098,GBR_098_cay_001,GBR_098__s2frame_w149.956310_s-16.315522_e149.972766_n-16.278337,2018-01-11,2018-04-26,105,B,B,97600.0,3100.0,3900.0,7000.0,10900.0,0.3884800204918033,9.285481142995542,0.103388327826282,1,1,0,78.8,12.9,28.29442,0.089139344262295,0.2184707050645481,0.1293313608022531,pending,,pending,pending,,
sentinel2__GBR_068_cay_001__2018-07-25__to__2019-01-16,secondary,0.2205487804878049,Strong-typhoon exposure,sentinel2,GBR_068,GBR_068_cay_001,GBR_068__s2frame_w150.265349_s-16.545567_e150.305599_n-16.510159,2018-07-25,2019-01-16,175,B,B,200400.0,-300.0,5100.0,4800.0,9900.0,0.103105239520958,11.54921296476662,0.0538451745543497,2,1,0,31.9,18.0,43.72774,0.1272455089820359,0.096951524237881,-0.0302939847441549,pending,,pending,pending,,
sentinel2__GBR_095_cay_001__2018-11-12__to__2019-01-16,secondary,0.2203048780487805,Strong-typhoon exposure,sentinel2,GBR_095,GBR_095_cay_001,GBR_095__s2frame_w150.327781_s-16.615031_e150.343544_n-16.594665,2018-11-12,2019-01-16,65,B,B,364200.0,9200.0,1700.0,10900.0,12600.0,0.1944010264858699,4.059590315490191,0.0377989892743847,2,1,0,33.4,18.0,43.72774,0.0260845689181768,0.1930905195500803,0.1670059506319035,pending,,pending,pending,,
sentinel2__GBR_104_cay_001__2020-11-17__to__2021-05-16,secondary,0.2126829268292683,Strong-typhoon exposure,sentinel2,GBR_104,GBR_104_cay_001,GBR_104__s2frame_w144.870165_s-14.438563_e144.904634_n-14.412680,2020-11-17,2021-05-16,180,B,B,124800.0,-300.0,2600.0,2300.0,4900.0,0.0796691706730769,6.020941689909388,0.0345832600413726,4,1,0,80.2,23.1,72.02216,0.078525641025641,0.2570281124497992,0.1785024714241581,pending,,pending,pending,,
sentinel2__GBR_095_cay_001__2018-02-20__to__2018-04-26,secondary,0.1755487804878049,Strong-typhoon exposure,sentinel2,GBR_095,GBR_095_cay_001,GBR_095__s2frame_w150.327781_s-16.615031_e150.343544_n-16.594665,2018-02-20,2018-04-26,65,B,B,375800.0,14300.0,2800.0,17100.0,19900.0,0.2975529434641994,4.913249708557352,0.0450358536640519,1,1,0,75.0,12.9,28.29442,0.4696647152740819,0.741861061266342,0.2721963459922601,pending,,pending,pending,,
google_earth__GBR_007_cay_001__2006-12-31__to__2007-12-31,secondary,0.1594117647058823,Strong-typhoon exposure,google_earth,GBR_007,GBR_007_cay_001,GBR_007__frame_698_117_1436_844_738_727,2006-12-31,2007-12-31,365,B,B,117110.5367181984,5078.54346729879,2398.513877016948,7477.057344315744,9875.571221332691,0.0843829484984193,8.056725149575469,0.0235585743120093,3,1,0,70.4,14.4,38.5833,0.0023076923076923,0.0,-0.0023076923076923,pending,,pending,pending,,
