event_pair_id,sid,storm_name,sand_cay_id,sensor,event_time_utc,event_response_qc_flag,event_pair_span_days,control_transition_id,control_start,control_end,control_span_days,match_score,event_erosion_fraction,control_erosion_fraction,difference_erosion_fraction,event_deposition_fraction,control_deposition_fraction,difference_deposition_fraction,event_gross_mobility_fraction,control_gross_mobility_fraction,difference_gross_mobility_fraction,event_net_area_fraction,control_net_area_fraction,difference_net_area_fraction,event_centroid_shift_normalized,control_centroid_shift_normalized,difference_centroid_shift_normalized,event_redistribution_balance_index,control_redistribution_balance_index,difference_redistribution_balance_index
2018082S12164__GBR_101_cay_001__sentinel2__2018-02-15__2018-04-26,2018082S12164,IRIS,GBR_101_cay_001,sentinel2,2018-04-03 00:00:00,within_screening_range,70,sentinel2__GBR_101_cay_001__2021-03-06__to__2021-05-15,2021-03-06,2021-05-15,70,0.1509955714354162,0.0,0.0455334748215319,-0.0455334748215319,0.1870698644421272,0.0092610457264132,0.1778088187157139,0.1870698644421272,0.0547945205479452,0.132275343894182,0.1870698644421272,-0.0362724290951186,0.2233422935372458,0.0972945757889858,0.0037691039579315,0.0935254718310543,0.0,0.3380281690140845,-0.3380281690140845
2018082S12164__GBR_102_cay_001__sentinel2__2018-02-15__2018-04-26,2018082S12164,IRIS,GBR_102_cay_001,sentinel2,2018-04-03 00:00:00,within_screening_range,70,sentinel2__GBR_102_cay_001__2021-03-06__to__2021-05-15,2021-03-06,2021-05-15,70,0.1509955714354162,0.0289505428226779,0.0737254901960784,-0.0447749473734005,0.0269400884599919,0.0129411764705882,0.0139989119894037,0.0558906312826698,0.0866666666666666,-0.0307760353839967,-0.0020104543626859,-0.0607843137254901,0.0587738593628042,0.0178337037305881,0.094115481763205,-0.0762817780326169,0.9640287769784172,0.2986425339366516,0.6653862430417656
2019074S08151__GBR_033_cay_001__sentinel2__2019-02-11__2019-05-10,2019074S08151,TREVOR,GBR_033_cay_001,sentinel2,2019-03-19 03:00:00,within_screening_range,88,sentinel2__GBR_033_cay_001__2018-09-07__to__2018-12-13,2018-09-07,2018-12-13,97,0.1170870944754936,0.1022576361221779,0.0782865583456425,0.0239710777765354,0.0438247011952191,0.0280649926144756,0.0157597085807435,0.1460823373173971,0.1063515509601181,0.0397307863572789,-0.0584329349269588,-0.0502215657311669,-0.0082113691957919,0.060209532227949,0.0706576355570426,-0.0104481033290936,0.6,0.5277777777777778,0.0722222222222221
2019074S08151__GBR_034_cay_001__sentinel2__2019-02-11__2019-05-10,2019074S08151,TREVOR,GBR_034_cay_001,sentinel2,2019-03-19 03:00:00,within_screening_range,88,sentinel2__GBR_034_cay_001__2018-09-07__to__2018-12-13,2018-09-07,2018-12-13,97,0.1170870944754936,0.1415607985480943,0.1077235772357723,0.033837221312322,0.1524500907441016,0.1239837398373983,0.0284663509067032,0.294010889292196,0.2317073170731707,0.0623035722190252,0.0108892921960072,0.016260162601626,-0.0053708704056187,0.1020530114130644,0.1583886079039463,-0.0563355964908818,0.9629629629629628,0.9298245614035088,0.0331384015594541
2021058S14149__GBR_085_cay_001__sentinel2__2021-02-21__2021-04-27,2021058S14149,NIRAN,GBR_085_cay_001,sentinel2,2021-03-05 12:00:00,within_screening_range,65,sentinel2__GBR_085_cay_001__2020-06-16__to__2020-08-20,2020-06-16,2020-08-20,65,0.0314859305803678,0.0500782472613458,0.0357653791130186,0.0143128681483272,0.056338028169014,0.0042918454935622,0.0520461826754518,0.1064162754303599,0.0400572246065808,0.0663590508237791,0.0062597809076682,-0.0314735336194563,0.0377333145271246,0.0710557280364696,0.014409989766998,0.0566457382694715,0.9411764705882352,0.2142857142857142,0.726890756302521
2021346N05145__NH_015_cay_001__sentinel2__2021-10-28__2022-01-16,2021346N05145,RAI,NH_015_cay_001,sentinel2,2021-12-18 06:00:00,within_screening_range,80,sentinel2__NH_015_cay_001__2022-08-31__to__2022-12-07,2022-08-31,2022-12-07,98,0.2445570305029157,0.7785714285714286,1.0026455026455026,-0.2240740740740739,0.05,0.3492063492063492,-0.2992063492063492,0.8285714285714286,1.351851851851852,-0.5232804232804232,-0.7285714285714285,-0.6507936507936508,-0.0777777777777777,0.5545352207224656,2.217898331712585,-1.6633631109901192,0.1206896551724138,0.5166340508806262,-0.3959443957082124
2022008S13148__GBR_038_cay_001__sentinel2__2021-11-22__2022-02-15,2022008S13148,TIFFANY,GBR_038_cay_001,sentinel2,2022-01-09 18:00:00,within_screening_range,85,sentinel2__GBR_038_cay_001__2021-05-16__to__2021-08-04,2021-05-16,2021-08-04,80,0.087729901185621,0.2244094488188976,0.006150061500615,0.2182593873182826,0.0249343832020997,0.088560885608856,-0.0636265024067563,0.2493438320209973,0.094710947109471,0.1546328849115263,-0.1994750656167979,0.082410824108241,-0.281885889725039,0.1981752185577198,0.0424551372239333,0.1557200813337865,0.2,0.1298701298701298,0.0701298701298701
2022008S13148__GBR_104_cay_001__sentinel2__2021-11-22__2022-02-15,2022008S13148,TIFFANY,GBR_104_cay_001,sentinel2,2022-01-09 18:00:00,within_screening_range,85,sentinel2__GBR_104_cay_001__2021-05-16__to__2021-08-04,2021-05-16,2021-08-04,80,0.087729901185621,0.0579825258141382,0.0208835341365461,0.037098991677592,0.0063542494042891,0.010441767068273,-0.0040875176639839,0.0643367752184273,0.0313253012048192,0.033011474013608,-0.051628276409849,-0.010441767068273,-0.0411865093415759,0.0264303862701128,0.0216468075783472,0.0047835786917656,0.1975308641975308,0.6666666666666666,-0.4691358024691358
2022008S13148__GBR_037_cay_001__sentinel2__2021-11-22__2022-02-15,2022008S13148,TIFFANY,GBR_037_cay_001,sentinel2,2022-01-09 21:00:00,within_screening_range,85,sentinel2__GBR_037_cay_001__2019-12-08__to__2020-03-02,2019-12-08,2020-03-02,85,0.0987015476019357,0.3969754253308128,0.0322307039864291,0.3647447213443837,0.0,0.1272264631043257,-0.1272264631043257,0.3969754253308128,0.1594571670907549,0.2375182582400579,-0.3969754253308128,0.0949957591178965,-0.4919711844487094,0.1018440400031639,0.0384834065764998,0.0633606334266641,0.0,0.4042553191489361,-0.4042553191489361
2022008S13148__GBR_036_cay_001__sentinel2__2021-12-17__2022-02-13,2022008S13148,TIFFANY,GBR_036_cay_001,sentinel2,2022-01-10 03:00:00,within_screening_range,58,sentinel2__GBR_036_cay_001__2023-09-21__to__2023-11-17,2023-09-21,2023-11-17,57,0.1059630343879474,0.377113133940182,0.0209895052473763,0.3561236286928057,0.0,0.169415292353823,-0.169415292353823,0.377113133940182,0.1904047976011994,0.1867083363389826,-0.377113133940182,0.1484257871064467,-0.5255389210466288,0.376199067895424,0.0706318530950417,0.3055672148003822,0.0,0.2204724409448819,-0.2204724409448819
