sensor,sand_cay_id,establishment_date,dominant_share_after,structure_share_after,span_years_after,median_mobility_after
sentinel2,GBR_058_cay_001,2017-01-25,0.6666666666666666,0.8888888888888888,8.687378933174534,0.243378352242812
sentinel2,GBR_095_cay_001,2017-02-20,0.5161290322580645,0.5161290322580645,8.528580326769202,0.1134303398215499
sentinel2,MEDF_017_cay_001,2017-03-18,1.0,1.0,8.624407072013799,0.7609218750000001
google_earth,MEDF_017_cay_001,2006-04-05,0.6363636363636364,0.8181818181818182,17.61295577595707,0.3412331997811577
google_earth,NH_QLY_004_cay_004,2018-05-12,1.0,1.0,4.99120447374005,0.3770674845582249
google_earth,NH_QLY_004_cay_005,2018-05-12,1.0,0.9285714285714286,4.99120447374005,0.2149788610195982
google_earth,OTHER_006_cay_001,2004-03-16,0.5,0.6666666666666666,20.03874138414889,0.2725408431561686
google_earth,OTHER_007_cay_001,2004-03-16,1.0,1.0,22.428934201249856,0.3774927858226202
google_earth,OTHER_008_cay_002,2004-03-16,0.5,0.8333333333333334,20.03874138414889,0.6815426361372225
google_earth,OTHER_025_cay_001,2005-03-15,0.6,0.7,18.98190927945132,0.6929042909259542
