sensor,sand_cay_id,median_within_year_range,n_years_multi_obs
google_earth,GBR_034_cay_001,0.0057559893536699,1
google_earth,GBR_038_cay_001,0.0012771546339741,2
google_earth,GBR_039_cay_001,0.0015696955750962,1
google_earth,GBR_086_cay_001,0.3023458251228957,1
google_earth,MEDF_001_cay_001,0.0122853190104584,3
google_earth,MEDF_004_cay_001,0.3085480656909228,1
google_earth,MEDF_006_cay_001,0.1393712696295565,2
google_earth,MEDF_010_cay_001,0.0,2
google_earth,MEDF_011_cay_001,0.0553640017873801,2
google_earth,MEDF_012_cay_001,0.0,2
google_earth,MEDF_013_cay_001,0.0,1
google_earth,MEDF_014_cay_001,0.1178104098680967,2
google_earth,MEDF_015_cay_001,0.0735433838142541,3
google_earth,MEDF_017_cay_001,0.0213938867017376,3
google_earth,MEDF_019_cay_001,0.0731696070105425,2
google_earth,MEDF_022_cay_001,0.0135815870083142,2
google_earth,MEDF_023_cay_001,0.073905890670421,2
google_earth,MEDF_025_cay_001,0.0171905697445972,1
google_earth,MEDF_026_cay_001,0.0234653316825497,2
google_earth,MEDF_026_cay_002,0.0097161948617232,2
google_earth,MEDF_027_cay_001,0.1528399606168393,2
google_earth,MEDF_028_cay_001,0.2355100398454169,2
google_earth,MEDF_029_cay_001,0.0039319143191431,3
google_earth,MEDF_030_cay_001,0.0108532001095309,2
google_earth,MEDF_032_cay_001,0.0058942607174946,3
google_earth,MEDF_033_cay_001,0.1148824462162464,2
google_earth,MEDF_034_cay_001,0.1086055729041556,3
google_earth,MEDF_036_cay_001,0.0,3
google_earth,MEDF_037_cay_001,0.0,3
google_earth,MEDF_038_cay_001,0.0,1
google_earth,MEDF_039_cay_001,0.0,1
google_earth,MEDF_040_cay_001,0.060265101864631,2
google_earth,MEDF_041_cay_001,0.0,1
google_earth,MEDF_044_cay_001,0.0011061059030726,2
google_earth,MEDF_050_cay_001,0.0048265108379927,1
google_earth,NH_002_cay_001,0.1125265637460758,5
google_earth,NH_002_cay_002,0.0436264902825411,1
google_earth,NH_014_cay_001,0.248604435953312,1
google_earth,NH_015_cay_001,0.0913847961369869,6
google_earth,NH_BK_006_cay_001,0.0676812403523924,3
google_earth,NH_CX_007_cay_001,0.3710371037103711,1
google_earth,NH_JY_010_cay_001,0.3527458868936642,1
google_earth,NH_KG_012_cay_001,0.368571358347288,2
google_earth,NH_NE_008_cay_001,0.16873750872884,3
google_earth,NH_NE_008_cay_002,0.1124918300653595,3
google_earth,NH_QF_001_cay_001,0.0360639298668183,4
google_earth,NH_QF_001_cay_002,0.1489892825870758,4
google_earth,NH_QLY_004_cay_001,0.151328897080551,2
google_earth,NH_QLY_004_cay_002,0.092592250928094,2
google_earth,NH_QLY_004_cay_003,0.1255177323675549,3
google_earth,NH_QLY_004_cay_004,0.0989185511137135,2
google_earth,NH_QLY_004_cay_005,0.1291709425747273,2
google_earth,NH_TX_013_cay_001,0.2121138996138997,5
google_earth,NH_XM_005_cay_001,0.2772082421713845,2
google_earth,NH_YSZ_011_cay_001,0.1350345560871877,5
google_earth,NH_YSZ_016_cay_001,0.1116696796543535,2
google_earth,OTHER_004_cay_001,0.0,1
google_earth,OTHER_005_cay_001,0.1215875515410745,1
google_earth,OTHER_006_cay_001,0.300280356921776,1
google_earth,OTHER_007_cay_001,0.018489599781736,1
google_earth,OTHER_008_cay_001,0.0036398946959562,1
google_earth,OTHER_008_cay_002,0.0618046571368408,1
google_earth,OTHER_017_cay_001,0.0022884560421452,1
google_earth,OTHER_023_cay_001,0.0264452196417366,1
google_earth,OTHER_025_cay_001,0.217619700883862,3
sentinel2,GBR_003_cay_001,0.3728852454386262,9
sentinel2,GBR_007_cay_001,0.4107927897383738,9
sentinel2,GBR_008_cay_001,0.134661500742676,9
sentinel2,GBR_009_cay_001,0.0965696465696466,9
sentinel2,GBR_020_cay_001,0.4651595938372096,9
sentinel2,GBR_033_cay_001,0.194,9
sentinel2,GBR_034_cay_001,0.1334688346883469,9
sentinel2,GBR_036_cay_001,0.4359277581568513,9
sentinel2,GBR_037_cay_001,0.1271327794002714,9
sentinel2,GBR_038_cay_001,0.1795706788462512,9
sentinel2,GBR_039_cay_001,0.1179494967025338,9
sentinel2,GBR_052_cay_001,0.0235690235690235,9
sentinel2,GBR_053_cay_001,0.057741631409343,9
sentinel2,GBR_055_cay_001,0.0353301023818738,9
sentinel2,GBR_058_cay_001,0.0977197616842202,9
sentinel2,GBR_059_cay_001,0.5275964158096358,9
sentinel2,GBR_060_cay_001,0.4712234542836114,9
sentinel2,GBR_061_cay_001,0.1676515724134772,9
sentinel2,GBR_061_cay_002,0.2568699977012936,7
sentinel2,GBR_068_cay_001,0.0768903088391906,9
sentinel2,GBR_073_cay_001,0.0231331481910052,9
sentinel2,GBR_085_cay_001,0.3694025849511128,8
sentinel2,GBR_095_cay_001,0.7157764923481652,9
sentinel2,GBR_098_cay_001,0.2695091819133471,9
sentinel2,GBR_101_cay_001,0.5709103512031323,9
sentinel2,GBR_102_cay_001,0.0892148895778418,9
sentinel2,GBR_104_cay_001,0.4025838581091109,9
sentinel2,GBR_108_cay_001,0.0933141751216937,9
sentinel2,MEDF_001_cay_001,0.0626984868298151,1
sentinel2,MEDF_002_cay_001,0.477282307070849,5
sentinel2,MEDF_004_cay_001,0.1352526796998112,1
sentinel2,MEDF_004_cay_002,0.0746006095690061,1
sentinel2,MEDF_005_cay_001,0.0729166666666666,9
sentinel2,MEDF_006_cay_001,0.0576519521582429,9
sentinel2,MEDF_007_cay_001,0.0111317254174397,9
sentinel2,MEDF_008_cay_001,0.0208333333333333,9
sentinel2,MEDF_010_cay_001,0.0258620689655172,9
sentinel2,MEDF_011_cay_001,0.0579796915413353,9
sentinel2,MEDF_014_cay_001,0.0621976063152533,9
sentinel2,MEDF_015_cay_001,0.1091260260743601,9
sentinel2,MEDF_017_cay_001,0.0330761582319106,9
sentinel2,MEDF_019_cay_001,0.0527820853640526,9
sentinel2,MEDF_022_cay_001,0.0045662100456621,9
sentinel2,MEDF_026_cay_001,0.009526870365694,7
sentinel2,MEDF_026_cay_002,0.0358416991121555,4
sentinel2,MEDF_027_cay_001,0.0798637260175722,9
sentinel2,MEDF_028_cay_001,0.0690413902360561,9
sentinel2,MEDF_032_cay_001,0.0013888888888888,6
sentinel2,MEDF_033_cay_001,0.0713726245505906,4
sentinel2,MEDF_040_cay_001,0.0381066302118933,9
sentinel2,MEDF_044_cay_001,0.0189513108614231,6
sentinel2,MEDF_050_cay_001,0.0061145268603562,6
sentinel2,MEDF_053_cay_001,0.0662788970107565,8
sentinel2,NH_015_cay_001,0.0862068965517241,7
sentinel2,NH_QF_001_cay_001,0.0557134609406227,3
sentinel2,NH_QF_001_cay_002,0.0521795165540153,3
sentinel2,OTHER_004_cay_001,0.0440251572327044,9
sentinel2,OTHER_005_cay_001,0.2366281685915704,9
sentinel2,OTHER_006_cay_001,0.2924934172356853,9
sentinel2,OTHER_007_cay_001,0.085200402115477,3
sentinel2,OTHER_008_cay_001,0.1317794710891975,9
sentinel2,OTHER_008_cay_002,0.4782806563107782,6
sentinel2,OTHER_017_cay_001,0.1739947033108217,2
sentinel2,OTHER_024_cay_001,0.0447732906140578,4
sentinel2,OTHER_025_cay_001,0.0789928156949433,4
