sensor,check,threshold_delta,n_audit_records,n_manual_automatic_agreement,manual_automatic_agreement,n_ordinal_agreement,ordinal_agreement,n_adjacent_or_exact_agreement,adjacent_or_exact_agreement,n_perturbed_matches_manual,perturbed_agreement,n_near_threshold,near_threshold_fraction,median_vegetation_fraction,manual_state,min_vegetation_fraction,max_vegetation_fraction
google_earth,threshold_perturbation,-0.02,774,418.0,0.5400516795865633,418.0,0.5400516795865633,658.0,0.8501291989664083,438.0,0.5658914728682171,559.0,0.7222222222222222,0.0478079666233113,,,
google_earth,threshold_perturbation,0.0,774,418.0,0.5400516795865633,418.0,0.5400516795865633,658.0,0.8501291989664083,418.0,0.5400516795865633,559.0,0.7222222222222222,0.0478079666233113,,,
google_earth,threshold_perturbation,0.02,774,418.0,0.5400516795865633,418.0,0.5400516795865633,658.0,0.8501291989664083,387.0,0.5,559.0,0.7222222222222222,0.0478079666233113,,,
google_earth,manual_state_fraction_distribution,,173,,,,,,,,,,,0.4546800243186804,dominant,0.0,0.8596195521309896
google_earth,manual_state_fraction_distribution,,436,,,,,,,,,,,0.0100804404252063,none,0.0,0.7869822485207101
google_earth,manual_state_fraction_distribution,,69,,,,,,,,,,,0.2137475728155339,partial,0.0,0.6084219665726069
google_earth,manual_state_fraction_distribution,,96,,,,,,,,,,,0.033820455960817,sparse,0.0,0.4742545934646275
sentinel2,threshold_perturbation,-0.02,1839,1002.0,0.5448613376835236,1002.0,0.5448613376835236,1686.0,0.9168026101141924,1041.0,0.566068515497553,1247.0,0.6780859162588363,0.0900621118012422,,,
sentinel2,threshold_perturbation,0.0,1839,1002.0,0.5448613376835236,1002.0,0.5448613376835236,1686.0,0.9168026101141924,1002.0,0.5448613376835236,1247.0,0.6780859162588363,0.0900621118012422,,,
sentinel2,threshold_perturbation,0.02,1839,1002.0,0.5448613376835236,1002.0,0.5448613376835236,1686.0,0.9168026101141924,924.0,0.5024469820554649,1247.0,0.6780859162588363,0.0900621118012422,,,
sentinel2,manual_state_fraction_distribution,,372,,,,,,,,,,,0.4689897698209718,dominant,0.0028985507246376,0.8825301204819277
sentinel2,manual_state_fraction_distribution,,736,,,,,,,,,,,0.021505376344086,none,0.0,0.5
sentinel2,manual_state_fraction_distribution,,449,,,,,,,,,,,0.2603174603174603,partial,0.0,0.8153846153846154
sentinel2,manual_state_fraction_distribution,,282,,,,,,,,,,,0.0381518311908804,sparse,0.0,0.9144050104384134
