sensor,sand_cay_id,first_state,path_type,n_runs,n_up_steps,n_down_steps,bright_to_spectral_transition_lower_years,bright_to_spectral_transition_upper_years,bright_to_spectral_transition_censoring_status,spectral_transition_to_low_green_lower_years,spectral_transition_to_low_green_upper_years,spectral_transition_to_low_green_censoring_status,direct_bright_to_low_green_lower_years,direct_bright_to_low_green_upper_years,direct_bright_to_low_green_censoring_status,low_green_to_high_green_lower_years,low_green_to_high_green_upper_years,low_green_to_high_green_censoring_status
google_earth,GBR_003_cay_001,spectral_transition,start_not_bright_bare,6,2,1,,,source_state_not_observed,18.0,18.0,left_censored_source,,,source_state_not_observed,,,target_state_not_observed
google_earth,GBR_007_cay_001,spectral_transition,start_not_bright_bare,4,0,0,,,source_state_not_observed,,,target_state_not_observed,,,source_state_not_observed,,,source_state_not_observed
google_earth,GBR_008_cay_001,bright_bare,bright_bare_persistent,2,0,0,,,target_state_not_observed,,,source_state_not_observed,,,target_state_not_observed,,,source_state_not_observed
google_earth,GBR_029_cay_001,spectral_transition,start_not_bright_bare,3,1,1,,,target_state_not_observed,3.0,3.0,left_censored_source,,,target_state_not_observed,,,source_state_not_observed
google_earth,GBR_030_cay_001,bright_bare,direct_to_green,3,2,0,,,target_state_not_observed,,,source_state_not_observed,3.0,3.0,left_censored_source,,,target_state_not_observed
google_earth,GBR_036_cay_001,bright_bare,direct_to_green,3,1,0,,,target_state_not_observed,,,source_state_not_observed,21.0,21.0,right_censored_target,,,target_state_not_observed
google_earth,GBR_037_cay_001,bright_bare,bright_bare_persistent,5,0,0,,,target_state_not_observed,,,source_state_not_observed,,,target_state_not_observed,,,source_state_not_observed
google_earth,GBR_038_cay_001,spectral_transition,start_not_bright_bare,2,1,0,,,source_state_not_observed,5.0,5.0,right_censored_target,,,source_state_not_observed,,,target_state_not_observed
google_earth,GBR_039_cay_001,bright_bare,direct_to_green,3,1,0,,,target_state_not_observed,,,source_state_not_observed,12.0,12.0,right_censored_target,,,target_state_not_observed
google_earth,GBR_052_cay_001,bright_bare,direct_to_green,3,1,1,,,target_state_not_observed,,,source_state_not_observed,18.0,18.0,left_censored_source,,,target_state_not_observed
google_earth,GBR_053_cay_001,low_green,start_not_bright_bare,2,0,0,,,source_state_not_observed,,,source_state_not_observed,,,source_state_not_observed,,,target_state_not_observed
google_earth,GBR_058_cay_001,bright_bare,direct_to_green,4,1,1,,,target_state_not_observed,,,source_state_not_observed,12.0,12.0,left_censored_source,,,target_state_not_observed
google_earth,GBR_059_cay_001,moderate_green,start_not_bright_bare,2,1,0,,,source_state_not_observed,,,source_state_not_observed,,,source_state_not_observed,15.0,15.0,right_censored_target
google_earth,GBR_060_cay_001,low_green,start_not_bright_bare,3,2,0,,,source_state_not_observed,,,source_state_not_observed,,,source_state_not_observed,11.0,11.0,right_censored_target
google_earth,GBR_068_cay_001,bright_bare,direct_to_green,2,1,0,,,target_state_not_observed,,,source_state_not_observed,6.0,6.0,right_censored_target,,,target_state_not_observed
google_earth,GBR_085_cay_001,low_green,start_not_bright_bare,3,1,1,,,target_state_not_observed,,,source_state_not_observed,6.0,6.0,right_censored_target,16.0,16.0,right_censored_target
google_earth,GBR_086_cay_001,moderate_green,start_not_bright_bare,2,0,0,,,source_state_not_observed,,,source_state_not_observed,,,source_state_not_observed,,,target_state_not_observed
google_earth,GBR_095_cay_001,moderate_green,start_not_bright_bare,3,1,1,,,target_state_not_observed,,,source_state_not_observed,6.0,6.0,right_censored_target,16.0,16.0,right_censored_target
google_earth,GBR_101_cay_001,high_green,start_not_bright_bare,3,1,1,,,source_state_not_observed,14.0,14.0,right_censored_target,,,source_state_not_observed,,,source_state_not_observed
google_earth,GBR_102_cay_001,spectral_transition,start_not_bright_bare,2,1,0,,,source_state_not_observed,14.0,14.0,right_censored_target,,,source_state_not_observed,,,source_state_not_observed
google_earth,GBR_104_cay_001,low_green,start_not_bright_bare,2,1,0,,,source_state_not_observed,,,source_state_not_observed,,,source_state_not_observed,12.0,12.0,right_censored_target
google_earth,MEDF_001_cay_001,bright_bare,direct_to_green,7,1,1,,,target_state_not_observed,,,source_state_not_observed,15.0,15.0,left_censored_source,,,target_state_not_observed
google_earth,MEDF_002_cay_001,spectral_transition,start_not_bright_bare,7,4,1,,,source_state_not_observed,1.0,1.0,left_censored_source,,,source_state_not_observed,14.0,14.0,observed_interval_bound
google_earth,MEDF_004_cay_001,moderate_green,start_not_bright_bare,2,0,1,,,target_state_not_observed,,,source_state_not_observed,,,target_state_not_observed,,,target_state_not_observed
google_earth,MEDF_005_cay_001,moderate_green,start_not_bright_bare,5,1,1,,,source_state_not_observed,,,source_state_not_observed,,,source_state_not_observed,4.0,5.0,left_censored_source
google_earth,MEDF_006_cay_001,moderate_green,start_not_bright_bare,5,1,1,,,source_state_not_observed,,,source_state_not_observed,,,source_state_not_observed,1.0,1.0,left_censored_source
google_earth,MEDF_007_cay_001,bright_bare,direct_to_green,4,1,1,,,target_state_not_observed,,,source_state_not_observed,8.0,8.0,left_censored_source,,,target_state_not_observed
google_earth,MEDF_008_cay_001,low_green,start_not_bright_bare,6,2,1,,,source_state_not_observed,,,source_state_not_observed,,,source_state_not_observed,,,target_state_not_observed
google_earth,MEDF_009_cay_001,bright_bare,bright_bare_persistent,4,0,0,,,target_state_not_observed,,,source_state_not_observed,,,target_state_not_observed,,,source_state_not_observed
google_earth,MEDF_010_cay_001,low_green,start_not_bright_bare,4,0,1,,,target_state_not_observed,,,source_state_not_observed,,,target_state_not_observed,,,target_state_not_observed
google_earth,MEDF_011_cay_001,moderate_green,start_not_bright_bare,4,1,1,,,source_state_not_observed,,,source_state_not_observed,,,source_state_not_observed,,,target_state_not_observed
google_earth,MEDF_012_cay_001,bright_bare,direct_to_green,5,1,1,,,target_state_not_observed,,,source_state_not_observed,1.0,1.0,left_censored_source,,,target_state_not_observed
google_earth,MEDF_013_cay_001,bright_bare,bright_bare_persistent,4,0,0,,,target_state_not_observed,,,source_state_not_observed,,,target_state_not_observed,,,source_state_not_observed
google_earth,MEDF_014_cay_001,moderate_green,start_not_bright_bare,5,1,1,,,source_state_not_observed,,,source_state_not_observed,,,source_state_not_observed,,,target_state_not_observed
google_earth,MEDF_015_cay_001,moderate_green,start_not_bright_bare,5,1,1,,,source_state_not_observed,,,source_state_not_observed,,,source_state_not_observed,,,target_state_not_observed
google_earth,MEDF_017_cay_001,moderate_green,start_not_bright_bare,6,2,1,,,source_state_not_observed,,,source_state_not_observed,,,source_state_not_observed,4.0,4.0,left_censored_source
google_earth,MEDF_018_cay_001,bright_bare,direct_to_green,3,1,0,,,target_state_not_observed,,,source_state_not_observed,8.0,8.0,right_censored_target,,,target_state_not_observed
google_earth,MEDF_019_cay_001,low_green,start_not_bright_bare,6,2,3,,,target_state_not_observed,3.0,3.0,observed_interval_bound,1.0,1.0,observed_interval_bound,,,target_state_not_observed
google_earth,MEDF_020_cay_001,bright_bare,direct_to_green,2,1,0,,,target_state_not_observed,,,source_state_not_observed,17.0,17.0,right_censored_target,,,target_state_not_observed
google_earth,MEDF_022_cay_001,bright_bare,bright_bare_persistent,5,0,0,,,target_state_not_observed,,,source_state_not_observed,,,target_state_not_observed,,,source_state_not_observed
google_earth,MEDF_023_cay_001,bright_bare,direct_to_green,6,2,1,,,target_state_not_observed,,,source_state_not_observed,4.0,5.0,left_censored_source,,,target_state_not_observed
google_earth,MEDF_025_cay_001,bright_bare,bright_bare_persistent,5,0,0,,,target_state_not_observed,,,source_state_not_observed,,,target_state_not_observed,,,source_state_not_observed
google_earth,MEDF_026_cay_001,spectral_transition,start_not_bright_bare,4,1,2,,,target_state_not_observed,9.0,9.0,left_censored_source,,,target_state_not_observed,,,target_state_not_observed
google_earth,MEDF_026_cay_002,bright_bare,direct_to_green,5,1,0,,,target_state_not_observed,,,source_state_not_observed,18.0,18.0,right_censored_target,,,target_state_not_observed
google_earth,MEDF_027_cay_001,moderate_green,start_not_bright_bare,6,1,1,,,source_state_not_observed,,,source_state_not_observed,,,source_state_not_observed,3.0,3.0,left_censored_source
google_earth,MEDF_028_cay_001,moderate_green,start_not_bright_bare,5,1,0,,,source_state_not_observed,,,source_state_not_observed,,,source_state_not_observed,14.0,14.0,left_censored_source
google_earth,MEDF_029_cay_001,bright_bare,direct_to_green,4,1,0,,,target_state_not_observed,,,source_state_not_observed,5.0,5.0,left_censored_source,,,target_state_not_observed
google_earth,MEDF_030_cay_001,bright_bare,bright_bare_persistent,7,0,0,,,target_state_not_observed,,,source_state_not_observed,,,target_state_not_observed,,,source_state_not_observed
google_earth,MEDF_031_cay_001,low_green,start_not_bright_bare,3,1,1,,,target_state_not_observed,,,source_state_not_observed,2.0,2.0,right_censored_target,,,target_state_not_observed
google_earth,MEDF_032_cay_001,bright_bare,bright_bare_persistent,5,0,0,,,target_state_not_observed,,,source_state_not_observed,,,target_state_not_observed,,,source_state_not_observed
google_earth,MEDF_033_cay_001,low_green,start_not_bright_bare,5,2,2,,,target_state_not_observed,,,source_state_not_observed,4.0,4.0,right_censored_target,,,target_state_not_observed
google_earth,MEDF_034_cay_001,spectral_transition,start_not_bright_bare,7,3,3,,,target_state_not_observed,5.0,5.0,left_censored_source,1.0,2.0,observed_interval_bound,,,target_state_not_observed
google_earth,MEDF_035_cay_001,bright_bare,bright_bare_persistent,4,0,0,,,target_state_not_observed,,,source_state_not_observed,,,target_state_not_observed,,,source_state_not_observed
google_earth,MEDF_036_cay_001,bright_bare,direct_to_green,6,1,0,,,target_state_not_observed,,,source_state_not_observed,12.0,12.0,right_censored_target,,,target_state_not_observed
google_earth,MEDF_037_cay_001,bright_bare,bright_bare_persistent,5,0,0,,,target_state_not_observed,,,source_state_not_observed,,,target_state_not_observed,,,source_state_not_observed
google_earth,MEDF_038_cay_001,bright_bare,bright_bare_persistent,5,0,0,,,target_state_not_observed,,,source_state_not_observed,,,target_state_not_observed,,,source_state_not_observed
google_earth,MEDF_039_cay_001,bright_bare,bright_bare_persistent,4,0,0,,,target_state_not_observed,,,source_state_not_observed,,,target_state_not_observed,,,source_state_not_observed
google_earth,MEDF_040_cay_001,low_green,start_not_bright_bare,5,1,1,,,target_state_not_observed,,,source_state_not_observed,7.0,7.0,right_censored_target,,,target_state_not_observed
google_earth,MEDF_041_cay_001,bright_bare,bright_bare_persistent,4,0,0,,,target_state_not_observed,,,source_state_not_observed,,,target_state_not_observed,,,source_state_not_observed
google_earth,MEDF_043_cay_001,bright_bare,bright_bare_persistent,2,0,0,,,target_state_not_observed,,,source_state_not_observed,,,target_state_not_observed,,,source_state_not_observed
google_earth,MEDF_044_cay_001,bright_bare,bright_bare_persistent,4,0,0,,,target_state_not_observed,,,source_state_not_observed,,,target_state_not_observed,,,source_state_not_observed
google_earth,MEDF_045_cay_001,bright_bare,bright_bare_persistent,3,0,0,,,target_state_not_observed,,,source_state_not_observed,,,target_state_not_observed,,,source_state_not_observed
google_earth,MEDF_046_cay_001,bright_bare,bright_bare_persistent,2,0,0,,,target_state_not_observed,,,source_state_not_observed,,,target_state_not_observed,,,source_state_not_observed
google_earth,MEDF_047_cay_001,bright_bare,bright_bare_persistent,3,0,0,,,target_state_not_observed,,,source_state_not_observed,,,target_state_not_observed,,,source_state_not_observed
google_earth,MEDF_048_cay_001,bright_bare,bright_bare_persistent,3,0,0,,,target_state_not_observed,,,source_state_not_observed,,,target_state_not_observed,,,source_state_not_observed
google_earth,MEDF_050_cay_001,bright_bare,bright_bare_persistent,4,0,0,,,target_state_not_observed,,,source_state_not_observed,,,target_state_not_observed,,,source_state_not_observed
google_earth,MEDF_051_cay_001,bright_bare,bright_bare_persistent,2,0,0,,,target_state_not_observed,,,source_state_not_observed,,,target_state_not_observed,,,source_state_not_observed
google_earth,MEDF_052_cay_001,bright_bare,direct_to_green,2,1,0,,,target_state_not_observed,,,source_state_not_observed,12.0,12.0,right_censored_target,,,target_state_not_observed
google_earth,MEDF_053_cay_001,low_green,start_not_bright_bare,3,1,1,5.0,6.0,right_censored_target,,,target_state_not_observed,,,target_state_not_observed,,,target_state_not_observed
google_earth,NH_002_cay_001,bright_bare,direct_to_green,4,1,1,,,target_state_not_observed,,,source_state_not_observed,8.0,9.0,left_censored_source,,,target_state_not_observed
google_earth,NH_002_cay_002,bright_bare,direct_to_green,4,2,1,,,target_state_not_observed,,,source_state_not_observed,12.0,12.0,left_censored_source,,,target_state_not_observed
google_earth,NH_014_cay_001,moderate_green,start_not_bright_bare,2,0,0,,,source_state_not_observed,,,source_state_not_observed,,,source_state_not_observed,,,target_state_not_observed
google_earth,NH_015_cay_001,low_green,start_not_bright_bare,4,1,1,,,target_state_not_observed,,,source_state_not_observed,1.0,3.0,observed_interval_bound,,,target_state_not_observed
google_earth,NH_BK_006_cay_001,low_green,start_not_bright_bare,2,0,1,,,target_state_not_observed,,,source_state_not_observed,,,target_state_not_observed,,,target_state_not_observed
google_earth,NH_JY_010_cay_001,moderate_green,start_not_bright_bare,4,1,2,,,source_state_not_observed,,,source_state_not_observed,,,source_state_not_observed,,,target_state_not_observed
google_earth,NH_KG_012_cay_001,high_green,start_not_bright_bare,4,1,2,,,target_state_not_observed,,,source_state_not_observed,1.0,1.0,right_censored_target,,,target_state_not_observed
google_earth,NH_NE_008_cay_001,low_green,start_not_bright_bare,5,2,2,,,target_state_not_observed,,,source_state_not_observed,1.0,1.0,observed_interval_bound,3.0,3.0,left_censored_source
google_earth,NH_NE_008_cay_002,low_green,start_not_bright_bare,4,1,1,,,source_state_not_observed,,,source_state_not_observed,,,source_state_not_observed,3.0,3.0,left_censored_source
google_earth,NH_PSY_003_cay_001,bright_bare,direct_to_green,3,1,1,,,target_state_not_observed,,,source_state_not_observed,8.0,8.0,left_censored_source,,,target_state_not_observed
google_earth,NH_QF_001_cay_001,bright_bare,direct_to_green,6,2,1,,,target_state_not_observed,,,source_state_not_observed,9.0,9.0,left_censored_source,,,target_state_not_observed
google_earth,NH_QF_001_cay_002,low_green,start_not_bright_bare,5,1,1,,,source_state_not_observed,,,source_state_not_observed,,,source_state_not_observed,,,target_state_not_observed
google_earth,NH_QLY_004_cay_001,low_green,start_not_bright_bare,3,1,1,,,target_state_not_observed,,,source_state_not_observed,2.0,2.0,right_censored_target,,,target_state_not_observed
google_earth,NH_QLY_004_cay_002,low_green,start_not_bright_bare,3,1,1,,,target_state_not_observed,,,source_state_not_observed,2.0,2.0,right_censored_target,,,target_state_not_observed
google_earth,NH_QLY_004_cay_003,moderate_green,start_not_bright_bare,3,1,0,,,source_state_not_observed,,,source_state_not_observed,,,source_state_not_observed,4.0,5.0,right_censored_target
google_earth,NH_QLY_004_cay_004,high_green,start_not_bright_bare,3,0,0,,,source_state_not_observed,,,source_state_not_observed,,,source_state_not_observed,,,source_state_not_observed
google_earth,NH_QLY_004_cay_005,high_green,start_not_bright_bare,3,0,0,,,source_state_not_observed,,,source_state_not_observed,,,source_state_not_observed,,,source_state_not_observed
google_earth,NH_TX_013_cay_001,high_green,start_not_bright_bare,4,1,2,,,source_state_not_observed,,,source_state_not_observed,,,source_state_not_observed,,,target_state_not_observed
google_earth,NH_XM_005_cay_001,moderate_green,start_not_bright_bare,2,0,1,,,source_state_not_observed,,,source_state_not_observed,,,source_state_not_observed,,,target_state_not_observed
google_earth,NH_YSY_017_cay_001,low_green,start_not_bright_bare,2,1,0,,,source_state_not_observed,,,source_state_not_observed,,,source_state_not_observed,,,target_state_not_observed
google_earth,NH_YSZ_011_cay_001,moderate_green,start_not_bright_bare,3,1,1,,,source_state_not_observed,,,source_state_not_observed,,,source_state_not_observed,,,target_state_not_observed
google_earth,NH_YSZ_016_cay_001,low_green,start_not_bright_bare,3,1,1,,,target_state_not_observed,,,source_state_not_observed,3.0,4.0,right_censored_target,,,target_state_not_observed
google_earth,OTHER_004_cay_001,bright_bare,direct_to_green,4,1,0,,,target_state_not_observed,,,source_state_not_observed,20.0,21.0,right_censored_target,,,target_state_not_observed
google_earth,OTHER_005_cay_001,moderate_green,start_not_bright_bare,4,1,1,,,source_state_not_observed,,,source_state_not_observed,,,source_state_not_observed,17.0,18.0,left_censored_source
google_earth,OTHER_006_cay_001,moderate_green,start_not_bright_bare,4,1,0,,,source_state_not_observed,,,source_state_not_observed,,,source_state_not_observed,17.0,18.0,left_censored_source
google_earth,OTHER_007_cay_001,high_green,start_not_bright_bare,4,0,0,,,source_state_not_observed,,,source_state_not_observed,,,source_state_not_observed,,,source_state_not_observed
google_earth,OTHER_008_cay_001,bright_bare,direct_to_green,3,1,0,,,target_state_not_observed,,,source_state_not_observed,16.0,17.0,left_censored_source,,,target_state_not_observed
google_earth,OTHER_008_cay_002,moderate_green,start_not_bright_bare,4,1,0,,,source_state_not_observed,,,source_state_not_observed,,,source_state_not_observed,17.0,18.0,left_censored_source
google_earth,OTHER_009_cay_001,low_green,start_not_bright_bare,2,1,0,,,source_state_not_observed,,,source_state_not_observed,,,source_state_not_observed,,,target_state_not_observed
google_earth,OTHER_009_cay_002,high_green,start_not_bright_bare,2,0,0,,,source_state_not_observed,,,source_state_not_observed,,,source_state_not_observed,,,source_state_not_observed
google_earth,OTHER_009_cay_003,high_green,start_not_bright_bare,2,0,0,,,source_state_not_observed,,,source_state_not_observed,,,source_state_not_observed,,,source_state_not_observed
google_earth,OTHER_010_cay_001,high_green,start_not_bright_bare,2,0,0,,,source_state_not_observed,,,source_state_not_observed,,,source_state_not_observed,,,source_state_not_observed
google_earth,OTHER_010_cay_002,high_green,start_not_bright_bare,2,0,0,,,source_state_not_observed,,,source_state_not_observed,,,source_state_not_observed,,,source_state_not_observed
google_earth,OTHER_014_cay_001,low_green,start_not_bright_bare,2,1,0,,,source_state_not_observed,,,source_state_not_observed,,,source_state_not_observed,,,target_state_not_observed
google_earth,OTHER_014_cay_002,high_green,start_not_bright_bare,2,0,0,,,source_state_not_observed,,,source_state_not_observed,,,source_state_not_observed,,,source_state_not_observed
google_earth,OTHER_017_cay_001,low_green,start_not_bright_bare,2,0,0,,,source_state_not_observed,,,source_state_not_observed,,,source_state_not_observed,,,target_state_not_observed
google_earth,OTHER_018_cay_001,bright_bare,bright_bare_persistent,2,0,0,,,target_state_not_observed,,,source_state_not_observed,,,target_state_not_observed,,,source_state_not_observed
google_earth,OTHER_023_cay_001,low_green,start_not_bright_bare,3,1,1,,,target_state_not_observed,,,source_state_not_observed,5.0,5.0,right_censored_target,,,target_state_not_observed
google_earth,OTHER_024_cay_001,bright_bare,bright_bare_persistent,5,0,0,,,target_state_not_observed,,,source_state_not_observed,,,target_state_not_observed,,,source_state_not_observed
google_earth,OTHER_025_cay_001,moderate_green,start_not_bright_bare,6,1,1,,,source_state_not_observed,,,source_state_not_observed,,,source_state_not_observed,9.0,9.0,left_censored_source
sentinel2,GBR_003_cay_001,high_green,start_not_bright_bare,7,3,3,,,source_state_not_observed,,,source_state_not_observed,,,source_state_not_observed,4.0,5.0,observed_interval_bound
sentinel2,GBR_007_cay_001,low_green,start_not_bright_bare,4,2,1,,,source_state_not_observed,,,source_state_not_observed,,,source_state_not_observed,,,target_state_not_observed
sentinel2,GBR_008_cay_001,low_green,start_not_bright_bare,3,1,1,,,source_state_not_observed,,,source_state_not_observed,,,source_state_not_observed,,,target_state_not_observed
sentinel2,GBR_009_cay_001,low_green,start_not_bright_bare,7,3,3,,,target_state_not_observed,,,source_state_not_observed,1.0,1.0,observed_interval_bound,,,target_state_not_observed
sentinel2,GBR_020_cay_001,moderate_green,start_not_bright_bare,7,3,3,,,target_state_not_observed,,,source_state_not_observed,1.0,1.0,observed_interval_bound,,,target_state_not_observed
sentinel2,GBR_033_cay_001,low_green,start_not_bright_bare,4,1,2,,,target_state_not_observed,,,source_state_not_observed,1.0,1.0,observed_interval_bound,,,target_state_not_observed
sentinel2,GBR_034_cay_001,low_green,start_not_bright_bare,3,1,1,,,source_state_not_observed,,,source_state_not_observed,,,source_state_not_observed,,,target_state_not_observed
sentinel2,GBR_036_cay_001,low_green,start_not_bright_bare,4,2,1,,,target_state_not_observed,,,source_state_not_observed,1.0,2.0,right_censored_target,,,target_state_not_observed
sentinel2,GBR_037_cay_001,low_green,start_not_bright_bare,7,3,3,,,target_state_not_observed,,,source_state_not_observed,1.0,1.0,observed_interval_bound,,,target_state_not_observed
sentinel2,GBR_038_cay_001,low_green,start_not_bright_bare,1,0,0,,,source_state_not_observed,,,source_state_not_observed,,,source_state_not_observed,,,target_state_not_observed
sentinel2,GBR_039_cay_001,bright_bare,direct_to_green,5,2,2,,,target_state_not_observed,,,source_state_not_observed,1.0,3.0,left_censored_source,,,target_state_not_observed
sentinel2,GBR_052_cay_001,bright_bare,bright_bare_persistent,1,0,0,,,target_state_not_observed,,,source_state_not_observed,,,target_state_not_observed,,,source_state_not_observed
sentinel2,GBR_053_cay_001,low_green,start_not_bright_bare,2,0,1,,,target_state_not_observed,,,source_state_not_observed,,,target_state_not_observed,,,target_state_not_observed
sentinel2,GBR_055_cay_001,bright_bare,direct_to_green,5,2,2,,,target_state_not_observed,,,source_state_not_observed,1.0,1.0,left_censored_source,,,target_state_not_observed
sentinel2,GBR_058_cay_001,high_green,start_not_bright_bare,4,1,2,,,source_state_not_observed,,,source_state_not_observed,,,source_state_not_observed,1.0,2.0,observed_interval_bound
sentinel2,GBR_059_cay_001,moderate_green,start_not_bright_bare,7,3,3,,,source_state_not_observed,,,source_state_not_observed,,,source_state_not_observed,3.0,3.0,left_censored_source
sentinel2,GBR_060_cay_001,moderate_green,start_not_bright_bare,8,4,3,,,source_state_not_observed,,,source_state_not_observed,,,source_state_not_observed,5.0,5.0,left_censored_source
sentinel2,GBR_061_cay_001,moderate_green,start_not_bright_bare,2,1,0,,,source_state_not_observed,,,source_state_not_observed,,,source_state_not_observed,1.0,7.0,right_censored_target
sentinel2,GBR_061_cay_002,high_green,start_not_bright_bare,3,1,1,,,source_state_not_observed,,,source_state_not_observed,,,source_state_not_observed,1.0,5.0,right_censored_target
sentinel2,GBR_068_cay_001,low_green,start_not_bright_bare,4,2,1,,,source_state_not_observed,,,source_state_not_observed,,,source_state_not_observed,,,target_state_not_observed
sentinel2,GBR_073_cay_001,low_green,start_not_bright_bare,3,1,1,,,target_state_not_observed,,,source_state_not_observed,1.0,2.0,right_censored_target,,,target_state_not_observed
sentinel2,GBR_085_cay_001,moderate_green,start_not_bright_bare,5,2,2,,,source_state_not_observed,,,source_state_not_observed,,,source_state_not_observed,6.0,7.0,right_censored_target
sentinel2,GBR_095_cay_001,high_green,start_not_bright_bare,7,4,2,,,target_state_not_observed,,,source_state_not_observed,1.0,1.0,observed_interval_bound,2.0,2.0,observed_interval_bound
sentinel2,GBR_098_cay_001,low_green,start_not_bright_bare,5,2,2,,,source_state_not_observed,,,source_state_not_observed,,,source_state_not_observed,,,target_state_not_observed
sentinel2,GBR_101_cay_001,moderate_green,start_not_bright_bare,2,1,0,,,source_state_not_observed,,,source_state_not_observed,,,source_state_not_observed,1.0,5.0,right_censored_target
sentinel2,GBR_102_cay_001,low_green,start_not_bright_bare,6,3,2,,,target_state_not_observed,,,source_state_not_observed,1.0,1.0,observed_interval_bound,,,target_state_not_observed
sentinel2,GBR_104_cay_001,moderate_green,start_not_bright_bare,3,1,1,,,source_state_not_observed,,,source_state_not_observed,,,source_state_not_observed,1.0,5.0,left_censored_source
sentinel2,GBR_108_cay_001,low_green,start_not_bright_bare,1,0,0,,,source_state_not_observed,,,source_state_not_observed,,,source_state_not_observed,,,target_state_not_observed
sentinel2,MEDF_001_cay_001,moderate_green,start_not_bright_bare,4,1,2,,,target_state_not_observed,,,source_state_not_observed,1.0,1.0,right_censored_target,,,target_state_not_observed
sentinel2,MEDF_002_cay_001,moderate_green,start_not_bright_bare,4,1,1,,,source_state_not_observed,,,source_state_not_observed,,,source_state_not_observed,6.0,6.0,left_censored_source
sentinel2,MEDF_004_cay_001,low_green,start_not_bright_bare,2,0,1,,,target_state_not_observed,,,source_state_not_observed,,,target_state_not_observed,,,target_state_not_observed
sentinel2,MEDF_004_cay_002,moderate_green,start_not_bright_bare,2,0,1,,,target_state_not_observed,,,source_state_not_observed,,,target_state_not_observed,,,target_state_not_observed
sentinel2,MEDF_005_cay_001,low_green,start_not_bright_bare,5,2,2,,,source_state_not_observed,,,source_state_not_observed,,,source_state_not_observed,,,target_state_not_observed
sentinel2,MEDF_006_cay_001,moderate_green,start_not_bright_bare,1,0,0,,,source_state_not_observed,,,source_state_not_observed,,,source_state_not_observed,,,target_state_not_observed
sentinel2,MEDF_007_cay_001,bright_bare,direct_to_green,3,1,1,,,target_state_not_observed,,,source_state_not_observed,1.0,5.0,left_censored_source,,,target_state_not_observed
sentinel2,MEDF_008_cay_001,bright_bare,bright_bare_persistent,1,0,0,,,target_state_not_observed,,,source_state_not_observed,,,target_state_not_observed,,,source_state_not_observed
sentinel2,MEDF_010_cay_001,bright_bare,bright_bare_persistent,1,0,0,,,target_state_not_observed,,,source_state_not_observed,,,target_state_not_observed,,,source_state_not_observed
sentinel2,MEDF_011_cay_001,moderate_green,start_not_bright_bare,1,0,0,,,source_state_not_observed,,,source_state_not_observed,,,source_state_not_observed,,,target_state_not_observed
sentinel2,MEDF_014_cay_001,high_green,start_not_bright_bare,4,1,2,,,source_state_not_observed,,,source_state_not_observed,,,source_state_not_observed,1.0,1.0,observed_interval_bound
sentinel2,MEDF_015_cay_001,moderate_green,start_not_bright_bare,1,0,0,,,source_state_not_observed,,,source_state_not_observed,,,source_state_not_observed,,,target_state_not_observed
sentinel2,MEDF_017_cay_001,high_green,start_not_bright_bare,1,0,0,,,source_state_not_observed,,,source_state_not_observed,,,source_state_not_observed,,,source_state_not_observed
sentinel2,MEDF_018_cay_001,bright_bare,direct_to_green,3,1,1,,,target_state_not_observed,,,source_state_not_observed,1.0,1.0,left_censored_source,,,target_state_not_observed
sentinel2,MEDF_019_cay_001,bright_bare,bright_bare_persistent,1,0,0,,,target_state_not_observed,,,source_state_not_observed,,,target_state_not_observed,,,source_state_not_observed
sentinel2,MEDF_022_cay_001,bright_bare,bright_bare_persistent,1,0,0,,,target_state_not_observed,,,source_state_not_observed,,,target_state_not_observed,,,source_state_not_observed
sentinel2,MEDF_026_cay_001,bright_bare,bright_bare_persistent,1,0,0,,,target_state_not_observed,,,source_state_not_observed,,,target_state_not_observed,,,source_state_not_observed
sentinel2,MEDF_026_cay_002,bright_bare,direct_to_green,2,1,0,,,target_state_not_observed,,,source_state_not_observed,3.0,5.0,right_censored_target,,,target_state_not_observed
sentinel2,MEDF_027_cay_001,high_green,start_not_bright_bare,2,0,1,,,source_state_not_observed,,,source_state_not_observed,,,source_state_not_observed,,,target_state_not_observed
sentinel2,MEDF_028_cay_001,moderate_green,start_not_bright_bare,3,1,1,,,source_state_not_observed,,,source_state_not_observed,,,source_state_not_observed,1.0,1.0,left_censored_source
sentinel2,MEDF_032_cay_001,moderate_green,start_not_bright_bare,2,0,1,,,target_state_not_observed,,,source_state_not_observed,,,target_state_not_observed,,,target_state_not_observed
sentinel2,MEDF_033_cay_001,bright_bare,direct_to_green,6,2,2,,,target_state_not_observed,,,source_state_not_observed,5.0,5.0,left_censored_source,,,target_state_not_observed
sentinel2,MEDF_040_cay_001,low_green,start_not_bright_bare,4,1,2,,,target_state_not_observed,,,source_state_not_observed,1.0,1.0,observed_interval_bound,,,target_state_not_observed
sentinel2,MEDF_044_cay_001,bright_bare,bright_bare_persistent,1,0,0,,,target_state_not_observed,,,source_state_not_observed,,,target_state_not_observed,,,source_state_not_observed
sentinel2,MEDF_050_cay_001,bright_bare,bright_bare_persistent,2,0,0,,,target_state_not_observed,,,source_state_not_observed,,,target_state_not_observed,,,source_state_not_observed
sentinel2,MEDF_053_cay_001,low_green,start_not_bright_bare,2,0,1,,,target_state_not_observed,,,source_state_not_observed,,,target_state_not_observed,,,target_state_not_observed
sentinel2,NH_015_cay_001,bright_bare,direct_to_green,3,1,1,,,target_state_not_observed,,,source_state_not_observed,3.0,4.0,left_censored_source,,,target_state_not_observed
sentinel2,NH_QF_001_cay_001,bright_bare,direct_to_green,5,2,2,,,target_state_not_observed,,,source_state_not_observed,1.0,1.0,left_censored_source,,,target_state_not_observed
sentinel2,NH_QF_001_cay_002,bright_bare,direct_to_green,5,2,2,,,target_state_not_observed,,,source_state_not_observed,1.0,1.0,left_censored_source,,,target_state_not_observed
sentinel2,OTHER_004_cay_001,bright_bare,direct_to_green,3,1,1,,,target_state_not_observed,,,source_state_not_observed,1.0,7.0,left_censored_source,,,target_state_not_observed
sentinel2,OTHER_005_cay_001,moderate_green,start_not_bright_bare,1,0,0,,,source_state_not_observed,,,source_state_not_observed,,,source_state_not_observed,,,target_state_not_observed
sentinel2,OTHER_006_cay_001,moderate_green,start_not_bright_bare,2,1,0,,,source_state_not_observed,,,source_state_not_observed,,,source_state_not_observed,1.0,6.0,right_censored_target
sentinel2,OTHER_007_cay_001,high_green,start_not_bright_bare,1,0,0,,,source_state_not_observed,,,source_state_not_observed,,,source_state_not_observed,,,source_state_not_observed
sentinel2,OTHER_008_cay_001,low_green,start_not_bright_bare,1,0,0,,,source_state_not_observed,,,source_state_not_observed,,,source_state_not_observed,,,target_state_not_observed
sentinel2,OTHER_008_cay_002,moderate_green,start_not_bright_bare,7,3,3,,,target_state_not_observed,,,source_state_not_observed,1.0,1.0,observed_interval_bound,1.0,1.0,left_censored_source
sentinel2,OTHER_017_cay_001,moderate_green,start_not_bright_bare,2,0,1,,,source_state_not_observed,,,source_state_not_observed,,,source_state_not_observed,,,target_state_not_observed
sentinel2,OTHER_024_cay_001,low_green,start_not_bright_bare,2,0,1,,,target_state_not_observed,,,source_state_not_observed,,,target_state_not_observed,,,target_state_not_observed
sentinel2,OTHER_025_cay_001,low_green,start_not_bright_bare,2,1,0,,,source_state_not_observed,,,source_state_not_observed,,,source_state_not_observed,,,target_state_not_observed
