reef_id,sand_cay_id,sensor,reference_frame_id,region,net_area_type,two_axis_type,strict_morphological_stability,multimetric_class,n_intervals,median_vegetation_fraction,median_gross_mobility,median_wave_hs_p90_m,median_current_speed_m_s,median_wind_speed_p90_m_s,strong_typhoon_interval_fraction,median_start_area_m2
GBR_008,GBR_008_cay_001,sentinel2,GBR_008__s2frame_w143.194687_s-10.645317_e143.234981_n-10.625482,GBR,Major net change (>=50%),Major transformation,False,Complex,18,0.0968126452005124,1.7515240929129776,0.8233125,0.3029144176027112,10.723199948119534,0.0,68100.0
GBR_009,GBR_009_cay_001,sentinel2,GBR_009__s2frame_w143.105363_s-10.259829_e143.118092_n-10.253478,GBR,Net-area stable (<25%),Net-stable but reworking,False,Persistent reworking,20,0.0284300358531535,1.7983201456279976,0.8643125,0.2257299440380153,10.239577569906874,0.0,23050.0
GBR_020,GBR_020_cay_001,sentinel2,GBR_020__s2frame_w143.175133_s-11.729606_e143.203839_n-11.695801,GBR,Net-area stable (<25%),Net-stable but reworking,False,Persistent reworking,19,0.0651769087523277,0.5719681208053692,1.092375,0.1652146908647515,10.833322346789643,0.0526315789473684,106300.0
GBR_033,GBR_033_cay_001,sentinel2,GBR_033__s2frame_w143.951201_s-13.374566_e143.970006_n-13.361995,GBR,Net-area stable (<25%),Net-stable but reworking,False,Persistent reworking,21,0.1153846153846153,0.466508074080832,2.23075,0.1698924500613241,11.982704726905608,0.0,64800.0
GBR_034,GBR_034_cay_001,sentinel2,GBR_034__s2frame_w143.967362_s-13.446298_e143.984973_n-13.434812,GBR,Net-area stable (<25%),Net-stable but reworking,False,Persistent reworking,21,0.0575815738963531,0.8724676263515213,2.23075,0.291838595740775,11.785218568194823,0.0476190476190476,49200.0
GBR_036,GBR_036_cay_001,sentinel2,GBR_036__s2frame_w143.830501_s-13.931918_e143.847229_n-13.901650,GBR,Net-area stable (<25%),Net-stable but reworking,False,Persistent reworking,16,0.1291932886049215,0.5793423233087789,0.9639375,0.1657700139339111,8.168790212393105,0.0625,81750.0
GBR_037,GBR_037_cay_001,sentinel2,GBR_037__s2frame_w144.498897_s-13.992049_e144.539268_n-13.969822,GBR,Net-area stable (<25%),Net-stable but reworking,False,Persistent reworking,13,0.0371009490940465,0.860172554347826,2.019375,0.2858941373715702,11.0963884508722,0.0,97300.0
GBR_038,GBR_038_cay_001,sentinel2,GBR_038__s2frame_w144.844101_s-14.335245_e144.865120_n-14.310763,GBR,Net-area stable (<25%),Net-stable but reworking,False,Persistent reworking,22,0.0621609114491676,0.9877659643600047,0.89825,0.326678159018264,11.222083769405373,0.0,80300.0
GBR_039,GBR_039_cay_001,sentinel2,GBR_039__s2frame_w144.875835_s-14.209325_e144.900372_n-14.189774,GBR,Moderate net change (25-<50%),Moderate transformation,False,Complex,23,0.0159313725490196,0.9145352112676056,1.973,0.3060115779112533,12.357218498088011,0.0869565217391304,61300.0
GBR_052,GBR_052_cay_001,sentinel2,GBR_052__s2frame_w152.362046_s-21.647462_e152.375800_n-21.639653,GBR,Net-area stable (<25%),Net-stable but reworking,False,Persistent reworking,16,0.0188254075895001,0.6527694498305328,1.058125,0.1914249391002095,10.309631047301462,0.0625,27150.0
GBR_053,GBR_053_cay_001,sentinel2,GBR_053__s2frame_w152.377053_s-21.637693_e152.397022_n-21.630491,GBR,Net-area stable (<25%),Net-stable but reworking,False,Persistent reworking,18,0.0418745011971268,0.8291811882251827,1.092,0.1910333310505041,10.41812603336351,0.0555555555555555,36450.0
GBR_055,GBR_055_cay_001,sentinel2,GBR_055__s2frame_w152.443424_s-21.790265_e152.465048_n-21.776997,GBR,Net-area stable (<25%),Net-stable but reworking,False,Persistent reworking,20,0.0258760183015288,0.507815561258857,1.01925,0.1924414987823663,10.238842281569893,0.05,64300.0
GBR_058,GBR_058_cay_001,sentinel2,GBR_058__s2frame_w151.772665_s-23.252846_e151.790195_n-23.238778,GBR,Net-area stable (<25%),Morphologically stable,True,Persistent reworking,18,0.4673953939521575,0.243378352242812,1.5356875000000003,0.1284427970520381,10.472949619350096,0.0,156800.0
GBR_059,GBR_059_cay_001,sentinel2,GBR_059__s2frame_w151.716451_s-23.550821_e151.768015_n-23.527015,GBR,Net-area stable (<25%),Morphologically stable,True,Persistent reworking,16,0.4813893856099801,0.1453103077650497,1.466875,0.1918708221671879,10.205573492295976,0.0,506500.0
GBR_060,GBR_060_cay_001,sentinel2,GBR_060__s2frame_w152.379468_s-23.918571_e152.431527_n-23.885000,GBR,Net-area stable (<25%),Net-stable but reworking,False,Persistent reworking,18,0.2732079058281901,0.2024965630364891,2.0211875,0.1157707634622219,10.05472379114569,0.0,218200.0
GBR_061,GBR_061_cay_001,sentinel2,GBR_061__s2frame_w152.280114_s-23.814134_e152.304587_n-23.796481,GBR,Net-area stable (<25%),Morphologically stable,True,Persistent reworking,17,0.4309859154929577,0.21740625,1.7377500000000003,0.131446053499583,10.412488687225876,0.0,105600.0
GBR_061,GBR_061_cay_002,sentinel2,GBR_061__s2frame_w152.280114_s-23.814134_e152.304587_n-23.796481,GBR,Major net change (>=50%),Major transformation,False,Complex,14,0.3859717950693914,0.8820933881792005,1.6713750000000005,0.1307015582459093,10.092031314180828,0.0,34650.0
GBR_068,GBR_068_cay_001,sentinel2,GBR_068__s2frame_w150.265349_s-16.545567_e150.305599_n-16.510159,GBR,Net-area stable (<25%),Net-stable but reworking,False,Persistent reworking,12,0.1372986852723498,0.5762012058353754,2.511875,0.1753693023391512,10.564745176831444,0.0,199800.0
GBR_073,GBR_073_cay_001,sentinel2,GBR_073__s2frame_w151.838971_s-17.420620_e151.860391_n-17.407771,GBR,Net-area stable (<25%),Net-stable but reworking,False,Persistent reworking,19,0.0352422907488986,0.4603056164383561,2.5705000000000005,0.1694160179933072,10.57058439463654,0.2105263157894736,48100.0
GBR_095,GBR_095_cay_001,sentinel2,GBR_095__s2frame_w150.327781_s-16.615031_e150.343544_n-16.594665,GBR,Net-area stable (<25%),Morphologically stable,True,Persistent reworking,12,0.5255364950323757,0.1134303398215499,2.518812500000001,0.1878062224367641,10.553391286160537,0.0,376300.0
GBR_098,GBR_098_cay_001,sentinel2,GBR_098__s2frame_w149.956310_s-16.315522_e149.972766_n-16.278337,GBR,Net-area stable (<25%),Net-stable but reworking,False,Persistent reworking,22,0.0928709677419354,0.4774592173404611,2.49575,0.1781591509146914,10.357281132790462,0.0,97700.0
GBR_101,GBR_101_cay_001,sentinel2,GBR_101__s2frame_w149.178258_s-16.955359_e149.212373_n-16.920613,GBR,Net-area stable (<25%),Morphologically stable,True,Persistent reworking,20,0.5036252193816607,0.2471263834424913,2.5035625,0.1586361577037071,10.586218222071563,0.05,530950.0
GBR_102,GBR_102_cay_001,sentinel2,GBR_102__s2frame_w149.119644_s-17.026707_e149.168282_n-16.968308,GBR,Net-area stable (<25%),Net-stable but reworking,False,Persistent reworking,20,0.0390066634085772,0.2887519995525546,2.5078750000000003,0.1523786461744619,10.659818669046526,0.05,232100.0
GBR_104,GBR_104_cay_001,sentinel2,GBR_104__s2frame_w144.870165_s-14.438563_e144.904634_n-14.412680,GBR,Net-area stable (<25%),Morphologically stable,True,Persistent reworking,23,0.3467297084318361,0.2192907801418439,0.8965,0.3756439279814189,11.14795757605738,0.0,126000.0
GBR_108,GBR_108_cay_001,sentinel2,GBR_108__s2frame_w144.013356_s-11.444855_e144.064459_n-11.402310,GBR,Net-area stable (<25%),Net-stable but reworking,False,Persistent reworking,22,0.0739335869628748,0.9314922745610548,2.1618750000000007,0.1682480105430986,11.014662843073802,0.0,159800.0
MEDF_002,MEDF_002_cay_001,sentinel2,MEDF_002__s2frame_w72.885163_s6.365366_e72.929443_n6.411732,MEDF,Net-area stable (<25%),Net-stable but reworking,False,Persistent reworking,9,0.3469026548672566,1.426457532051282,1.4458750000000002,0.2487442783816984,7.244712720269685,0.0,55200.0
MEDF_004,MEDF_004_cay_001,sentinel2,MEDF_004__s2frame_w73.093826_s5.972070_e73.117139_n6.002849,MEDF,Major net change (>=50%),Major transformation,False,Net growth,2,0.0505103523177708,1.5752443620514107,1.293125,0.2994341861824528,7.381954285775562,0.0,88950.0
MEDF_005,MEDF_005_cay_001,sentinel2,MEDF_005__s2frame_w73.150891_s5.914388_e73.163292_n5.921777,MEDF,Net-area stable (<25%),Net-stable but reworking,False,Persistent reworking,20,0.1347317466720451,1.4743162131639194,1.32475,0.3626757106860562,7.281161306360349,0.0,34000.0
MEDF_006,MEDF_006_cay_001,sentinel2,MEDF_006__s2frame_w73.196873_s5.859425_e73.212508_n5.869042,MEDF,Net-area stable (<25%),Net-stable but reworking,False,Persistent reworking,17,0.2644017725258493,1.442877492260062,1.24175,0.4153351837081389,7.406596629157654,0.0,64700.0
MEDF_007,MEDF_007_cay_001,sentinel2,MEDF_007__s2frame_w72.815287_s5.587752_e72.836456_n5.602445,MEDF,Moderate net change (25-<50%),Moderate transformation,False,Complex,18,0.0047540804031109,1.7035326614689597,1.432125,0.1579321101614929,7.177670873282725,0.0,18200.0
MEDF_008,MEDF_008_cay_001,sentinel2,MEDF_008__s2frame_w72.853663_s5.584525_e72.862829_n5.593249,MEDF,Net-area stable (<25%),Net-stable but reworking,False,Persistent reworking,18,0.0113560870287327,0.7681468767685342,1.58675,0.15180937374761,7.426924745139434,0.0,22900.0
MEDF_010,MEDF_010_cay_001,sentinel2,MEDF_010__s2frame_w72.910556_s5.599843_e72.915839_n5.604707,MEDF,Net-area stable (<25%),Net-stable but reworking,False,Persistent reworking,20,0.0,3.1023548158322893,1.1318750000000004,0.1782208350930346,7.415595702900491,0.0,8450.0
MEDF_011,MEDF_011_cay_001,sentinel2,MEDF_011__s2frame_w72.924238_s5.561088_e72.933735_n5.566497,MEDF,Net-area stable (<25%),Net-stable but reworking,False,Persistent reworking,19,0.3014084507042253,0.7831286480047647,1.1435000000000004,0.1828900638717165,7.392979788678616,0.0,33000.0
MEDF_014,MEDF_014_cay_001,sentinel2,MEDF_014__s2frame_w72.943388_s5.554565_e72.948995_n5.557399,MEDF,Net-area stable (<25%),Net-stable but reworking,False,Persistent reworking,20,0.3508440913604767,1.166173777610334,1.1318750000000004,0.176145613964489,7.326516768156162,0.0,21600.0
MEDF_015,MEDF_015_cay_001,sentinel2,MEDF_015__s2frame_w72.941386_s5.535943_e72.946042_n5.538869,MEDF,Moderate net change (25-<50%),Moderate transformation,False,Net contraction,20,0.295345249977316,1.4680191265980191,1.1318750000000004,0.269984663036828,7.326516768156162,0.0,11200.0
MEDF_017,MEDF_017_cay_001,sentinel2,MEDF_017__s2frame_w72.991228_s5.491815_e73.004682_n5.497654,MEDF,Net-area stable (<25%),Net-stable but reworking,False,Persistent reworking,19,0.5487106017191977,0.7609218750000001,1.2365000000000004,0.3417480035874728,7.392979788678616,0.0,68800.0
MEDF_019,MEDF_019_cay_001,sentinel2,MEDF_019__s2frame_w72.935162_s5.366845_e72.956813_n5.380359,MEDF,Net-area stable (<25%),Net-stable but reworking,False,Persistent reworking,19,0.0137142857142857,1.1312432773109244,1.2365000000000004,0.1803945837148215,7.529682880627145,0.0,84600.0
MEDF_022,MEDF_022_cay_001,sentinel2,MEDF_022__s2frame_w72.935240_s5.169249_e72.947272_n5.176617,MEDF,Net-area stable (<25%),Net-stable but reworking,False,Persistent reworking,19,0.0,1.69770125,1.22575,0.1803632006512757,7.567405861779894,0.0,25100.0
MEDF_026,MEDF_026_cay_001,sentinel2,MEDF_026__s2frame_w73.129679_s5.225928_e73.163570_n5.240336,MEDF,Moderate net change (25-<50%),Moderate transformation,False,Complex,14,0.0073350163530523,1.236038919954443,1.091125,0.2587744266142034,7.474152991439772,0.0,71350.0
MEDF_026,MEDF_026_cay_002,sentinel2,MEDF_026__s2frame_w73.129679_s5.225928_e73.163570_n5.240336,MEDF,Net-area stable (<25%),Net-stable but reworking,False,Complex,5,0.0199203187250996,1.266612901645768,1.003,0.2627077759275041,7.62979771138418,0.0,50200.0
MEDF_027,MEDF_027_cay_001,sentinel2,MEDF_027__s2frame_w73.166479_s5.231743_e73.170571_n5.237482,MEDF,Moderate net change (25-<50%),Moderate transformation,False,Net contraction,18,0.485724624837528,1.3098563126461744,1.1154375,0.251369462883575,7.573324391010708,0.0,22700.0
MEDF_028,MEDF_028_cay_001,sentinel2,MEDF_028__s2frame_w72.870724_s5.072468_e72.882575_n5.080100,MEDF,Net-area stable (<25%),Net-stable but reworking,False,Persistent reworking,19,0.4235294117647059,0.7907908378806549,1.844375,0.1978923237810819,7.59026059553358,0.0,51600.0
MEDF_032,MEDF_032_cay_001,sentinel2,MEDF_032__s2frame_w73.413165_s5.495371_e73.430570_n5.510266,MEDF,Net-area stable (<25%),Net-stable but reworking,False,Persistent reworking,12,0.0,1.2658521746995737,1.152625,0.2839962750441581,7.418735544674984,0.0,22100.0
MEDF_040,MEDF_040_cay_001,sentinel2,MEDF_040__s2frame_w72.896281_s3.598538_e72.903159_n3.604493,MEDF,Net-area stable (<25%),Net-stable but reworking,False,Persistent reworking,18,0.0474336948351765,1.2394749975041184,1.4071250000000006,0.2445196107647244,7.116884480500741,0.0,13350.0
MEDF_050,MEDF_050_cay_001,sentinel2,MEDF_050__s2frame_w73.485338_s3.549621_e73.508159_n3.556353,MEDF,Net-area stable (<25%),Net-stable but reworking,False,Persistent reworking,10,0.0029905335628226,1.224234637856734,1.1829999999999998,0.2656721492376088,7.491596306193733,0.0,52550.0
MEDF_053,MEDF_053_cay_001,sentinel2,MEDF_053__s2frame_w72.980380_s2.313185_e72.985146_n2.316168,MEDF,Net-area stable (<25%),Net-stable but reworking,False,Persistent reworking,15,0.0166666666666666,2.328504098360656,1.306875,0.1701436797605409,7.15047703855169,0.0,6800.0
OTHER_004,OTHER_004_cay_001,sentinel2,OTHER_004__s2frame_w165.244839_s11.671312_e165.260501_n11.695443,OTHER,Net-area stable (<25%),Net-stable but reworking,False,Persistent reworking,22,0.010473706794014,1.0717191570182727,2.2275,0.1280264943393283,9.570660149566375,0.0,61600.0
OTHER_005,OTHER_005_cay_001,sentinel2,OTHER_005__s2frame_w165.216334_s11.573557_e165.223212_n11.585293,OTHER,Net-area stable (<25%),Net-stable but reworking,False,Persistent reworking,19,0.3292682926829268,0.4008759146341464,2.235125,0.3618414960511262,9.64985199095078,0.0,44200.0
OTHER_006,OTHER_006_cay_001,sentinel2,OTHER_006__s2frame_w165.222268_s11.563763_e165.231191_n11.577866,OTHER,Net-area stable (<25%),Net-stable but reworking,False,Persistent reworking,17,0.4090909090909091,0.6527089352818372,2.235125,0.3548199695159182,9.476014428785891,0.0,48800.0
OTHER_008,OTHER_008_cay_001,sentinel2,OTHER_008__s2frame_w165.241721_s11.543741_e165.258432_n11.561354,OTHER,Net-area stable (<25%),Net-stable but reworking,False,Persistent reworking,16,0.0505256711238134,0.9892193614915032,2.1631875000000003,0.42313254140625,9.388587846621782,0.0,10000.0
OTHER_008,OTHER_008_cay_002,sentinel2,OTHER_008__s2frame_w165.241721_s11.543741_e165.258432_n11.561354,OTHER,Moderate net change (25-<50%),Moderate transformation,False,Net growth,8,0.093310305488655,0.5726859613858641,2.231875,0.4693148088666317,9.93326969470718,0.0,25800.0
OTHER_024,OTHER_024_cay_001,sentinel2,OTHER_024__s2frame_w72.078356_s11.190752_e72.101006_n11.216810,OTHER,Moderate net change (25-<50%),Moderate transformation,False,Complex,7,0.0321543408360128,2.058460548885077,1.7008749999999997,0.1307750975882098,6.544573741276229,0.0,153200.0
