sensor,sand_cay_id,surface_state,state_order,start_year,end_year,observed_span_years,left_censored,right_censored,completed_run,is_last_run
google_earth,GBR_003_cay_001,spectral_transition,1,1997,1997,1.0,True,False,False,False
google_earth,GBR_003_cay_001,spectral_transition,1,2010,2010,1.0,False,False,True,False
google_earth,GBR_003_cay_001,low_green,2,2015,2015,1.0,False,False,True,False
google_earth,GBR_003_cay_001,low_green,2,2017,2018,2.0,False,False,True,False
google_earth,GBR_003_cay_001,spectral_transition,1,2019,2019,1.0,False,False,True,False
google_earth,GBR_003_cay_001,low_green,2,2020,2020,1.0,False,True,False,True
google_earth,GBR_007_cay_001,spectral_transition,1,2002,2003,2.0,True,False,False,False
google_earth,GBR_007_cay_001,spectral_transition,1,2006,2007,2.0,False,False,True,False
google_earth,GBR_007_cay_001,spectral_transition,1,2011,2011,1.0,False,False,True,False
google_earth,GBR_007_cay_001,spectral_transition,1,2014,2020,7.0,False,True,False,True
google_earth,GBR_008_cay_001,bright_bare,0,2000,2000,1.0,True,False,False,False
google_earth,GBR_008_cay_001,bright_bare,0,2018,2020,3.0,False,True,False,True
google_earth,GBR_029_cay_001,spectral_transition,1,2003,2003,1.0,True,False,False,False
google_earth,GBR_029_cay_001,high_green,4,2006,2006,1.0,False,False,True,False
google_earth,GBR_029_cay_001,bright_bare,0,2012,2012,1.0,False,True,False,True
google_earth,GBR_030_cay_001,bright_bare,0,2003,2003,1.0,True,False,False,False
google_earth,GBR_030_cay_001,low_green,2,2006,2006,1.0,False,False,True,False
google_earth,GBR_030_cay_001,moderate_green,3,2013,2013,1.0,False,True,False,True
google_earth,GBR_036_cay_001,bright_bare,0,2003,2003,1.0,True,False,False,False
google_earth,GBR_036_cay_001,bright_bare,0,2005,2005,1.0,False,False,True,False
google_earth,GBR_036_cay_001,moderate_green,3,2024,2024,1.0,False,True,False,True
google_earth,GBR_037_cay_001,bright_bare,0,1995,1995,1.0,True,False,False,False
google_earth,GBR_037_cay_001,bright_bare,0,2002,2002,1.0,False,False,True,False
google_earth,GBR_037_cay_001,bright_bare,0,2004,2004,1.0,False,False,True,False
google_earth,GBR_037_cay_001,bright_bare,0,2013,2020,8.0,False,False,True,False
google_earth,GBR_037_cay_001,bright_bare,0,2024,2024,1.0,False,True,False,True
google_earth,GBR_038_cay_001,spectral_transition,1,2019,2019,1.0,True,False,False,False
google_earth,GBR_038_cay_001,moderate_green,3,2024,2024,1.0,False,True,False,True
google_earth,GBR_039_cay_001,bright_bare,0,2012,2012,1.0,True,False,False,False
google_earth,GBR_039_cay_001,bright_bare,0,2022,2022,1.0,False,False,True,False
google_earth,GBR_039_cay_001,moderate_green,3,2024,2024,1.0,False,True,False,True
google_earth,GBR_052_cay_001,bright_bare,0,1985,1985,1.0,True,False,False,False
google_earth,GBR_052_cay_001,low_green,2,2003,2003,1.0,False,False,True,False
google_earth,GBR_052_cay_001,bright_bare,0,2025,2025,1.0,False,True,False,True
google_earth,GBR_053_cay_001,low_green,2,2003,2003,1.0,True,False,False,False
google_earth,GBR_053_cay_001,low_green,2,2025,2025,1.0,False,True,False,True
google_earth,GBR_058_cay_001,bright_bare,0,2008,2008,1.0,True,False,False,False
google_earth,GBR_058_cay_001,high_green,4,2020,2020,1.0,False,False,True,False
google_earth,GBR_058_cay_001,high_green,4,2024,2024,1.0,False,False,True,False
google_earth,GBR_058_cay_001,moderate_green,3,2025,2025,1.0,False,True,False,True
google_earth,GBR_059_cay_001,moderate_green,3,2010,2010,1.0,True,False,False,False
google_earth,GBR_059_cay_001,high_green,4,2025,2025,1.0,False,True,False,True
google_earth,GBR_060_cay_001,low_green,2,2014,2014,1.0,True,False,False,False
google_earth,GBR_060_cay_001,moderate_green,3,2019,2019,1.0,False,False,True,False
google_earth,GBR_060_cay_001,high_green,4,2025,2025,1.0,False,True,False,True
google_earth,GBR_068_cay_001,bright_bare,0,2019,2019,1.0,True,False,False,False
google_earth,GBR_068_cay_001,moderate_green,3,2025,2025,1.0,False,True,False,True
google_earth,GBR_085_cay_001,low_green,2,2009,2009,1.0,True,False,False,False
google_earth,GBR_085_cay_001,bright_bare,0,2019,2019,1.0,False,False,True,False
google_earth,GBR_085_cay_001,high_green,4,2025,2026,2.0,False,True,False,True
google_earth,GBR_086_cay_001,moderate_green,3,2009,2009,1.0,True,False,False,False
google_earth,GBR_086_cay_001,moderate_green,3,2025,2025,1.0,False,True,False,True
google_earth,GBR_095_cay_001,moderate_green,3,2009,2009,1.0,True,False,False,False
google_earth,GBR_095_cay_001,bright_bare,0,2019,2019,1.0,False,False,True,False
google_earth,GBR_095_cay_001,high_green,4,2025,2025,1.0,False,True,False,True
google_earth,GBR_101_cay_001,high_green,4,2006,2006,1.0,True,False,False,False
google_earth,GBR_101_cay_001,spectral_transition,1,2011,2011,1.0,False,False,True,False
google_earth,GBR_101_cay_001,high_green,4,2025,2025,1.0,False,True,False,True
google_earth,GBR_102_cay_001,spectral_transition,1,2011,2011,1.0,True,False,False,False
google_earth,GBR_102_cay_001,high_green,4,2025,2025,1.0,False,True,False,True
google_earth,GBR_104_cay_001,low_green,2,2012,2012,1.0,True,False,False,False
google_earth,GBR_104_cay_001,high_green,4,2024,2024,1.0,False,True,False,True
google_earth,MEDF_001_cay_001,bright_bare,0,2001,2001,1.0,True,False,False,False
google_earth,MEDF_001_cay_001,bright_bare,0,2006,2006,1.0,False,False,True,False
google_earth,MEDF_001_cay_001,bright_bare,0,2010,2010,1.0,False,False,True,False
google_earth,MEDF_001_cay_001,bright_bare,0,2014,2014,1.0,False,False,True,False
google_earth,MEDF_001_cay_001,low_green,2,2016,2016,1.0,False,False,True,False
google_earth,MEDF_001_cay_001,bright_bare,0,2019,2019,1.0,False,False,True,False
google_earth,MEDF_001_cay_001,bright_bare,0,2023,2023,1.0,False,True,False,True
google_earth,MEDF_002_cay_001,spectral_transition,1,2001,2001,1.0,True,False,False,False
google_earth,MEDF_002_cay_001,low_green,2,2002,2002,1.0,False,False,True,False
google_earth,MEDF_002_cay_001,moderate_green,3,2005,2005,1.0,False,False,True,False
google_earth,MEDF_002_cay_001,moderate_green,3,2014,2014,1.0,False,False,True,False
google_earth,MEDF_002_cay_001,high_green,4,2016,2016,1.0,False,False,True,False
google_earth,MEDF_002_cay_001,low_green,2,2019,2019,1.0,False,False,True,False
google_earth,MEDF_002_cay_001,high_green,4,2023,2023,1.0,False,True,False,True
google_earth,MEDF_004_cay_001,moderate_green,3,2011,2011,1.0,True,False,False,False
google_earth,MEDF_004_cay_001,bright_bare,0,2023,2023,1.0,False,True,False,True
google_earth,MEDF_005_cay_001,moderate_green,3,2005,2006,2.0,True,False,False,False
google_earth,MEDF_005_cay_001,high_green,4,2010,2010,1.0,False,False,True,False
google_earth,MEDF_005_cay_001,moderate_green,3,2011,2011,1.0,False,False,True,False
google_earth,MEDF_005_cay_001,moderate_green,3,2014,2014,1.0,False,False,True,False
google_earth,MEDF_005_cay_001,moderate_green,3,2016,2016,1.0,False,True,False,True
google_earth,MEDF_006_cay_001,moderate_green,3,2010,2010,1.0,True,False,False,False
google_earth,MEDF_006_cay_001,high_green,4,2011,2011,1.0,False,False,True,False
google_earth,MEDF_006_cay_001,moderate_green,3,2014,2014,1.0,False,False,True,False
google_earth,MEDF_006_cay_001,moderate_green,3,2016,2016,1.0,False,False,True,False
google_earth,MEDF_006_cay_001,moderate_green,3,2025,2025,1.0,False,True,False,True
google_earth,MEDF_007_cay_001,bright_bare,0,2006,2006,1.0,True,False,False,False
google_earth,MEDF_007_cay_001,low_green,2,2014,2014,1.0,False,False,True,False
google_earth,MEDF_007_cay_001,bright_bare,0,2022,2023,2.0,False,False,True,False
google_earth,MEDF_007_cay_001,bright_bare,0,2025,2025,1.0,False,True,False,True
google_earth,MEDF_008_cay_001,low_green,2,2006,2006,1.0,True,False,False,False
google_earth,MEDF_008_cay_001,moderate_green,3,2011,2011,1.0,False,False,True,False
google_earth,MEDF_008_cay_001,low_green,2,2014,2014,1.0,False,False,True,False
google_earth,MEDF_008_cay_001,low_green,2,2016,2016,1.0,False,False,True,False
google_earth,MEDF_008_cay_001,low_green,2,2022,2022,1.0,False,False,True,False
google_earth,MEDF_008_cay_001,moderate_green,3,2023,2023,1.0,False,True,False,True
google_earth,MEDF_009_cay_001,bright_bare,0,2006,2006,1.0,True,False,False,False
google_earth,MEDF_009_cay_001,bright_bare,0,2013,2013,1.0,False,False,True,False
google_earth,MEDF_009_cay_001,bright_bare,0,2016,2016,1.0,False,False,True,False
google_earth,MEDF_009_cay_001,bright_bare,0,2022,2023,2.0,False,True,False,True
google_earth,MEDF_010_cay_001,low_green,2,2011,2011,1.0,True,False,False,False
google_earth,MEDF_010_cay_001,bright_bare,0,2014,2014,1.0,False,False,True,False
google_earth,MEDF_010_cay_001,bright_bare,0,2016,2016,1.0,False,False,True,False
google_earth,MEDF_010_cay_001,bright_bare,0,2023,2023,1.0,False,True,False,True
google_earth,MEDF_011_cay_001,moderate_green,3,2010,2011,2.0,True,False,False,False
google_earth,MEDF_011_cay_001,low_green,2,2014,2014,1.0,False,False,True,False
google_earth,MEDF_011_cay_001,low_green,2,2016,2016,1.0,False,False,True,False
google_earth,MEDF_011_cay_001,moderate_green,3,2023,2023,1.0,False,True,False,True
google_earth,MEDF_012_cay_001,bright_bare,0,2010,2010,1.0,True,False,False,False
google_earth,MEDF_012_cay_001,low_green,2,2011,2011,1.0,False,False,True,False
google_earth,MEDF_012_cay_001,bright_bare,0,2014,2014,1.0,False,False,True,False
google_earth,MEDF_012_cay_001,bright_bare,0,2016,2016,1.0,False,False,True,False
google_earth,MEDF_012_cay_001,bright_bare,0,2023,2023,1.0,False,True,False,True
google_earth,MEDF_013_cay_001,bright_bare,0,2014,2014,1.0,True,False,False,False
google_earth,MEDF_013_cay_001,bright_bare,0,2016,2016,1.0,False,False,True,False
google_earth,MEDF_013_cay_001,bright_bare,0,2019,2019,1.0,False,False,True,False
google_earth,MEDF_013_cay_001,bright_bare,0,2023,2023,1.0,False,True,False,True
google_earth,MEDF_014_cay_001,moderate_green,3,2010,2011,2.0,True,False,False,False
google_earth,MEDF_014_cay_001,moderate_green,3,2014,2014,1.0,False,False,True,False
google_earth,MEDF_014_cay_001,moderate_green,3,2016,2016,1.0,False,False,True,False
google_earth,MEDF_014_cay_001,low_green,2,2018,2018,1.0,False,False,True,False
google_earth,MEDF_014_cay_001,moderate_green,3,2023,2023,1.0,False,True,False,True
google_earth,MEDF_015_cay_001,moderate_green,3,2010,2011,2.0,True,False,False,False
google_earth,MEDF_015_cay_001,low_green,2,2014,2014,1.0,False,False,True,False
google_earth,MEDF_015_cay_001,low_green,2,2016,2016,1.0,False,False,True,False
google_earth,MEDF_015_cay_001,moderate_green,3,2019,2019,1.0,False,False,True,False
google_earth,MEDF_015_cay_001,moderate_green,3,2023,2023,1.0,False,True,False,True
google_earth,MEDF_017_cay_001,moderate_green,3,2006,2006,1.0,True,False,False,False
google_earth,MEDF_017_cay_001,high_green,4,2010,2011,2.0,False,False,True,False
google_earth,MEDF_017_cay_001,moderate_green,3,2014,2014,1.0,False,False,True,False
google_earth,MEDF_017_cay_001,moderate_green,3,2016,2016,1.0,False,False,True,False
google_earth,MEDF_017_cay_001,high_green,4,2019,2019,1.0,False,False,True,False
google_earth,MEDF_017_cay_001,high_green,4,2022,2023,2.0,False,True,False,True
google_earth,MEDF_018_cay_001,bright_bare,0,2014,2014,1.0,True,False,False,False
google_earth,MEDF_018_cay_001,bright_bare,0,2019,2019,1.0,False,False,True,False
google_earth,MEDF_018_cay_001,low_green,2,2022,2023,2.0,False,True,False,True
google_earth,MEDF_019_cay_001,low_green,2,2014,2014,1.0,True,False,False,False
google_earth,MEDF_019_cay_001,spectral_transition,1,2016,2016,1.0,False,False,True,False
google_earth,MEDF_019_cay_001,bright_bare,0,2018,2018,1.0,False,False,True,False
google_earth,MEDF_019_cay_001,low_green,2,2019,2019,1.0,False,False,True,False
google_earth,MEDF_019_cay_001,moderate_green,3,2022,2022,1.0,False,False,True,False
google_earth,MEDF_019_cay_001,low_green,2,2024,2024,1.0,False,True,False,True
google_earth,MEDF_020_cay_001,bright_bare,0,2006,2006,1.0,True,False,False,False
google_earth,MEDF_020_cay_001,low_green,2,2023,2023,1.0,False,True,False,True
google_earth,MEDF_022_cay_001,bright_bare,0,2006,2006,1.0,True,False,False,False
google_earth,MEDF_022_cay_001,bright_bare,0,2014,2014,1.0,False,False,True,False
google_earth,MEDF_022_cay_001,bright_bare,0,2016,2016,1.0,False,False,True,False
google_earth,MEDF_022_cay_001,bright_bare,0,2018,2018,1.0,False,False,True,False
google_earth,MEDF_022_cay_001,bright_bare,0,2023,2023,1.0,False,True,False,True
google_earth,MEDF_023_cay_001,bright_bare,0,2011,2012,2.0,True,False,False,False
google_earth,MEDF_023_cay_001,bright_bare,0,2014,2014,1.0,False,False,True,False
google_earth,MEDF_023_cay_001,low_green,2,2016,2016,1.0,False,False,True,False
google_earth,MEDF_023_cay_001,bright_bare,0,2018,2018,1.0,False,False,True,False
google_earth,MEDF_023_cay_001,bright_bare,0,2022,2022,1.0,False,False,True,False
google_earth,MEDF_023_cay_001,low_green,2,2023,2023,1.0,False,True,False,True
google_earth,MEDF_025_cay_001,bright_bare,0,2011,2011,1.0,True,False,False,False
google_earth,MEDF_025_cay_001,bright_bare,0,2014,2014,1.0,False,False,True,False
google_earth,MEDF_025_cay_001,bright_bare,0,2016,2016,1.0,False,False,True,False
google_earth,MEDF_025_cay_001,bright_bare,0,2019,2019,1.0,False,False,True,False
google_earth,MEDF_025_cay_001,bright_bare,0,2022,2023,2.0,False,True,False,True
google_earth,MEDF_026_cay_001,spectral_transition,1,2005,2005,1.0,True,False,False,False
google_earth,MEDF_026_cay_001,moderate_green,3,2014,2014,1.0,False,False,True,False
google_earth,MEDF_026_cay_001,low_green,2,2018,2018,1.0,False,False,True,False
google_earth,MEDF_026_cay_001,bright_bare,0,2019,2019,1.0,False,True,False,True
google_earth,MEDF_026_cay_002,bright_bare,0,2005,2005,1.0,True,False,False,False
google_earth,MEDF_026_cay_002,bright_bare,0,2014,2014,1.0,False,False,True,False
google_earth,MEDF_026_cay_002,bright_bare,0,2018,2019,2.0,False,False,True,False
google_earth,MEDF_026_cay_002,bright_bare,0,2022,2022,1.0,False,False,True,False
google_earth,MEDF_026_cay_002,moderate_green,3,2023,2023,1.0,False,True,False,True
google_earth,MEDF_027_cay_001,moderate_green,3,2011,2011,1.0,True,False,False,False
google_earth,MEDF_027_cay_001,high_green,4,2014,2014,1.0,False,False,True,False
google_earth,MEDF_027_cay_001,high_green,4,2016,2016,1.0,False,False,True,False
google_earth,MEDF_027_cay_001,high_green,4,2018,2018,1.0,False,False,True,False
google_earth,MEDF_027_cay_001,moderate_green,3,2019,2019,1.0,False,False,True,False
google_earth,MEDF_027_cay_001,moderate_green,3,2023,2023,1.0,False,True,False,True
google_earth,MEDF_028_cay_001,moderate_green,3,2005,2005,1.0,True,False,False,False
google_earth,MEDF_028_cay_001,moderate_green,3,2014,2014,1.0,False,False,True,False
google_earth,MEDF_028_cay_001,moderate_green,3,2016,2016,1.0,False,False,True,False
google_earth,MEDF_028_cay_001,high_green,4,2019,2019,1.0,False,False,True,False
google_earth,MEDF_028_cay_001,high_green,4,2023,2023,1.0,False,True,False,True
google_earth,MEDF_029_cay_001,bright_bare,0,2014,2014,1.0,True,False,False,False
google_earth,MEDF_029_cay_001,bright_bare,0,2016,2016,1.0,False,False,True,False
google_earth,MEDF_029_cay_001,low_green,2,2019,2019,1.0,False,False,True,False
google_earth,MEDF_029_cay_001,low_green,2,2023,2023,1.0,False,True,False,True
google_earth,MEDF_030_cay_001,bright_bare,0,2001,2001,1.0,True,False,False,False
google_earth,MEDF_030_cay_001,bright_bare,0,2006,2006,1.0,False,False,True,False
google_earth,MEDF_030_cay_001,bright_bare,0,2010,2010,1.0,False,False,True,False
google_earth,MEDF_030_cay_001,bright_bare,0,2014,2014,1.0,False,False,True,False
google_earth,MEDF_030_cay_001,bright_bare,0,2016,2016,1.0,False,False,True,False
google_earth,MEDF_030_cay_001,bright_bare,0,2019,2019,1.0,False,False,True,False
google_earth,MEDF_030_cay_001,bright_bare,0,2023,2023,1.0,False,True,False,True
google_earth,MEDF_031_cay_001,low_green,2,2019,2019,1.0,True,False,False,False
google_earth,MEDF_031_cay_001,bright_bare,0,2021,2021,1.0,False,False,True,False
google_earth,MEDF_031_cay_001,low_green,2,2023,2023,1.0,False,True,False,True
google_earth,MEDF_032_cay_001,bright_bare,0,2014,2014,1.0,True,False,False,False
google_earth,MEDF_032_cay_001,bright_bare,0,2016,2016,1.0,False,False,True,False
google_earth,MEDF_032_cay_001,bright_bare,0,2019,2019,1.0,False,False,True,False
google_earth,MEDF_032_cay_001,bright_bare,0,2021,2021,1.0,False,False,True,False
google_earth,MEDF_032_cay_001,bright_bare,0,2023,2023,1.0,False,True,False,True
google_earth,MEDF_033_cay_001,low_green,2,2005,2005,1.0,True,False,False,False
google_earth,MEDF_033_cay_001,moderate_green,3,2014,2014,1.0,False,False,True,False
google_earth,MEDF_033_cay_001,low_green,2,2016,2016,1.0,False,False,True,False
google_earth,MEDF_033_cay_001,bright_bare,0,2019,2019,1.0,False,False,True,False
google_earth,MEDF_033_cay_001,moderate_green,3,2023,2023,1.0,False,True,False,True
google_earth,MEDF_034_cay_001,spectral_transition,1,2013,2013,1.0,True,False,False,False
google_earth,MEDF_034_cay_001,bright_bare,0,2016,2017,2.0,False,False,True,False
google_earth,MEDF_034_cay_001,low_green,2,2018,2019,2.0,False,False,True,False
google_earth,MEDF_034_cay_001,bright_bare,0,2020,2020,1.0,False,False,True,False
google_earth,MEDF_034_cay_001,low_green,2,2021,2021,1.0,False,False,True,False
google_earth,MEDF_034_cay_001,bright_bare,0,2023,2023,1.0,False,False,True,False
google_earth,MEDF_034_cay_001,low_green,2,2025,2025,1.0,False,True,False,True
google_earth,MEDF_035_cay_001,bright_bare,0,2015,2015,1.0,True,False,False,False
google_earth,MEDF_035_cay_001,bright_bare,0,2019,2019,1.0,False,False,True,False
google_earth,MEDF_035_cay_001,bright_bare,0,2021,2021,1.0,False,False,True,False
google_earth,MEDF_035_cay_001,bright_bare,0,2023,2023,1.0,False,True,False,True
google_earth,MEDF_036_cay_001,bright_bare,0,2011,2011,1.0,True,False,False,False
google_earth,MEDF_036_cay_001,bright_bare,0,2013,2014,2.0,False,False,True,False
google_earth,MEDF_036_cay_001,bright_bare,0,2016,2016,1.0,False,False,True,False
google_earth,MEDF_036_cay_001,bright_bare,0,2019,2019,1.0,False,False,True,False
google_earth,MEDF_036_cay_001,bright_bare,0,2021,2022,2.0,False,False,True,False
google_earth,MEDF_036_cay_001,low_green,2,2023,2023,1.0,False,True,False,True
google_earth,MEDF_037_cay_001,bright_bare,0,2011,2011,1.0,True,False,False,False
google_earth,MEDF_037_cay_001,bright_bare,0,2013,2014,2.0,False,False,True,False
google_earth,MEDF_037_cay_001,bright_bare,0,2016,2016,1.0,False,False,True,False
google_earth,MEDF_037_cay_001,bright_bare,0,2019,2019,1.0,False,False,True,False
google_earth,MEDF_037_cay_001,bright_bare,0,2022,2023,2.0,False,True,False,True
google_earth,MEDF_038_cay_001,bright_bare,0,2007,2007,1.0,True,False,False,False
google_earth,MEDF_038_cay_001,bright_bare,0,2011,2011,1.0,False,False,True,False
google_earth,MEDF_038_cay_001,bright_bare,0,2014,2014,1.0,False,False,True,False
google_earth,MEDF_038_cay_001,bright_bare,0,2018,2018,1.0,False,False,True,False
google_earth,MEDF_038_cay_001,bright_bare,0,2023,2023,1.0,False,True,False,True
google_earth,MEDF_039_cay_001,bright_bare,0,2014,2014,1.0,True,False,False,False
google_earth,MEDF_039_cay_001,bright_bare,0,2016,2016,1.0,False,False,True,False
google_earth,MEDF_039_cay_001,bright_bare,0,2018,2018,1.0,False,False,True,False
google_earth,MEDF_039_cay_001,bright_bare,0,2023,2023,1.0,False,True,False,True
google_earth,MEDF_040_cay_001,low_green,2,2011,2011,1.0,True,False,False,False
google_earth,MEDF_040_cay_001,low_green,2,2014,2014,1.0,False,False,True,False
google_earth,MEDF_040_cay_001,bright_bare,0,2016,2016,1.0,False,False,True,False
google_earth,MEDF_040_cay_001,bright_bare,0,2018,2018,1.0,False,False,True,False
google_earth,MEDF_040_cay_001,low_green,2,2023,2023,1.0,False,True,False,True
google_earth,MEDF_041_cay_001,bright_bare,0,2016,2016,1.0,True,False,False,False
google_earth,MEDF_041_cay_001,bright_bare,0,2018,2018,1.0,False,False,True,False
google_earth,MEDF_041_cay_001,bright_bare,0,2023,2023,1.0,False,False,True,False
google_earth,MEDF_041_cay_001,bright_bare,0,2026,2026,1.0,False,True,False,True
google_earth,MEDF_043_cay_001,bright_bare,0,2011,2011,1.0,True,False,False,False
google_earth,MEDF_043_cay_001,bright_bare,0,2022,2023,2.0,False,True,False,True
google_earth,MEDF_044_cay_001,bright_bare,0,2010,2010,1.0,True,False,False,False
google_earth,MEDF_044_cay_001,bright_bare,0,2016,2016,1.0,False,False,True,False
google_earth,MEDF_044_cay_001,bright_bare,0,2019,2019,1.0,False,False,True,False
google_earth,MEDF_044_cay_001,bright_bare,0,2023,2023,1.0,False,True,False,True
google_earth,MEDF_045_cay_001,bright_bare,0,2010,2010,1.0,True,False,False,False
google_earth,MEDF_045_cay_001,bright_bare,0,2019,2019,1.0,False,False,True,False
google_earth,MEDF_045_cay_001,bright_bare,0,2023,2023,1.0,False,True,False,True
google_earth,MEDF_046_cay_001,bright_bare,0,2004,2004,1.0,True,False,False,False
google_earth,MEDF_046_cay_001,bright_bare,0,2023,2023,1.0,False,True,False,True
google_earth,MEDF_047_cay_001,bright_bare,0,2004,2004,1.0,True,False,False,False
google_earth,MEDF_047_cay_001,bright_bare,0,2010,2010,1.0,False,False,True,False
google_earth,MEDF_047_cay_001,bright_bare,0,2023,2023,1.0,False,True,False,True
google_earth,MEDF_048_cay_001,bright_bare,0,2004,2004,1.0,True,False,False,False
google_earth,MEDF_048_cay_001,bright_bare,0,2016,2016,1.0,False,False,True,False
google_earth,MEDF_048_cay_001,bright_bare,0,2023,2023,1.0,False,True,False,True
google_earth,MEDF_050_cay_001,bright_bare,0,2014,2014,1.0,True,False,False,False
google_earth,MEDF_050_cay_001,bright_bare,0,2019,2019,1.0,False,False,True,False
google_earth,MEDF_050_cay_001,bright_bare,0,2021,2021,1.0,False,False,True,False
google_earth,MEDF_050_cay_001,bright_bare,0,2023,2023,1.0,False,True,False,True
google_earth,MEDF_051_cay_001,bright_bare,0,2011,2011,1.0,True,False,False,False
google_earth,MEDF_051_cay_001,bright_bare,0,2023,2023,1.0,False,True,False,True
google_earth,MEDF_052_cay_001,bright_bare,0,2011,2011,1.0,True,False,False,False
google_earth,MEDF_052_cay_001,low_green,2,2023,2023,1.0,False,True,False,True
google_earth,MEDF_053_cay_001,low_green,2,2014,2014,1.0,True,False,False,False
google_earth,MEDF_053_cay_001,bright_bare,0,2019,2020,2.0,False,False,True,False
google_earth,MEDF_053_cay_001,spectral_transition,1,2025,2025,1.0,False,True,False,True
google_earth,NH_002_cay_001,bright_bare,0,2004,2005,2.0,True,False,False,False
google_earth,NH_002_cay_001,low_green,2,2013,2013,1.0,False,False,True,False
google_earth,NH_002_cay_001,low_green,2,2015,2018,4.0,False,False,True,False
google_earth,NH_002_cay_001,bright_bare,0,2023,2023,1.0,False,True,False,True
google_earth,NH_002_cay_002,bright_bare,0,2004,2004,1.0,True,False,False,False
google_earth,NH_002_cay_002,moderate_green,3,2016,2016,1.0,False,False,True,False
google_earth,NH_002_cay_002,low_green,2,2018,2018,1.0,False,False,True,False
google_earth,NH_002_cay_002,moderate_green,3,2023,2023,1.0,False,True,False,True
google_earth,NH_014_cay_001,moderate_green,3,2019,2019,1.0,True,False,False,False
google_earth,NH_014_cay_001,moderate_green,3,2023,2023,1.0,False,True,False,True
google_earth,NH_015_cay_001,low_green,2,2014,2015,2.0,True,False,False,False
google_earth,NH_015_cay_001,bright_bare,0,2016,2018,3.0,False,False,True,False
google_earth,NH_015_cay_001,low_green,2,2019,2019,1.0,False,False,True,False
google_earth,NH_015_cay_001,low_green,2,2023,2023,1.0,False,True,False,True
google_earth,NH_BK_006_cay_001,low_green,2,2017,2017,1.0,True,False,False,False
google_earth,NH_BK_006_cay_001,bright_bare,0,2018,2019,2.0,False,True,False,True
google_earth,NH_JY_010_cay_001,moderate_green,3,2015,2015,1.0,True,False,False,False
google_earth,NH_JY_010_cay_001,low_green,2,2016,2016,1.0,False,False,True,False
google_earth,NH_JY_010_cay_001,moderate_green,3,2017,2017,1.0,False,False,True,False
google_earth,NH_JY_010_cay_001,low_green,2,2018,2018,1.0,False,True,False,True
google_earth,NH_KG_012_cay_001,high_green,4,2014,2014,1.0,True,False,False,False
google_earth,NH_KG_012_cay_001,low_green,2,2015,2015,1.0,False,False,True,False
google_earth,NH_KG_012_cay_001,bright_bare,0,2016,2016,1.0,False,False,True,False
google_earth,NH_KG_012_cay_001,moderate_green,3,2017,2018,2.0,False,True,False,True
google_earth,NH_NE_008_cay_001,low_green,2,2012,2012,1.0,True,False,False,False
google_earth,NH_NE_008_cay_001,bright_bare,0,2014,2014,1.0,False,False,True,False
google_earth,NH_NE_008_cay_001,high_green,4,2015,2015,1.0,False,False,True,False
google_earth,NH_NE_008_cay_001,moderate_green,3,2017,2018,2.0,False,False,True,False
google_earth,NH_NE_008_cay_001,high_green,4,2019,2019,1.0,False,True,False,True
google_earth,NH_NE_008_cay_002,low_green,2,2012,2012,1.0,True,False,False,False
google_earth,NH_NE_008_cay_002,low_green,2,2014,2014,1.0,False,False,True,False
google_earth,NH_NE_008_cay_002,high_green,4,2015,2015,1.0,False,False,True,False
google_earth,NH_NE_008_cay_002,moderate_green,3,2017,2018,2.0,False,True,False,True
google_earth,NH_PSY_003_cay_001,bright_bare,0,2005,2005,1.0,True,False,False,False
google_earth,NH_PSY_003_cay_001,moderate_green,3,2013,2013,1.0,False,False,True,False
google_earth,NH_PSY_003_cay_001,bright_bare,0,2015,2015,1.0,False,True,False,True
google_earth,NH_QF_001_cay_001,bright_bare,0,2004,2004,1.0,True,False,False,False
google_earth,NH_QF_001_cay_001,bright_bare,0,2012,2012,1.0,False,False,True,False
google_earth,NH_QF_001_cay_001,low_green,2,2013,2016,4.0,False,False,True,False
google_earth,NH_QF_001_cay_001,bright_bare,0,2017,2019,3.0,False,False,True,False
google_earth,NH_QF_001_cay_001,bright_bare,0,2021,2021,1.0,False,False,True,False
google_earth,NH_QF_001_cay_001,low_green,2,2022,2022,1.0,False,True,False,True
google_earth,NH_QF_001_cay_002,low_green,2,2004,2004,1.0,True,False,False,False
google_earth,NH_QF_001_cay_002,moderate_green,3,2005,2005,1.0,False,False,True,False
google_earth,NH_QF_001_cay_002,moderate_green,3,2012,2018,7.0,False,False,True,False
google_earth,NH_QF_001_cay_002,low_green,2,2019,2019,1.0,False,False,True,False
google_earth,NH_QF_001_cay_002,low_green,2,2021,2022,2.0,False,True,False,True
google_earth,NH_QLY_004_cay_001,low_green,2,2018,2019,2.0,True,False,False,False
google_earth,NH_QLY_004_cay_001,bright_bare,0,2021,2021,1.0,False,False,True,False
google_earth,NH_QLY_004_cay_001,moderate_green,3,2023,2023,1.0,False,True,False,True
google_earth,NH_QLY_004_cay_002,low_green,2,2018,2019,2.0,True,False,False,False
google_earth,NH_QLY_004_cay_002,bright_bare,0,2021,2021,1.0,False,False,True,False
google_earth,NH_QLY_004_cay_002,moderate_green,3,2023,2023,1.0,False,True,False,True
google_earth,NH_QLY_004_cay_003,moderate_green,3,2018,2019,2.0,True,False,False,False
google_earth,NH_QLY_004_cay_003,moderate_green,3,2021,2021,1.0,False,False,True,False
google_earth,NH_QLY_004_cay_003,high_green,4,2023,2023,1.0,False,True,False,True
google_earth,NH_QLY_004_cay_004,high_green,4,2018,2019,2.0,True,False,False,False
google_earth,NH_QLY_004_cay_004,high_green,4,2021,2021,1.0,False,False,True,False
google_earth,NH_QLY_004_cay_004,high_green,4,2023,2023,1.0,False,True,False,True
google_earth,NH_QLY_004_cay_005,high_green,4,2018,2019,2.0,True,False,False,False
google_earth,NH_QLY_004_cay_005,high_green,4,2021,2021,1.0,False,False,True,False
google_earth,NH_QLY_004_cay_005,high_green,4,2023,2023,1.0,False,True,False,True
google_earth,NH_TX_013_cay_001,high_green,4,2014,2014,1.0,True,False,False,False
google_earth,NH_TX_013_cay_001,moderate_green,3,2015,2015,1.0,False,False,True,False
google_earth,NH_TX_013_cay_001,low_green,2,2016,2016,1.0,False,False,True,False
google_earth,NH_TX_013_cay_001,moderate_green,3,2017,2019,3.0,False,True,False,True
google_earth,NH_XM_005_cay_001,moderate_green,3,2018,2019,2.0,True,False,False,False
google_earth,NH_XM_005_cay_001,low_green,2,2021,2021,1.0,False,True,False,True
google_earth,NH_YSY_017_cay_001,low_green,2,2014,2014,1.0,True,False,False,False
google_earth,NH_YSY_017_cay_001,moderate_green,3,2017,2017,1.0,False,True,False,True
google_earth,NH_YSZ_011_cay_001,moderate_green,3,2014,2014,1.0,True,False,False,False
google_earth,NH_YSZ_011_cay_001,low_green,2,2015,2015,1.0,False,False,True,False
google_earth,NH_YSZ_011_cay_001,moderate_green,3,2016,2019,4.0,False,True,False,True
google_earth,NH_YSZ_016_cay_001,low_green,2,2017,2017,1.0,True,False,False,False
google_earth,NH_YSZ_016_cay_001,bright_bare,0,2018,2019,2.0,False,False,True,False
google_earth,NH_YSZ_016_cay_001,moderate_green,3,2022,2022,1.0,False,True,False,True
google_earth,OTHER_004_cay_001,bright_bare,0,2004,2005,2.0,True,False,False,False
google_earth,OTHER_004_cay_001,bright_bare,0,2007,2007,1.0,False,False,True,False
google_earth,OTHER_004_cay_001,bright_bare,0,2021,2022,2.0,False,False,True,False
google_earth,OTHER_004_cay_001,low_green,2,2025,2025,1.0,False,True,False,True
google_earth,OTHER_005_cay_001,moderate_green,3,2004,2005,2.0,True,False,False,False
google_earth,OTHER_005_cay_001,low_green,2,2021,2021,1.0,False,False,True,False
google_earth,OTHER_005_cay_001,high_green,4,2022,2022,1.0,False,False,True,False
google_earth,OTHER_005_cay_001,high_green,4,2024,2024,1.0,False,True,False,True
google_earth,OTHER_006_cay_001,moderate_green,3,2004,2005,2.0,True,False,False,False
google_earth,OTHER_006_cay_001,moderate_green,3,2021,2021,1.0,False,False,True,False
google_earth,OTHER_006_cay_001,high_green,4,2022,2022,1.0,False,False,True,False
google_earth,OTHER_006_cay_001,high_green,4,2024,2024,1.0,False,True,False,True
google_earth,OTHER_007_cay_001,high_green,4,2004,2005,2.0,True,False,False,False
google_earth,OTHER_007_cay_001,high_green,4,2021,2022,2.0,False,False,True,False
google_earth,OTHER_007_cay_001,high_green,4,2024,2024,1.0,False,False,True,False
google_earth,OTHER_007_cay_001,high_green,4,2026,2026,1.0,False,True,False,True
google_earth,OTHER_008_cay_001,bright_bare,0,2004,2005,2.0,True,False,False,False
google_earth,OTHER_008_cay_001,low_green,2,2021,2022,2.0,False,False,True,False
google_earth,OTHER_008_cay_001,low_green,2,2024,2024,1.0,False,True,False,True
google_earth,OTHER_008_cay_002,moderate_green,3,2004,2005,2.0,True,False,False,False
google_earth,OTHER_008_cay_002,moderate_green,3,2021,2021,1.0,False,False,True,False
google_earth,OTHER_008_cay_002,high_green,4,2022,2022,1.0,False,False,True,False
google_earth,OTHER_008_cay_002,high_green,4,2024,2024,1.0,False,True,False,True
google_earth,OTHER_009_cay_001,low_green,2,2005,2005,1.0,True,False,False,False
google_earth,OTHER_009_cay_001,moderate_green,3,2024,2024,1.0,False,True,False,True
google_earth,OTHER_009_cay_002,high_green,4,2005,2005,1.0,True,False,False,False
google_earth,OTHER_009_cay_002,high_green,4,2024,2024,1.0,False,True,False,True
google_earth,OTHER_009_cay_003,high_green,4,2005,2005,1.0,True,False,False,False
google_earth,OTHER_009_cay_003,high_green,4,2024,2024,1.0,False,True,False,True
google_earth,OTHER_010_cay_001,high_green,4,2005,2005,1.0,True,False,False,False
google_earth,OTHER_010_cay_001,high_green,4,2024,2024,1.0,False,True,False,True
google_earth,OTHER_010_cay_002,high_green,4,2005,2005,1.0,True,False,False,False
google_earth,OTHER_010_cay_002,high_green,4,2024,2024,1.0,False,True,False,True
google_earth,OTHER_014_cay_001,low_green,2,2006,2006,1.0,True,False,False,False
google_earth,OTHER_014_cay_001,moderate_green,3,2024,2024,1.0,False,True,False,True
google_earth,OTHER_014_cay_002,high_green,4,2006,2006,1.0,True,False,False,False
google_earth,OTHER_014_cay_002,high_green,4,2024,2024,1.0,False,True,False,True
google_earth,OTHER_017_cay_001,low_green,2,2005,2005,1.0,True,False,False,False
google_earth,OTHER_017_cay_001,low_green,2,2024,2024,1.0,False,True,False,True
google_earth,OTHER_018_cay_001,bright_bare,0,2005,2005,1.0,True,False,False,False
google_earth,OTHER_018_cay_001,bright_bare,0,2024,2024,1.0,False,True,False,True
google_earth,OTHER_023_cay_001,low_green,2,2014,2014,1.0,True,False,False,False
google_earth,OTHER_023_cay_001,bright_bare,0,2017,2017,1.0,False,False,True,False
google_earth,OTHER_023_cay_001,low_green,2,2022,2022,1.0,False,True,False,True
google_earth,OTHER_024_cay_001,bright_bare,0,2003,2003,1.0,True,False,False,False
google_earth,OTHER_024_cay_001,bright_bare,0,2008,2008,1.0,False,False,True,False
google_earth,OTHER_024_cay_001,bright_bare,0,2014,2014,1.0,False,False,True,False
google_earth,OTHER_024_cay_001,bright_bare,0,2016,2016,1.0,False,False,True,False
google_earth,OTHER_024_cay_001,bright_bare,0,2025,2025,1.0,False,True,False,True
google_earth,OTHER_025_cay_001,moderate_green,3,2005,2005,1.0,True,False,False,False
google_earth,OTHER_025_cay_001,high_green,4,2014,2014,1.0,False,False,True,False
google_earth,OTHER_025_cay_001,high_green,4,2016,2016,1.0,False,False,True,False
google_earth,OTHER_025_cay_001,high_green,4,2019,2019,1.0,False,False,True,False
google_earth,OTHER_025_cay_001,moderate_green,3,2022,2022,1.0,False,False,True,False
google_earth,OTHER_025_cay_001,moderate_green,3,2024,2024,1.0,False,True,False,True
sentinel2,GBR_003_cay_001,high_green,4,2017,2017,1.0,True,False,False,False
sentinel2,GBR_003_cay_001,moderate_green,3,2018,2019,2.0,False,False,True,False
sentinel2,GBR_003_cay_001,low_green,2,2020,2020,1.0,False,False,True,False
sentinel2,GBR_003_cay_001,moderate_green,3,2021,2022,2.0,False,False,True,False
sentinel2,GBR_003_cay_001,high_green,4,2023,2023,1.0,False,False,True,False
sentinel2,GBR_003_cay_001,moderate_green,3,2024,2024,1.0,False,False,True,False
sentinel2,GBR_003_cay_001,high_green,4,2025,2025,1.0,False,True,False,True
sentinel2,GBR_007_cay_001,low_green,2,2017,2017,1.0,True,False,False,False
sentinel2,GBR_007_cay_001,moderate_green,3,2018,2019,2.0,False,False,True,False
sentinel2,GBR_007_cay_001,low_green,2,2020,2020,1.0,False,False,True,False
sentinel2,GBR_007_cay_001,moderate_green,3,2021,2025,5.0,False,True,False,True
sentinel2,GBR_008_cay_001,low_green,2,2017,2022,6.0,True,False,False,False
sentinel2,GBR_008_cay_001,moderate_green,3,2023,2023,1.0,False,False,True,False
sentinel2,GBR_008_cay_001,low_green,2,2024,2025,2.0,False,True,False,True
sentinel2,GBR_009_cay_001,low_green,2,2017,2017,1.0,True,False,False,False
sentinel2,GBR_009_cay_001,bright_bare,0,2018,2018,1.0,False,False,True,False
sentinel2,GBR_009_cay_001,low_green,2,2019,2019,1.0,False,False,True,False
sentinel2,GBR_009_cay_001,bright_bare,0,2020,2020,1.0,False,False,True,False
sentinel2,GBR_009_cay_001,low_green,2,2021,2021,1.0,False,False,True,False
sentinel2,GBR_009_cay_001,bright_bare,0,2022,2022,1.0,False,False,True,False
sentinel2,GBR_009_cay_001,low_green,2,2023,2025,3.0,False,True,False,True
sentinel2,GBR_020_cay_001,moderate_green,3,2017,2017,1.0,True,False,False,False
sentinel2,GBR_020_cay_001,low_green,2,2018,2018,1.0,False,False,True,False
sentinel2,GBR_020_cay_001,moderate_green,3,2019,2019,1.0,False,False,True,False
sentinel2,GBR_020_cay_001,bright_bare,0,2020,2020,1.0,False,False,True,False
sentinel2,GBR_020_cay_001,moderate_green,3,2021,2021,1.0,False,False,True,False
sentinel2,GBR_020_cay_001,low_green,2,2022,2022,1.0,False,False,True,False
sentinel2,GBR_020_cay_001,moderate_green,3,2023,2025,3.0,False,True,False,True
sentinel2,GBR_033_cay_001,low_green,2,2017,2019,3.0,True,False,False,False
sentinel2,GBR_033_cay_001,bright_bare,0,2020,2020,1.0,False,False,True,False
sentinel2,GBR_033_cay_001,moderate_green,3,2021,2023,3.0,False,False,True,False
sentinel2,GBR_033_cay_001,low_green,2,2024,2025,2.0,False,True,False,True
sentinel2,GBR_034_cay_001,low_green,2,2017,2020,4.0,True,False,False,False
sentinel2,GBR_034_cay_001,moderate_green,3,2021,2021,1.0,False,False,True,False
sentinel2,GBR_034_cay_001,low_green,2,2022,2025,4.0,False,True,False,True
sentinel2,GBR_036_cay_001,low_green,2,2017,2020,4.0,True,False,False,False
sentinel2,GBR_036_cay_001,moderate_green,3,2021,2022,2.0,False,False,True,False
sentinel2,GBR_036_cay_001,bright_bare,0,2023,2024,2.0,False,False,True,False
sentinel2,GBR_036_cay_001,low_green,2,2025,2025,1.0,False,True,False,True
sentinel2,GBR_037_cay_001,low_green,2,2017,2018,2.0,True,False,False,False
sentinel2,GBR_037_cay_001,bright_bare,0,2019,2019,1.0,False,False,True,False
sentinel2,GBR_037_cay_001,low_green,2,2020,2020,1.0,False,False,True,False
sentinel2,GBR_037_cay_001,bright_bare,0,2021,2021,1.0,False,False,True,False
sentinel2,GBR_037_cay_001,low_green,2,2022,2022,1.0,False,False,True,False
sentinel2,GBR_037_cay_001,bright_bare,0,2023,2023,1.0,False,False,True,False
sentinel2,GBR_037_cay_001,low_green,2,2024,2025,2.0,False,True,False,True
sentinel2,GBR_038_cay_001,low_green,2,2017,2025,9.0,True,True,False,True
sentinel2,GBR_039_cay_001,bright_bare,0,2017,2019,3.0,True,False,False,False
sentinel2,GBR_039_cay_001,low_green,2,2020,2021,2.0,False,False,True,False
sentinel2,GBR_039_cay_001,bright_bare,0,2022,2023,2.0,False,False,True,False
sentinel2,GBR_039_cay_001,low_green,2,2024,2024,1.0,False,False,True,False
sentinel2,GBR_039_cay_001,bright_bare,0,2025,2025,1.0,False,True,False,True
sentinel2,GBR_052_cay_001,bright_bare,0,2017,2025,9.0,True,True,False,True
sentinel2,GBR_053_cay_001,low_green,2,2017,2023,7.0,True,False,False,False
sentinel2,GBR_053_cay_001,bright_bare,0,2024,2025,2.0,False,True,False,True
sentinel2,GBR_055_cay_001,bright_bare,0,2017,2017,1.0,True,False,False,False
sentinel2,GBR_055_cay_001,low_green,2,2018,2019,2.0,False,False,True,False
sentinel2,GBR_055_cay_001,bright_bare,0,2020,2020,1.0,False,False,True,False
sentinel2,GBR_055_cay_001,low_green,2,2021,2021,1.0,False,False,True,False
sentinel2,GBR_055_cay_001,bright_bare,0,2022,2025,4.0,False,True,False,True
sentinel2,GBR_058_cay_001,high_green,4,2017,2017,1.0,True,False,False,False
sentinel2,GBR_058_cay_001,moderate_green,3,2018,2019,2.0,False,False,True,False
sentinel2,GBR_058_cay_001,high_green,4,2020,2024,5.0,False,False,True,False
sentinel2,GBR_058_cay_001,moderate_green,3,2025,2025,1.0,False,True,False,True
sentinel2,GBR_059_cay_001,moderate_green,3,2017,2017,1.0,True,False,False,False
sentinel2,GBR_059_cay_001,low_green,2,2018,2018,1.0,False,False,True,False
sentinel2,GBR_059_cay_001,moderate_green,3,2019,2019,1.0,False,False,True,False
sentinel2,GBR_059_cay_001,high_green,4,2020,2021,2.0,False,False,True,False
sentinel2,GBR_059_cay_001,moderate_green,3,2022,2023,2.0,False,False,True,False
sentinel2,GBR_059_cay_001,high_green,4,2024,2024,1.0,False,False,True,False
sentinel2,GBR_059_cay_001,low_green,2,2025,2025,1.0,False,True,False,True
sentinel2,GBR_060_cay_001,moderate_green,3,2017,2017,1.0,True,False,False,False
sentinel2,GBR_060_cay_001,low_green,2,2018,2018,1.0,False,False,True,False
sentinel2,GBR_060_cay_001,moderate_green,3,2019,2019,1.0,False,False,True,False
sentinel2,GBR_060_cay_001,low_green,2,2020,2020,1.0,False,False,True,False
sentinel2,GBR_060_cay_001,moderate_green,3,2021,2021,1.0,False,False,True,False
sentinel2,GBR_060_cay_001,high_green,4,2022,2022,1.0,False,False,True,False
sentinel2,GBR_060_cay_001,moderate_green,3,2023,2023,1.0,False,False,True,False
sentinel2,GBR_060_cay_001,high_green,4,2024,2025,2.0,False,True,False,True
sentinel2,GBR_061_cay_001,moderate_green,3,2017,2023,7.0,True,False,False,False
sentinel2,GBR_061_cay_001,high_green,4,2024,2025,2.0,False,True,False,True
sentinel2,GBR_061_cay_002,high_green,4,2017,2017,1.0,True,False,False,False
sentinel2,GBR_061_cay_002,moderate_green,3,2018,2022,5.0,False,False,True,False
sentinel2,GBR_061_cay_002,high_green,4,2023,2025,3.0,False,True,False,True
sentinel2,GBR_068_cay_001,low_green,2,2017,2017,1.0,True,False,False,False
sentinel2,GBR_068_cay_001,moderate_green,3,2018,2018,1.0,False,False,True,False
sentinel2,GBR_068_cay_001,low_green,2,2019,2024,6.0,False,False,True,False
sentinel2,GBR_068_cay_001,moderate_green,3,2025,2025,1.0,False,True,False,True
sentinel2,GBR_073_cay_001,low_green,2,2017,2019,3.0,True,False,False,False
sentinel2,GBR_073_cay_001,bright_bare,0,2020,2021,2.0,False,False,True,False
sentinel2,GBR_073_cay_001,low_green,2,2022,2025,4.0,False,True,False,True
sentinel2,GBR_085_cay_001,moderate_green,3,2018,2019,2.0,True,False,False,False
sentinel2,GBR_085_cay_001,low_green,2,2020,2020,1.0,False,False,True,False
sentinel2,GBR_085_cay_001,moderate_green,3,2021,2023,3.0,False,False,True,False
sentinel2,GBR_085_cay_001,low_green,2,2024,2024,1.0,False,False,True,False
sentinel2,GBR_085_cay_001,high_green,4,2025,2025,1.0,False,True,False,True
sentinel2,GBR_095_cay_001,high_green,4,2017,2018,2.0,True,False,False,False
sentinel2,GBR_095_cay_001,low_green,2,2019,2019,1.0,False,False,True,False
sentinel2,GBR_095_cay_001,moderate_green,3,2020,2020,1.0,False,False,True,False
sentinel2,GBR_095_cay_001,high_green,4,2021,2022,2.0,False,False,True,False
sentinel2,GBR_095_cay_001,bright_bare,0,2023,2023,1.0,False,False,True,False
sentinel2,GBR_095_cay_001,moderate_green,3,2024,2024,1.0,False,False,True,False
sentinel2,GBR_095_cay_001,high_green,4,2025,2025,1.0,False,True,False,True
sentinel2,GBR_098_cay_001,low_green,2,2017,2018,2.0,True,False,False,False
sentinel2,GBR_098_cay_001,moderate_green,3,2019,2019,1.0,False,False,True,False
sentinel2,GBR_098_cay_001,low_green,2,2020,2022,3.0,False,False,True,False
sentinel2,GBR_098_cay_001,moderate_green,3,2023,2023,1.0,False,False,True,False
sentinel2,GBR_098_cay_001,low_green,2,2024,2025,2.0,False,True,False,True
sentinel2,GBR_101_cay_001,moderate_green,3,2017,2021,5.0,True,False,False,False
sentinel2,GBR_101_cay_001,high_green,4,2022,2025,4.0,False,True,False,True
sentinel2,GBR_102_cay_001,low_green,2,2017,2018,2.0,True,False,False,False
sentinel2,GBR_102_cay_001,moderate_green,3,2019,2019,1.0,False,False,True,False
sentinel2,GBR_102_cay_001,bright_bare,0,2020,2020,1.0,False,False,True,False
sentinel2,GBR_102_cay_001,low_green,2,2021,2022,2.0,False,False,True,False
sentinel2,GBR_102_cay_001,bright_bare,0,2023,2023,1.0,False,False,True,False
sentinel2,GBR_102_cay_001,low_green,2,2024,2025,2.0,False,True,False,True
sentinel2,GBR_104_cay_001,moderate_green,3,2017,2021,5.0,True,False,False,False
sentinel2,GBR_104_cay_001,high_green,4,2022,2023,2.0,False,False,True,False
sentinel2,GBR_104_cay_001,moderate_green,3,2024,2025,2.0,False,True,False,True
sentinel2,GBR_108_cay_001,low_green,2,2017,2025,9.0,True,True,False,True
sentinel2,MEDF_001_cay_001,moderate_green,3,2021,2021,1.0,True,False,False,False
sentinel2,MEDF_001_cay_001,low_green,2,2022,2022,1.0,False,False,True,False
sentinel2,MEDF_001_cay_001,bright_bare,0,2023,2023,1.0,False,False,True,False
sentinel2,MEDF_001_cay_001,low_green,2,2024,2024,1.0,False,True,False,True
sentinel2,MEDF_002_cay_001,moderate_green,3,2017,2017,1.0,True,False,False,False
sentinel2,MEDF_002_cay_001,moderate_green,3,2021,2022,2.0,False,False,True,False
sentinel2,MEDF_002_cay_001,high_green,4,2023,2023,1.0,False,False,True,False
sentinel2,MEDF_002_cay_001,moderate_green,3,2024,2025,2.0,False,True,False,True
sentinel2,MEDF_004_cay_001,low_green,2,2017,2017,1.0,True,False,False,False
sentinel2,MEDF_004_cay_001,bright_bare,0,2020,2021,2.0,False,True,False,True
sentinel2,MEDF_004_cay_002,moderate_green,3,2017,2017,1.0,True,False,False,False
sentinel2,MEDF_004_cay_002,bright_bare,0,2020,2020,1.0,False,True,False,True
sentinel2,MEDF_005_cay_001,low_green,2,2017,2017,1.0,True,False,False,False
sentinel2,MEDF_005_cay_001,moderate_green,3,2018,2018,1.0,False,False,True,False
sentinel2,MEDF_005_cay_001,low_green,2,2019,2020,2.0,False,False,True,False
sentinel2,MEDF_005_cay_001,moderate_green,3,2021,2021,1.0,False,False,True,False
sentinel2,MEDF_005_cay_001,low_green,2,2022,2025,4.0,False,True,False,True
sentinel2,MEDF_006_cay_001,moderate_green,3,2017,2025,9.0,True,True,False,True
sentinel2,MEDF_007_cay_001,bright_bare,0,2017,2021,5.0,True,False,False,False
sentinel2,MEDF_007_cay_001,low_green,2,2022,2022,1.0,False,False,True,False
sentinel2,MEDF_007_cay_001,bright_bare,0,2023,2025,3.0,False,True,False,True
sentinel2,MEDF_008_cay_001,bright_bare,0,2017,2025,9.0,True,True,False,True
sentinel2,MEDF_010_cay_001,bright_bare,0,2017,2025,9.0,True,True,False,True
sentinel2,MEDF_011_cay_001,moderate_green,3,2017,2025,9.0,True,True,False,True
sentinel2,MEDF_014_cay_001,high_green,4,2017,2017,1.0,True,False,False,False
sentinel2,MEDF_014_cay_001,moderate_green,3,2018,2018,1.0,False,False,True,False
sentinel2,MEDF_014_cay_001,high_green,4,2019,2019,1.0,False,False,True,False
sentinel2,MEDF_014_cay_001,moderate_green,3,2020,2025,6.0,False,True,False,True
sentinel2,MEDF_015_cay_001,moderate_green,3,2017,2025,9.0,True,True,False,True
sentinel2,MEDF_017_cay_001,high_green,4,2017,2025,9.0,True,True,False,True
sentinel2,MEDF_018_cay_001,bright_bare,0,2018,2018,1.0,True,False,False,False
sentinel2,MEDF_018_cay_001,moderate_green,3,2019,2019,1.0,False,False,True,False
sentinel2,MEDF_018_cay_001,bright_bare,0,2020,2021,2.0,False,True,False,True
sentinel2,MEDF_019_cay_001,bright_bare,0,2017,2025,9.0,True,True,False,True
sentinel2,MEDF_022_cay_001,bright_bare,0,2017,2025,9.0,True,True,False,True
sentinel2,MEDF_026_cay_001,bright_bare,0,2017,2023,7.0,True,True,False,True
sentinel2,MEDF_026_cay_002,bright_bare,0,2017,2019,3.0,True,False,False,False
sentinel2,MEDF_026_cay_002,moderate_green,3,2022,2022,1.0,False,True,False,True
sentinel2,MEDF_027_cay_001,high_green,4,2017,2020,4.0,True,False,False,False
sentinel2,MEDF_027_cay_001,moderate_green,3,2021,2025,5.0,False,True,False,True
sentinel2,MEDF_028_cay_001,moderate_green,3,2017,2017,1.0,True,False,False,False
sentinel2,MEDF_028_cay_001,high_green,4,2018,2018,1.0,False,False,True,False
sentinel2,MEDF_028_cay_001,moderate_green,3,2019,2025,7.0,False,True,False,True
sentinel2,MEDF_032_cay_001,moderate_green,3,2018,2018,1.0,True,False,False,False
sentinel2,MEDF_032_cay_001,bright_bare,0,2019,2025,7.0,False,True,False,True
sentinel2,MEDF_033_cay_001,bright_bare,0,2017,2017,1.0,True,False,False,False
sentinel2,MEDF_033_cay_001,bright_bare,0,2021,2021,1.0,False,False,True,False
sentinel2,MEDF_033_cay_001,moderate_green,3,2022,2022,1.0,False,False,True,False
sentinel2,MEDF_033_cay_001,bright_bare,0,2023,2023,1.0,False,False,True,False
sentinel2,MEDF_033_cay_001,moderate_green,3,2024,2024,1.0,False,False,True,False
sentinel2,MEDF_033_cay_001,bright_bare,0,2025,2025,1.0,False,True,False,True
sentinel2,MEDF_040_cay_001,low_green,2,2017,2019,3.0,True,False,False,False
sentinel2,MEDF_040_cay_001,bright_bare,0,2020,2020,1.0,False,False,True,False
sentinel2,MEDF_040_cay_001,low_green,2,2021,2022,2.0,False,False,True,False
sentinel2,MEDF_040_cay_001,bright_bare,0,2023,2025,3.0,False,True,False,True
sentinel2,MEDF_044_cay_001,bright_bare,0,2017,2023,7.0,True,True,False,True
sentinel2,MEDF_050_cay_001,bright_bare,0,2017,2018,2.0,True,False,False,False
sentinel2,MEDF_050_cay_001,bright_bare,0,2021,2025,5.0,False,True,False,True
sentinel2,MEDF_053_cay_001,low_green,2,2017,2019,3.0,True,False,False,False
sentinel2,MEDF_053_cay_001,bright_bare,0,2020,2024,5.0,False,True,False,True
sentinel2,NH_015_cay_001,bright_bare,0,2017,2018,2.0,True,False,False,False
sentinel2,NH_015_cay_001,low_green,2,2021,2022,2.0,False,False,True,False
sentinel2,NH_015_cay_001,bright_bare,0,2023,2025,3.0,False,True,False,True
sentinel2,NH_QF_001_cay_001,bright_bare,0,2017,2017,1.0,True,False,False,False
sentinel2,NH_QF_001_cay_001,moderate_green,3,2018,2019,2.0,False,False,True,False
sentinel2,NH_QF_001_cay_001,low_green,2,2020,2020,1.0,False,False,True,False
sentinel2,NH_QF_001_cay_001,bright_bare,0,2022,2023,2.0,False,False,True,False
sentinel2,NH_QF_001_cay_001,low_green,2,2024,2025,2.0,False,True,False,True
sentinel2,NH_QF_001_cay_002,bright_bare,0,2017,2017,1.0,True,False,False,False
sentinel2,NH_QF_001_cay_002,moderate_green,3,2018,2019,2.0,False,False,True,False
sentinel2,NH_QF_001_cay_002,low_green,2,2020,2020,1.0,False,False,True,False
sentinel2,NH_QF_001_cay_002,bright_bare,0,2022,2023,2.0,False,False,True,False
sentinel2,NH_QF_001_cay_002,low_green,2,2024,2025,2.0,False,True,False,True
sentinel2,OTHER_004_cay_001,bright_bare,0,2017,2023,7.0,True,False,False,False
sentinel2,OTHER_004_cay_001,low_green,2,2024,2024,1.0,False,False,True,False
sentinel2,OTHER_004_cay_001,bright_bare,0,2025,2025,1.0,False,True,False,True
sentinel2,OTHER_005_cay_001,moderate_green,3,2017,2025,9.0,True,True,False,True
sentinel2,OTHER_006_cay_001,moderate_green,3,2017,2022,6.0,True,False,False,False
sentinel2,OTHER_006_cay_001,high_green,4,2023,2025,3.0,False,True,False,True
sentinel2,OTHER_007_cay_001,high_green,4,2017,2020,4.0,True,True,False,True
sentinel2,OTHER_008_cay_001,low_green,2,2017,2025,9.0,True,True,False,True
sentinel2,OTHER_008_cay_002,moderate_green,3,2017,2017,1.0,True,False,False,False
sentinel2,OTHER_008_cay_002,high_green,4,2018,2018,1.0,False,False,True,False
sentinel2,OTHER_008_cay_002,bright_bare,0,2019,2019,1.0,False,False,True,False
sentinel2,OTHER_008_cay_002,moderate_green,3,2020,2021,2.0,False,False,True,False
sentinel2,OTHER_008_cay_002,high_green,4,2022,2022,1.0,False,False,True,False
sentinel2,OTHER_008_cay_002,low_green,2,2024,2024,1.0,False,False,True,False
sentinel2,OTHER_008_cay_002,bright_bare,0,2025,2025,1.0,False,True,False,True
sentinel2,OTHER_017_cay_001,moderate_green,3,2017,2017,1.0,True,False,False,False
sentinel2,OTHER_017_cay_001,low_green,2,2018,2018,1.0,False,True,False,True
sentinel2,OTHER_024_cay_001,low_green,2,2021,2022,2.0,True,False,False,False
sentinel2,OTHER_024_cay_001,bright_bare,0,2023,2025,3.0,False,True,False,True
sentinel2,OTHER_025_cay_001,low_green,2,2021,2021,1.0,True,False,False,False
sentinel2,OTHER_025_cay_001,moderate_green,3,2022,2025,4.0,False,True,False,True
