sensor,driver,outcome,predefined_hypothesis,n,spearman_rho,two_sided_p_value,fdr_q_value
google_earth,current_along_mean,centroid_along_shift_normalized_per_year,True,99,0.1155473098330241,0.2547450926589911,0.3980392072796737
google_earth,current_along_mean,centroid_cross_shift_normalized_per_year,False,99,0.2347557204700062,0.0193400359802123,0.084548227834245
google_earth,current_along_mean,gross_mobility_fraction_per_year,False,99,-0.1375015460729746,0.1747164650728684,0.2911941084547808
google_earth,current_along_mean,major_axis_change_m_per_year,True,99,0.0011626468769325,0.990887339991472,0.990887339991472
google_earth,current_along_mean,minor_axis_change_m_per_year,False,99,0.2102782931354359,0.036699722193379,0.1019436727593863
google_earth,current_cross_mean,centroid_along_shift_normalized_per_year,False,99,-0.1020531849103277,0.3148257916025632,0.4372580438924489
google_earth,current_cross_mean,centroid_cross_shift_normalized_per_year,False,99,0.3035497835497835,0.0022556045194093,0.0187967043284115
google_earth,current_cross_mean,gross_mobility_fraction_per_year,False,99,0.1402473716759431,0.1661824987432927,0.2911941084547808
google_earth,current_cross_mean,major_axis_change_m_per_year,False,99,0.18860853432282,0.0615373407781103,0.1398575926775234
google_earth,current_cross_mean,minor_axis_change_m_per_year,False,99,-0.0226963512677798,0.823545999858385,0.9804119045933154
google_earth,wave_vector_along_mean,centroid_along_shift_normalized_per_year,False,99,0.4715151515151514,8.383122668212232e-07,1.047890333526529e-05
google_earth,wave_vector_along_mean,centroid_cross_shift_normalized_per_year,False,99,-0.0660235003092146,0.5161500232309555,0.679144767409152
google_earth,wave_vector_along_mean,gross_mobility_fraction_per_year,False,99,-0.2885219542362399,0.0037776490695511,0.0236103066846948
google_earth,wave_vector_along_mean,major_axis_change_m_per_year,False,99,-0.2255534941249226,0.0247850313850314,0.0885179692322551
google_earth,wave_vector_along_mean,minor_axis_change_m_per_year,False,99,0.2140136054421768,0.0334138465354604,0.1019436727593863
google_earth,wave_vector_cross_mean,centroid_along_shift_normalized_per_year,False,99,-0.024625850340136,0.8088197280713366,0.9804119045933154
google_earth,wave_vector_cross_mean,centroid_cross_shift_normalized_per_year,False,99,0.549090909090909,3.982889780582214e-09,9.957224451455537e-08
google_earth,wave_vector_cross_mean,gross_mobility_fraction_per_year,False,99,0.2329993815708101,0.0202915746802188,0.084548227834245
google_earth,wave_vector_cross_mean,major_axis_change_m_per_year,False,99,0.1473716759431045,0.1454844340595128,0.2797777578067555
google_earth,wave_vector_cross_mean,minor_axis_change_m_per_year,True,99,0.0134199134199134,0.8951135695387964,0.990887339991472
google_earth,wave_hs_p90,centroid_along_shift_normalized_per_year,False,99,-0.1487072180131836,0.1418306595717129,0.2797777578067555
google_earth,wave_hs_p90,centroid_cross_shift_normalized_per_year,True,99,-0.1931313187101081,0.0554541531648346,0.1386353829120865
google_earth,wave_hs_p90,gross_mobility_fraction_per_year,True,99,0.1110509722337407,0.2738238710169731,0.4026821632602545
google_earth,wave_hs_p90,major_axis_change_m_per_year,False,99,-0.0085000298506578,0.933452693531762,0.990887339991472
google_earth,wave_hs_p90,minor_axis_change_m_per_year,False,99,-0.0014042989636821,0.988993413582289,0.990887339991472
sentinel2,current_along_mean,centroid_along_shift_normalized_per_year,True,906,0.2670188332289802,2.9584222644820967e-16,1.8490139153013103e-15
sentinel2,current_along_mean,centroid_cross_shift_normalized_per_year,False,906,0.1089073769453872,0.0010258526239839,0.0032057894499496
sentinel2,current_along_mean,gross_mobility_fraction_per_year,False,906,0.0372738359365996,0.2623828649675337,0.3279785812094171
sentinel2,current_along_mean,major_axis_change_m_per_year,True,906,-0.1075244369356241,0.0011894371760412,0.00330399215567
sentinel2,current_along_mean,minor_axis_change_m_per_year,False,906,-0.0145495761322352,0.661851470995861,0.7521039443134783
sentinel2,current_cross_mean,centroid_along_shift_normalized_per_year,False,906,0.0515180209201444,0.1212442484155125,0.1897713672369163
sentinel2,current_cross_mean,centroid_cross_shift_normalized_per_year,False,906,0.314003520159592,3.5127561628479493e-22,8.781890407119873e-21
sentinel2,current_cross_mean,gross_mobility_fraction_per_year,False,906,0.0466077734250966,0.1610014925994605,0.2236131841659173
sentinel2,current_cross_mean,major_axis_change_m_per_year,False,906,-0.07411178013408,0.0256982974965853,0.0642457437414632
sentinel2,current_cross_mean,minor_axis_change_m_per_year,False,906,-0.0558653950223599,0.0928542117402884,0.1658110923933722
sentinel2,wave_vector_along_mean,centroid_along_shift_normalized_per_year,False,906,0.2365147475210694,5.522194968573794e-13,2.30091457023908e-12
sentinel2,wave_vector_along_mean,centroid_cross_shift_normalized_per_year,False,906,0.0246390920697495,0.4588625297356228,0.5462649163519319
sentinel2,wave_vector_along_mean,gross_mobility_fraction_per_year,False,906,0.0486780849002054,0.1431809909925918,0.2105602808714585
sentinel2,wave_vector_along_mean,major_axis_change_m_per_year,False,906,-0.0514890889857473,0.1214536750316264,0.1897713672369163
sentinel2,wave_vector_along_mean,minor_axis_change_m_per_year,False,906,0.0019631196903072,0.9529456913107248,0.97765396823318
sentinel2,wave_vector_cross_mean,centroid_along_shift_normalized_per_year,False,906,0.0652371956726184,0.04964510378894,0.1034272995602918
sentinel2,wave_vector_cross_mean,centroid_cross_shift_normalized_per_year,False,906,0.2818276914514889,5.281011345388928e-18,4.4008427878241066e-17
sentinel2,wave_vector_cross_mean,gross_mobility_fraction_per_year,False,906,0.2900823070779711,5.026138992728108e-19,6.282673740910137e-18
sentinel2,wave_vector_cross_mean,major_axis_change_m_per_year,False,906,0.0009318648507534,0.97765396823318,0.97765396823318
sentinel2,wave_vector_cross_mean,minor_axis_change_m_per_year,True,906,-0.0682831168084091,0.0398913968186734,0.0906622654969851
sentinel2,wave_hs_p90,centroid_along_shift_normalized_per_year,False,906,0.0024207346264023,0.941994536768582,0.97765396823318
sentinel2,wave_hs_p90,centroid_cross_shift_normalized_per_year,True,906,0.1430193317777084,1.5522016271701073e-05,5.5435772398932405e-05
sentinel2,wave_hs_p90,gross_mobility_fraction_per_year,True,906,-0.2615768493961895,1.221329655461463e-15,6.106648277307315e-15
sentinel2,wave_hs_p90,major_axis_change_m_per_year,False,906,-0.0387468251205641,0.2439783512817276,0.3210241464233259
sentinel2,wave_hs_p90,minor_axis_change_m_per_year,False,906,-0.0597567830542075,0.0722098480509783,0.1388650924057275
