sensor,driver,outcome,predefined_hypothesis,n,spearman_rho,two_sided_p_value,fdr_q_value
google_earth,current_along_mean,centroid_along_shift_normalized_per_year,True,118,0.0963884902070345,0.2991206861232521,0.3935798501621739
google_earth,current_along_mean,centroid_cross_shift_normalized_per_year,False,118,0.1861777305446298,0.0435326019455308,0.0972773888305493
google_earth,current_along_mean,gross_mobility_fraction_per_year,False,118,-0.2074910798739313,0.0241627340690108,0.0720688462982402
google_earth,current_along_mean,major_axis_change_m_per_year,True,118,-0.0480280769413371,0.605531174842036,0.6881036077750409
google_earth,current_along_mean,minor_axis_change_m_per_year,False,118,0.1870030932842498,0.0425936154767102,0.0972773888305493
google_earth,current_cross_mean,centroid_along_shift_normalized_per_year,False,118,-0.1340484042378359,0.1478472008969013,0.2464120014948355
google_earth,current_cross_mean,centroid_cross_shift_normalized_per_year,False,118,0.2781801116796132,0.0022877899301803,0.0133445001537164
google_earth,current_cross_mean,gross_mobility_fraction_per_year,False,118,0.1214050157220645,0.190328785265053,0.2973887269766453
google_earth,current_cross_mean,major_axis_change_m_per_year,False,118,0.183504431759666,0.0466931466386636,0.0972773888305493
google_earth,current_cross_mean,minor_axis_change_m_per_year,False,118,-0.0562232715772097,0.5453662452592293,0.649245530070511
google_earth,wave_vector_along_mean,centroid_along_shift_normalized_per_year,False,118,0.3688312352320329,3.9609593047500485e-05,0.0004951199130937
google_earth,wave_vector_along_mean,centroid_cross_shift_normalized_per_year,False,118,-0.1509646883525248,0.10272041263874,0.1834293082834644
google_earth,wave_vector_along_mean,gross_mobility_fraction_per_year,False,118,-0.2731987188617298,0.0027600882153913,0.0133445001537164
google_earth,wave_vector_along_mean,major_axis_change_m_per_year,False,118,-0.2704085545561119,0.0030614643260174,0.0133445001537164
google_earth,wave_vector_along_mean,minor_axis_change_m_per_year,False,118,0.2050149916550714,0.0259447846673664,0.0720688462982402
google_earth,wave_vector_cross_mean,centroid_along_shift_normalized_per_year,False,118,-0.013516227873157,0.8844996948241811,0.8844996948241811
google_earth,wave_vector_cross_mean,centroid_cross_shift_normalized_per_year,False,118,0.5130432877192599,2.8489066397977433e-09,7.122266599494359e-08
google_earth,wave_vector_cross_mean,gross_mobility_fraction_per_year,False,118,0.212260653935629,0.0210238381486912,0.0720688462982402
google_earth,wave_vector_cross_mean,major_axis_change_m_per_year,False,118,0.1615337138766849,0.0805468718578492,0.1548978304958638
google_earth,wave_vector_cross_mean,minor_axis_change_m_per_year,True,118,-0.0310898805415256,0.7382224323842641,0.8024156873742001
google_earth,wave_hs_p90,centroid_along_shift_normalized_per_year,False,118,-0.1082980556915506,0.2430764410063964,0.3574653544211713
google_earth,wave_hs_p90,centroid_cross_shift_normalized_per_year,True,118,-0.2691853959146466,0.0032026800368919,0.0133445001537164
google_earth,wave_hs_p90,gross_mobility_fraction_per_year,True,118,0.0969853506700742,0.2961242790812677,0.3935798501621739
google_earth,wave_hs_p90,major_axis_change_m_per_year,False,118,-0.087068013203717,0.3484940189664995,0.4356175237081244
google_earth,wave_hs_p90,minor_axis_change_m_per_year,False,118,0.0232646491061618,0.802539111206843,0.8359782408404614
sentinel2,current_along_mean,centroid_along_shift_normalized_per_year,True,925,0.2577009552819488,1.6938205609456581e-15,8.46910280472829e-15
sentinel2,current_along_mean,centroid_cross_shift_normalized_per_year,False,925,0.1028036664753727,0.0017437723909239,0.0054492887216374
sentinel2,current_along_mean,gross_mobility_fraction_per_year,False,925,0.0315305588754233,0.3381101715527246,0.4226377144409057
sentinel2,current_along_mean,major_axis_change_m_per_year,True,925,-0.0952100809120247,0.0037510482241362,0.0104195784003785
sentinel2,current_along_mean,minor_axis_change_m_per_year,False,925,-0.0013654292703968,0.9669197932741884,0.9669197932741884
sentinel2,current_cross_mean,centroid_along_shift_normalized_per_year,False,925,0.0565952359472877,0.085372767283858,0.1422879454730967
sentinel2,current_cross_mean,centroid_cross_shift_normalized_per_year,False,925,0.3097742605302001,5.063356660689925e-22,1.2658391651724811e-20
sentinel2,current_cross_mean,gross_mobility_fraction_per_year,False,925,0.0445749828826679,0.1755656560118881,0.2581847882527766
sentinel2,current_cross_mean,major_axis_change_m_per_year,False,925,-0.0751885811929008,0.0222006637571651,0.0555016593929128
sentinel2,current_cross_mean,minor_axis_change_m_per_year,False,925,-0.0567698718886623,0.0844112329073805,0.1422879454730967
sentinel2,wave_vector_along_mean,centroid_along_shift_normalized_per_year,False,925,0.2321417465261958,8.763777816116763e-13,3.651574090048651e-12
sentinel2,wave_vector_along_mean,centroid_cross_shift_normalized_per_year,False,925,0.0239503383779841,0.4668949156262751,0.5558272805074704
sentinel2,wave_vector_along_mean,gross_mobility_fraction_per_year,False,925,0.0454895093764816,0.1668629511302847,0.2581847882527766
sentinel2,wave_vector_along_mean,major_axis_change_m_per_year,False,925,-0.0426063481787023,0.1954385093583918,0.2714423741088775
sentinel2,wave_vector_along_mean,minor_axis_change_m_per_year,False,925,0.0124097652391388,0.706223817678489,0.8025270655437374
sentinel2,wave_vector_cross_mean,centroid_along_shift_normalized_per_year,False,925,0.0678558275534517,0.0390801115322291,0.0868235751597474
sentinel2,wave_vector_cross_mean,centroid_cross_shift_normalized_per_year,False,925,0.2832016235471959,1.6058927524810362e-18,1.3382439604008636e-17
sentinel2,wave_vector_cross_mean,gross_mobility_fraction_per_year,False,925,0.2856228913303132,7.975801276175704e-19,9.969751595219629e-18
sentinel2,wave_vector_cross_mean,major_axis_change_m_per_year,False,925,-0.0069272762145332,0.8333535268474784,0.8680765904661234
sentinel2,wave_vector_cross_mean,minor_axis_change_m_per_year,True,925,-0.0669832088406602,0.0416753160766787,0.0868235751597474
sentinel2,wave_hs_p90,centroid_along_shift_normalized_per_year,False,925,0.0106184699695477,0.7470583641249535,0.8120199610053843
sentinel2,wave_hs_p90,centroid_cross_shift_normalized_per_year,True,925,0.1344502791476028,4.091418106666195e-05,0.000146122075238
sentinel2,wave_hs_p90,gross_mobility_fraction_per_year,True,925,-0.2621110980022889,5.357490870793116e-16,3.348431794245697e-15
sentinel2,wave_hs_p90,major_axis_change_m_per_year,False,925,-0.0353862221633115,0.2823248675999679,0.3714800889473261
sentinel2,wave_hs_p90,minor_axis_change_m_per_year,False,925,-0.0609292468570402,0.0639818806602965,0.123042078192878
