sensor,outcome,n_background,n_pulse,median_background,median_pulse,mannwhitney_p_value,fdr_q_value
google_earth,gross_mobility_fraction_per_year,99,18,0.7196423880204912,0.8658460156024199,0.8888535326033109,0.957826974822963
google_earth,erosion_fraction_per_year,99,18,0.4097720159151193,0.43774277013354,0.957826974822963,0.957826974822963
google_earth,deposition_fraction_per_year,99,18,0.282124595538147,0.4113304311228511,0.5709960834647014,0.957826974822963
google_earth,centroid_along_shift_normalized_per_year,99,18,-0.0294902263516767,-0.0482761717641511,0.9367777554413352,0.957826974822963
google_earth,centroid_cross_shift_normalized_per_year,99,18,0.0396227136598922,-0.0269515104954141,0.0115066950192798,0.0575334750963992
sentinel2,gross_mobility_fraction_per_year,906,19,0.7850597991155045,0.5635951685393259,0.2378264900175161,0.6214733407529714
sentinel2,erosion_fraction_per_year,906,19,0.3210451254191045,0.2791038178848509,0.70551954689021,0.70551954689021
sentinel2,deposition_fraction_per_year,906,19,0.3107532915562659,0.238455931263858,0.3298645217358816,0.6214733407529714
sentinel2,centroid_along_shift_normalized_per_year,906,19,0.0011231576008988,-0.0035867071239047,0.4971786726023771,0.6214733407529714
sentinel2,centroid_cross_shift_normalized_per_year,906,19,0.0081647836522049,-0.0145203507751447,0.4808319728331437,0.6214733407529714
